Price,Close,High,Low,Open,Volume
Ticker,AAPL,AAPL,AAPL,AAPL,AAPL
Date,,,,,
2015-01-02,24.214889526367188,24.682221739158916,23.7763496768566,24.671146843393636,212818400
2015-01-05,23.5327205657959,24.064283533005238,23.34667445665828,23.984549003434232,257142000
2015-01-06,23.534936904907227,23.794073292366384,23.173916188735014,23.59695227731193,263188400
2015-01-07,23.864948272705078,23.964615594214823,23.632388936126123,23.743131155489024,160423600
2015-01-08,24.781890869140625,24.83947728974081,24.075355049974863,24.192743208450004,237458000
2015-01-09,24.8084774017334,25.08311768737601,24.40980465661307,24.954656281749184,214798000
2015-01-12,24.19717025756836,24.945786907555252,24.09750295530747,24.939142646043436,198603200
2015-01-13,24.412017822265625,24.983448143293007,24.121873715993303,24.680013820160088,268367600
2015-01-14,24.31899070739746,24.47181381263504,24.03106027700955,24.150662070103355,195826400
2015-01-15,23.658964157104492,24.376573158668013,23.623527530872572,24.36328463505503,240056000
2015-01-16,23.47513198852539,23.827293076803485,23.300159102999938,23.705475976187053,314053200
2015-01-20,24.079784393310547,24.13515549366684,23.58808875177998,23.8848770385896,199599600
2015-01-21,24.263620376586914,24.598060654669688,23.98011888215598,24.13072836459436,194303600
2015-01-22,24.894845962524414,24.910349802350176,24.301267725236684,24.42086949951762,215185600
2015-01-23,25.023311614990234,25.19385388237781,24.702158177998953,24.872702135178624,185859200
2015-01-26,25.04988670349121,25.328957536245927,24.983442393649014,25.191636592238247,222460000
2015-01-27,24.172805786132812,24.912564515082877,24.14844236845593,24.899274302846184,382274800
2015-01-28,25.539363861083984,26.161736131199586,25.539363861083984,26.053207566037766,585908400
2015-01-29,26.334501266479492,26.398731959324124,25.594742329744967,25.763070983758755,337745600
2015-01-30,25.949121475219727,26.57813656277163,25.88046014004039,26.223761746559823,334982000
2015-02-02,26.274700164794922,26.39430197270769,25.709915821075615,26.146240465741013,250956400
2015-02-03,26.27912139892578,26.37657337474587,26.04877744643813,26.24589840475889,207662800
2015-02-04,26.48067283630371,26.691084018363664,26.20381735184991,26.245899926220257,280598800
2015-02-05,26.6696834564209,26.73416763569182,26.51625552310522,26.687470850061043,168984800
2015-02-06,26.445098876953125,26.738612055777654,26.338366040807443,26.687468849685565,174826400
2015-02-09,26.620763778686523,26.647445716847848,26.333921068225507,26.3606047028478,155559200
2015-02-10,27.132192611694336,27.1611003122186,26.718607222380253,26.72082958668112,248034000
2015-02-11,27.768131256103516,27.77702580044334,27.23891859134053,27.298954645058252,294247200
2015-02-12,28.119462966918945,28.34626964549883,27.921563986537944,28.030519204661367,297898000
2015-02-13,28.257320404052734,28.301791428327864,27.93934766074915,28.301791428327864,217088800
2015-02-17,28.42408561706543,28.657562705494083,28.22173858089918,28.348482849813436,252609600
2015-02-18,28.621990203857422,28.635331172766996,28.339593921224484,28.379618524414152,179566800
2015-02-19,28.56195068359375,28.69091902994298,28.535268747425526,28.568621167635808,149449600
2015-02-20,28.795433044433594,28.795433044433594,28.47301381634293,28.599756429130103,195793600
2015-02-23,29.573684692382812,29.573684692382812,28.831008011401682,28.91105721846636,283896400
2015-02-24,29.38912582397461,29.707100278847857,29.16676729911174,29.560342838137128,276912400
2015-02-25,28.637556076049805,29.262386449737566,28.495246740191888,29.253490207727708,298846800
2015-02-26,29.0,29.10006066310566,28.152814516558337,28.637554498809845,365150000
2015-02-27,28.564172744750977,29.033349288232394,28.51525360615699,28.90660332198763,248059200
2015-03-02,28.70425796508789,28.968865123087966,28.52859624288527,28.739836139406872,192386800
2015-03-03,28.764301300048828,28.799879481281902,28.481905000009753,28.67535923988826,151265200
2015-03-04,28.58196258544922,28.80876922521292,28.533046832678362,28.706486206344213,126665200
2015-03-05,28.108341217041016,28.628659337495048,27.96380784031683,28.59085879639421,226068400
2015-03-06,28.150596618652344,28.76652915478048,28.07499551379345,28.550841055153878,291368400
2015-03-09,28.27066421508789,28.81099722348831,27.808158051686863,28.452998147289698,354114000
2015-03-10,27.68585777282715,28.288449114325243,27.527983438763286,28.10833926918182,275426400
2015-03-11,27.181116104125977,27.743683117911466,27.15221009545352,27.739236692139382,275756000
2015-03-12,27.672523498535156,27.772585873420383,27.045472395807206,27.19667629203401,193450800
2015-03-13,27.481294631958008,27.883764794029116,27.256713699508314,27.661406225809525,207309200
2015-03-16,27.783700942993164,27.783700942993164,27.321196435001667,27.54577735550877,143497200
2015-03-17,28.248424530029297,28.310684639667738,27.939346345423655,27.99493597138094,204092400
2015-03-18,28.5664005279541,28.71982845602437,28.09944795575962,28.23953321847968,261083600
2015-03-19,28.35071563720703,28.739843106737325,28.328480121097527,28.62866382972867,183238000
2015-03-20,27.994943618774414,28.550838333740565,27.830398756001053,28.517485906223897,274780400
2015-03-23,28.286230087280273,28.42853941926363,28.132802149548414,28.266218632686233,150838800
2015-03-24,28.170602798461914,28.470784779166674,28.14169510373466,28.290676608620394,131369200
2015-03-25,27.434600830078125,28.199514883696004,27.434600830078125,28.137254753092005,206620800
2015-03-26,27.625825881958008,27.76813521878184,27.261157994289306,27.29673617672582,190291600
2015-03-27,27.405696868896484,27.72811615347539,27.330095760801022,27.69921014681444,158184800
2015-03-30,28.09945297241211,28.106123458047634,27.572462553209395,27.58358116024277,188398800
2015-03-31,27.668073654174805,28.126131711225387,27.652508623977777,28.037187954473346,168362400
2015-04-01,27.6280517578125,27.821504320484593,27.37233906824674,27.754796072263535,162485600
2015-04-02,27.86597442626953,27.919340005191067,27.614709866405345,27.801490240861305,128880400
2015-04-06,28.317363739013672,28.35294192475229,27.645841599579253,27.67697166386991,148776000
2015-04-07,28.01940155029297,28.488576533226613,28.012731065181562,28.38184537852191,140049200
2015-04-08,27.9282283782959,28.10611586399861,27.788143128416046,27.983818005520398,149316800
2015-04-09,28.141691207885742,28.146139327902286,27.71921141519314,27.983816876512904,129936000
2015-04-10,28.261775970458984,28.286235550661125,27.85263698609843,28.006063257002946,160752000
2015-04-13,28.206180572509766,28.588639230734085,28.152814997705434,28.544164808218575,145460400
2015-04-14,28.08388900756836,28.30402352421156,27.997169298088878,28.239539333182478,102098400
2015-04-15,28.190616607666016,28.268441760625606,28.01940127115491,28.108345030163488,115881600
2015-04-16,28.054977416992188,28.261770933185833,28.04163644706391,28.07943699283474,113476000
2015-04-17,27.73923110961914,28.04830938065471,27.67474692190119,27.917118641010806,207828000
2015-04-20,28.372949600219727,28.488575295536634,27.832618275676225,27.921562031706713,188217200
2015-04-21,28.219526290893555,28.50636734678086,28.16615901385577,28.484133526040274,129740400
2015-04-22,28.599761962890625,28.65535161272857,28.08833820225842,28.237318056673356,150618000
2015-04-23,28.833229064941406,28.999997956003867,28.493020798607734,28.528598976335616,183083600
2015-04-24,28.96886444091797,29.046691271292865,28.73538734271465,29.01556121772718,178103600
2015-04-27,29.495861053466797,29.602595603096105,29.162323219950373,29.420259958837757,387816800
2015-04-28,29.031129837036133,29.916115857851434,28.810997058474765,29.89833016079196,475696000
2015-04-29,28.60420036315918,29.26015732972162,28.5285992793757,28.942186269320725,253544400
2015-04-30,27.828174591064453,28.60420550349986,27.701430277592415,28.60420550349986,332781600
2015-05-01,28.673126220703125,28.93551099968801,27.861519100303585,28.039404872031163,234050400
2015-05-04,28.617542266845703,29.033355027085868,28.519703970318606,28.795429770265706,203953200
2015-05-05,27.972705841064453,28.561954632389803,27.968257720114217,28.495246389824892,197085600
2015-05-06,27.797040939331055,28.183944315277262,27.43014901723643,28.141695650753707,288564000
2015-05-07,27.96897315979004,28.152068713553735,27.69209562693978,27.85956113478025,175763600
2015-05-08,28.49593162536621,28.49593162536621,28.158767256911965,28.286040975612977,222201600
2015-05-11,28.20566177368164,28.48253764789053,28.051592936345216,28.444579202141632,168143200
2015-05-12,28.105180740356445,28.330699748396363,27.8707283299041,28.044892198904186,192640000
2015-05-13,28.136444091796875,28.399923276401505,28.105183993924086,28.167704189669664,138776800
2015-05-14,28.792898178100586,28.792898178100586,28.393215389059556,28.449037217015196,180814000
2015-05-15,28.752717971801758,28.913485164093117,28.62767757937407,28.819704869772348,152832000
2015-05-18,29.069780349731445,29.18812237147555,28.661164094483212,28.66563079542484,203531600
2015-05-19,29.042987823486328,29.223850035423112,28.946972489400906,29.181424892950112,178532800
2015-05-20,29.04075050354004,29.246174444717788,28.879983348341042,29.027353808455853,145819600
2015-05-21,29.337730407714844,29.391320608548444,28.989402620034507,29.042992820868108,158921600
2015-05-22,29.59450340270996,29.690518733383474,29.33995596401194,29.38461615898261,182384000
2015-05-26,28.9425048828125,29.67712216380999,28.83086120910056,29.607903631243715,282790400
2015-05-27,29.48285675048828,29.531980234316904,29.038517156439617,29.10326898125325,183332800
2015-05-28,29.424800872802734,29.462759305920756,29.272967140330646,29.442664266110135,122933200
2015-05-29,29.089868545532227,29.35111427205998,29.00501828308785,29.301990794549422,203538000
2015-06-01,29.147933959960938,29.337729601489205,29.038525321021584,29.08988046597465,128451200
2015-06-02,29.018421173095703,29.17472161334342,28.875517426712925,28.99609107859143,134670400
2015-06-03,29.054147720336914,29.237244975360273,29.00502423274989,29.1747247924485,123934000
2015-06-04,28.884450912475586,29.156861744311495,28.783972289246318,28.93357440064891,153800400
2015-06-05,28.72591781616211,28.95813858108162,28.661165980173738,28.915713437081244,142507200
2015-06-08,28.5361270904541,28.85096310562746,28.319538065016676,28.781741157699003,210699200
2015-06-09,28.451271057128906,28.59864151199639,28.049354886989374,28.29050390765424,224301600
2015-06-10,28.77727508544922,28.879985359644007,28.54728768135469,28.5629177278905,156349200
2015-06-11,28.712514877319336,29.067540888725446,28.687953136506042,28.84425357482062,141563600
2015-06-12,28.395450592041016,28.654464723898236,28.38205389678882,28.623204632611635,147544800
2015-06-15,28.33963394165039,28.411085835312466,28.06945641550481,28.156538357669604,175955600
2015-06-16,28.491466522216797,28.547288361681776,28.216824026035603,28.364192796378532,125976400
2015-06-17,28.424480438232422,28.55398580700036,28.299438363372378,28.518260716716984,131672400
2015-06-18,28.55398941040039,28.650003051502733,28.406620626119764,28.408853976902844,141628800
2015-06-19,28.268186569213867,28.540597489728643,28.22352976736296,28.51603573764631,218867600
2015-06-22,28.493703842163086,28.594182485778497,28.375361798579018,28.4669087422101,136157200
2015-06-23,28.36419105529785,28.49369812375843,28.330697612965324,28.464671382295435,121075600
2015-06-24,28.605342864990234,28.982699035849468,28.384288863009008,28.404383907031253,221123600
2015-06-25,28.469139099121094,28.848726939023745,28.469139099121094,28.772810052462177,127752400
2015-06-26,28.30167007446289,28.578545896423,28.248081590368365,28.5070940164479,176267200
2015-06-29,27.805971145629883,28.23914911428784,27.79480780117253,28.013628432264692,196645600
2015-06-30,28.006935119628906,28.161003951342472,27.879661385814753,28.038195215404492,177482800
2015-07-01,28.268186569213867,28.344105176617756,28.131981108956477,28.335173475538017,120955200
2015-07-02,28.232452392578125,28.28827422872065,28.082848577020254,28.230219042139197,108844000
2015-07-06,28.13420867919922,28.185565523968155,27.87742786244942,27.897524611636374,112241600
2015-07-07,28.064983367919922,28.167695329127827,27.636270425362397,28.10964014982004,187787200
2015-07-08,27.36833381652832,27.830538620225102,27.361635467764923,27.794813525637824,243046400
2015-07-09,26.810115814208984,27.70103198892368,26.620321880745106,27.65414184325949,314380000
2015-07-10,27.526865005493164,27.654138730411738,27.064660246204934,27.227660765825657,245418000
2015-07-13,28.058290481567383,28.080618876862893,27.759084533255947,27.91761835446566,165762000
2015-07-14,28.047121047973633,28.21681989207839,27.91984734078184,28.143134665928642,127072400
2015-07-15,28.317302703857422,28.390987940927992,28.040426856633054,28.07168695050287,134596800
2015-07-16,28.694652557373047,28.70805265866787,28.43564014939327,28.522722068791797,144889600
2015-07-17,28.9425048828125,28.9425048828125,28.649999002822348,28.821931214325204,184658800
2015-07-20,29.48955535888672,29.69051256613425,29.183649440933447,29.243937965945232,235600800
2015-07-21,29.194826126098633,29.67935935161535,29.098814184187123,29.663731006067156,307025600
2015-07-22,27.960041046142578,28.02256122890645,27.238822186865725,27.238822186865725,461802400
2015-07-23,27.946651458740234,28.37759450004592,27.924321356176137,28.178868852768506,203998000
2015-07-24,27.799272537231445,28.076148348962484,27.665300480171084,27.98236807937494,168649200
2015-07-27,27.41298484802246,27.60054709170659,27.26784944586523,27.48443672572424,177822000
2015-07-28,27.5491943359375,27.667538069746648,27.3638671186555,27.5491943359375,134472400
2015-07-29,27.462114334106445,27.575991374671265,27.301347148261407,27.49784113253757,148046800
2015-07-30,27.323673248291016,27.368330036243712,27.176302781662045,27.31250819952921,134513200
2015-07-31,27.084758758544922,27.38396301770405,26.997676820219656,27.37503131844666,171540000
2015-08-03,26.446149826049805,27.36832581299391,26.240724203944076,27.12940845686545,279904000
2015-08-04,25.59765625,26.280914851253925,25.287287035473092,26.21839467905382,496554400
2015-08-05,25.767362594604492,26.22286902951498,25.030513599165996,25.22030752115851,397250400
2015-08-06,25.823429107666016,26.13071799542475,25.596889351141915,26.011840324697488,211612000
2015-08-07,25.910907745361328,26.07464606067443,25.682124507072878,25.700068760225193,154681600
2015-08-10,26.852964401245117,26.913524125357984,26.137453032004053,26.137453032004053,219806400
2015-08-11,25.455589294433594,26.507547865105497,25.4197024905373,26.42455695725377,388331200
2015-08-12,25.848106384277344,25.88848010107389,24.58979420725311,25.2402588839715,404870000
2015-08-13,25.827917098999023,26.108289621325852,25.691095171202885,26.027542197995082,194143200
2015-08-14,26.009599685668945,26.088103654920044,25.572219206085563,25.64175104867108,171718000
2015-08-17,26.27876091003418,26.38866647768475,25.90642531782848,26.027546472717383,163538800
2015-08-18,26.130720138549805,26.341560831476333,26.020814584501316,26.115019345114305,138242800
2015-08-19,25.79652214050293,26.135211002376796,25.72250336489135,26.041006221375795,193146000
2015-08-20,25.267179489135742,25.64848554719514,25.038394485293242,25.587925817506584,274006400
2015-08-21,23.721757888793945,25.09894752586456,23.697084970926394,24.769229179141824,513102000
2015-08-24,23.129613876342773,24.40362677759417,20.63541912283421,21.27915509630601,648825200
2015-08-25,23.26868438720703,24.921761998296493,23.21485332242341,24.921761998296493,414406400
2015-08-26,24.603254318237305,24.648113244948537,23.56251147495979,24.020078003441117,387098400
2015-08-27,25.32773780822754,25.399513122615115,24.67727305900723,25.17297330263905,338464400
2015-08-28,25.410722732543945,25.415207939962393,25.01820119999396,25.159508335659048,212657600
2015-08-31,25.291851043701172,25.688857877651053,25.12138403005911,25.12811269840866,224917200
2015-09-01,24.16138458251953,25.09446351743567,24.080637153090667,24.706428875535263,307383600
2015-09-02,25.19764518737793,25.19764518737793,24.47764856445594,24.724377818540738,247555200
2015-09-03,24.755775451660156,25.296332841717195,24.681756687277375,25.23128620434368,212935600
2015-09-04,24.509044647216797,24.773716387417842,24.338579378873042,24.441756265899464,199985200
2015-09-08,25.19091033935547,25.246984844935913,24.744557754087413,25.06530399445787,219374400
2015-09-09,24.70643424987793,25.574466738172337,24.621199882907593,25.516150468544666,340043200
2015-09-10,25.24922752380371,25.408478909378395,24.65035223341905,24.73334140390754,251571200
2015-09-11,25.617076873779297,25.617076873779297,25.067547404671917,25.074276071527077,199662000
2015-09-14,25.863807678222656,26.218199009025287,25.762874239912513,26.148667160912005,233453600
2015-09-15,26.08137321472168,26.13744771912597,25.664178765053123,26.00286925080729,173364800
2015-09-16,26.110538482666016,26.139696614967626,25.892969086526172,26.074649970979333,148694000
2015-09-17,25.552030563354492,26.12847641838841,25.50717164291733,25.94231035844189,256450400
2015-09-18,25.446611404418945,25.63726610331166,25.0922218094221,25.16848231997262,297141200
2015-09-21,25.84137725830078,25.877265766487003,25.493716319352583,25.49595806767053,200888000
2015-09-22,25.435400009155273,25.61035221983528,25.238016623765834,25.43091308971004,201384800
2015-09-23,25.641752243041992,25.73147180261867,25.412968991816815,25.486986045553678,143026800
2015-09-24,25.794269561767578,25.906418559862217,25.20436644784261,25.401748068436333,200878000
2015-09-25,25.72922706604004,26.173337922710438,25.57446087623308,26.117263414665388,224607600
2015-09-28,25.220067977905273,25.69782210773061,25.220067977905273,25.536327271942337,208436000
2015-09-29,24.46194839477539,25.46007589130481,24.192791379564408,25.307553126349635,293461600
2015-09-30,24.74007797241211,25.018207101936135,24.387930068586687,24.710918127909963,265892000
2015-10-01,24.57857894897461,24.587551075675574,24.069421454058606,24.46418647261006,255716400
2015-10-02,24.758024215698242,24.8993331170644,24.123261879057416,24.226438802014084,232079200
2015-10-05,24.847734451293945,24.980071173318276,24.464185041372186,24.645865890477733,208258800
2015-10-06,24.966615676879883,25.06306390790795,24.621196470669094,24.814092932725227,192787200
2015-10-07,24.847734451293945,25.069789012562733,24.540447258239688,25.063060345745207,187062400
2015-10-08,24.560638427734375,24.715404642141984,24.271293714878546,24.715404642141984,247918400
2015-10-09,25.14829444885254,25.184181241956313,24.55838956502569,24.672782033606488,211064400
2015-10-12,25.031661987304688,25.289605086536547,24.99577518923133,25.285119878499245,121868800
2015-10-13,25.074281692504883,25.222317530278357,24.825310695502758,24.856712288704962,132197200
2015-10-14,24.719886779785156,25.013716664543725,24.57409271155276,24.962129073655152,177849600
2015-10-15,25.089977264404297,25.14380831136145,24.782688353476704,24.881380032279928,150694000
2015-10-16,24.906055450439453,25.121381371126688,24.79166296682932,25.072035526774933,156930400
2015-10-19,25.060819625854492,25.0653048334975,24.697456201477024,24.852222389662305,119036800
2015-10-20,25.518394470214844,25.608114053824306,24.85671574970517,24.973350010516363,195871200
2015-10-21,25.516143798828125,25.92436613580862,25.50268475367488,25.569974845666728,167180800
2015-10-22,25.90641975402832,25.90641975402832,25.592402202636986,25.643991497092028,166616400
2015-10-23,26.709413528442383,26.743058579861522,26.092593860372293,26.175583047779984,237467600
2015-10-26,25.857072830200195,26.496321779641917,25.77632541434883,26.485107906542396,265335200
2015-10-27,25.693342208862305,26.13969484741818,25.56773413771088,25.883995208345304,279537600
2015-10-28,26.75202178955078,26.758752167028206,26.03202541268124,26.227165289335915,342205600
2015-10-29,27.03464698791504,27.07053550169343,26.527732853975635,26.624181095681912,204909200
2015-10-30,26.803617477416992,27.18941040444977,26.792401890203436,27.1378210990291,197461200
2015-11-02,27.18043327331543,27.220806984090192,26.828285461491465,27.09520064446117,128813200
2015-11-03,27.492206573486328,27.69856032865356,27.072768685503767,27.092956395932074,182076000
2015-11-04,27.364368438720703,27.7725909158316,27.279135776030284,27.61782467787867,179544400
2015-11-05,27.23821449279785,27.63692237202805,27.0715239466286,27.44770463648238,158210800
2015-11-06,27.26974868774414,27.43869228536737,27.170636279108386,27.281012281685616,132169200
2015-11-09,27.15937614440918,27.43869578018609,27.042242657981237,27.247226688875976,135485600
2015-11-10,26.303396224975586,26.596232538644294,26.143463127646314,26.332680887492543,236511600
2015-11-11,26.15472984313965,26.44981753636232,25.951997118619467,26.213297456575184,180872000
2015-11-12,26.066871643066406,26.314655247715674,26.05110364236827,26.18851124213056,130102400
2015-11-13,25.30550193786621,26.03308658156117,25.289733934743825,25.949740440152322,183249600
2015-11-16,25.719974517822266,25.733489456288183,25.00365356321389,25.0892510378034,152426800
2015-11-17,25.60959815979004,25.915949363767915,25.526252030363505,25.8866647060483,110467600
2015-11-18,26.4205322265625,26.46558317527937,26.01731987678746,26.075887484986215,186698800
2015-11-19,26.75616455078125,26.97466524569888,26.301143813878102,26.499370380292167,173183200
2015-11-20,26.8732967376709,27.01295568430863,26.771929543716215,26.850769548847712,137148400
2015-11-23,26.52414321899414,26.9701550458595,26.431786566305384,26.86653479991205,129930000
2015-11-24,26.778690338134766,26.884561951850607,26.382237200649325,26.42954120960213,171212800
2015-11-25,26.58722496032715,26.857535830351882,26.562446420943623,26.85302970396378,85553200
2015-11-27,26.53765869140625,26.672814938905013,26.49035469221491,26.645783345688645,52185600
2015-11-30,26.648040771484375,26.89807746428209,26.524148097185197,26.578209573886948,156721200
2015-12-01,26.431787490844727,26.762917208669343,26.32366455354471,26.749402271152615,139409600
2015-12-02,26.193017959594727,26.605240795250975,26.14796701607765,26.43179105368523,133546400
2015-12-03,25.949735641479492,26.3078969584324,25.728983638588,26.253835488950443,166278000
2015-12-04,26.812477111816406,26.862034179405825,25.92946558311689,25.970012118546116,231108000
2015-12-07,26.64353370666504,26.9994419961202,26.53766210119315,26.80121544281288,128336800
2015-12-08,26.632274627685547,26.71561905204534,26.32367031108492,26.472339812035365,137238000
2015-12-09,26.044357299804688,26.510641769462186,25.922717648774395,26.499378170473044,185445600
2015-12-10,26.168230056762695,26.341679736232816,26.019560621513882,26.138947125818326,116850800
2015-12-11,25.49471092224121,25.992531099349584,25.42037533941859,25.94748016838107,187544800
2015-12-14,25.337034225463867,25.382085162264787,24.731089329567933,25.269456101679406,257274800
2015-12-15,24.88877296447754,25.40912046906789,24.857236960391255,25.215398319061666,213292400
2015-12-16,25.08024024963379,25.22665838298991,24.508086091703493,25.019421308575538,224954000
2015-12-17,24.548625946044922,25.285219100410544,24.548625946044922,25.233408986611916,179091200
2015-12-18,23.884122848510742,24.670273359488462,23.834565777468676,24.53286746057647,385813200
2015-12-21,24.17696189880371,24.185972432616467,23.780507003960455,24.165698301891865,190362400
2015-12-22,24.154434204101562,24.264810225644474,23.978731388772907,24.192727680349428,131157600
2015-12-23,24.465290069580078,24.519351549372036,24.147675223812477,24.163443227026107,130629600
2015-12-24,24.334638595581055,24.553139284369426,24.316617530435273,24.553139284369426,54281600
2015-12-28,24.062070846557617,24.25804601773121,23.917905796010245,24.235518832234526,106816800
2015-12-29,24.49457550048828,24.650004204080133,24.071090715043937,24.093616190696064,123724800
2015-12-30,24.17470359802246,24.485559213586477,24.143167595802193,24.458529336588093,100855200
2015-12-31,23.710674285888672,24.10938047094601,23.611560146030712,24.104876063944907,163649200
2016-01-04,23.730953216552734,23.735459343375492,22.976338520621635,23.113746172790492,270597600
2016-01-05,23.13626480102539,23.843575267401853,23.068688385946427,23.821049795708866,223164000
2016-01-06,22.68349838256836,23.059680854996756,22.49653539645649,22.65196237437679,273829600
2016-01-07,21.726152420043945,22.555102654007786,21.72164801227934,22.228478955688608,324377600
2016-01-08,21.84103012084961,22.325335489351968,21.795979178070308,22.19919147470328,283192000
2016-01-11,22.194684982299805,22.31407152541594,21.92662723702021,22.29379911707544,198957600
2016-01-12,22.516801834106445,22.68124102054957,22.264512116925367,22.649705020724824,196616800
2016-01-13,21.937894821166992,22.793876624144982,21.91762240914001,22.597901381632845,249758400
2016-01-14,22.417692184448242,22.63394153867265,21.566216582054608,22.0662899913546,252680400
2016-01-15,21.87932777404785,22.00997793908476,21.480621526671204,21.669837584793374,319335600
2016-01-19,21.773456573486328,22.22171987191926,21.51215625892898,22.167658389749423,212350800
2016-01-20,21.802734375,22.11809609733299,21.043613866354963,21.422047589437927,289337600
2016-01-21,21.692363739013672,22.048270362500734,21.38601247224195,21.86355872093986,208646000
2016-01-22,22.84568214416504,22.854692676782985,22.15864578823454,22.21721167237613,263202000
2016-01-25,22.399673461914062,22.870462222533124,22.34786332551053,22.868209159580758,207178000
2016-01-26,22.523563385009766,22.72404301390903,22.09106812167091,22.51004844508774,300308000
2016-01-27,21.043621063232422,21.76669969383574,21.02559999440265,21.63379817802954,533478800
2016-01-28,21.194541931152344,21.29140302003716,20.811603701747394,21.126965506389833,222715200
2016-01-29,21.92662811279297,21.92662811279297,21.25310670655269,21.35222084528705,257666000
2016-02-01,21.721647262573242,21.784719280602793,21.48963160257156,21.73065779637512,163774000
2016-02-02,21.282386779785156,21.633788877984557,21.2373341270782,21.49412823246745,149428800
2016-02-03,21.70362091064453,21.81399691532227,21.192285701617187,21.399522772852215,183857200
2016-02-04,21.878015518188477,22.0433470401719,21.558678918068512,21.71042043534473,185886800
2016-02-05,21.293691635131836,21.95048530071671,21.21895439813523,21.859892773065564,185672400
2016-02-08,21.51790428161621,21.674174589855877,21.071737596544722,21.092120004090088,216085600
2016-02-09,21.51338005065918,21.72853754079699,21.273311297699493,21.35484440774409,177324800
2016-02-10,21.350311279296875,21.821391030393816,21.311810017462367,21.724004367695013,169374400
2016-02-11,21.221220016479492,21.452231070787203,20.96982654862582,21.24160415793437,200298800
2016-02-12,21.286893844604492,21.402399340733933,21.064944004255242,21.332190964610376,161405600
2016-02-16,21.88707733154297,21.934638033430748,21.427322152051858,21.520178266811072,196231600
2016-02-17,22.222265243530273,22.24264765726417,21.77609842299308,21.893867511909757,179452800
2016-02-18,21.801008224487305,22.396651175658235,21.762505235441324,22.38532646219024,156084000
2016-02-19,21.75118064880371,21.914246834451163,21.696825829557408,21.742121224277902,141496800
2016-02-22,21.94143295288086,21.94596353107467,21.724011853129117,21.8123391209061,137123200
2016-02-23,21.445430755615234,21.855359748221122,21.413723636182095,21.83271205261294,127770400
2016-02-24,21.764768600463867,21.828182843300198,21.135153292433845,21.284631203041073,145022800
2016-02-25,21.914249420166016,21.914249420166016,21.572263447576336,21.753448503653868,110330800
2016-02-26,21.948223114013672,22.199614845314983,21.873484144430357,22.013900929565107,115964400
2016-02-29,21.898393630981445,22.247173705330145,21.889334206307748,21.93689488991322,140865200
2016-03-01,22.768083572387695,22.82243840662474,22.063729104403325,22.115820377816053,201628400
2016-03-02,22.817909240722656,22.84961637091377,22.56651575998669,22.763554407239177,132678400
2016-03-03,22.98776626586914,23.03532695424258,22.7499610960932,22.779404661211583,147822800
2016-03-04,23.329755783081055,23.497350862041575,22.958327917325843,23.184808407562386,184220400
2016-03-07,23.071563720703125,23.288984742123198,22.865465684869566,23.18933279267324,143315600
2016-03-08,22.881319046020508,23.04665053089118,22.73863698794127,22.824698934859256,126247600
2016-03-09,22.901704788208008,23.005885592690777,22.70919501445261,22.944734900725788,108806800
2016-03-10,22.913028717041016,23.155362750632587,22.68201939810401,22.96738527389231,134054400
2016-03-11,23.159893035888672,23.16442188494813,22.987767397179063,23.15536245892038,109632800
2016-03-14,23.218778610229492,23.307107589239525,23.051183534795303,23.080627103768308,100304400
2016-03-15,23.685325622558594,23.821213545524536,23.519994135545762,23.544907123012198,160270800
2016-03-16,24.000133514404297,24.077136037852313,23.687589388175116,23.692119964794824,153214000
2016-03-17,23.961639404296875,24.1133809360807,23.771394871388694,23.89822340805467,137682800
2016-03-18,23.988807678222656,24.120166747508094,23.823477925422555,24.083929047880954,176820800
2016-03-21,23.986547470092773,24.380623005113264,23.812156540105804,23.991076319224767,142010800
2016-03-22,24.169998168945312,24.299091979127244,23.82801214523532,23.837071572184282,129777600
2016-03-23,24.03636932373047,24.249261497777155,23.98427978832034,24.1156388628559,102814000
2016-03-24,23.93219566345215,24.06355477716926,23.755541137788754,23.886900251505864,104532000
2016-03-28,23.823482513427734,24.049962995987833,23.79403894483319,24.00693115137055,77645600
2016-03-29,24.38741111755371,24.412324101396788,23.75326526539828,23.755530553359044,124760400
2016-03-30,24.81319808959961,25.007971419075243,24.595777060212356,24.607101774122537,182404400
2016-03-31,24.68410301208496,24.890201044722406,24.659190025108817,24.849434495844047,103553600
2016-04-01,24.910581588745117,24.912846876821035,24.50518141858237,24.63654048044911,103496000
2016-04-04,25.166513442993164,25.408847505611973,24.974003638259468,25.007976058383598,149424800
2016-04-05,24.869815826416016,25.078179138251425,24.781488595666413,24.801872733174786,106314800
2016-04-06,25.130273818969727,25.134804396192514,24.73166769090215,24.964944036425578,105616400
2016-04-07,24.58218765258789,25.00797026618707,24.48706628059903,24.901524180810107,127207600
2016-04-08,24.6093692779541,24.86076101588604,24.4983926009516,24.66598939678476,94326800
2016-04-11,24.69090461730957,25.05100952930948,24.647874495078657,24.67958162847372,117630000
2016-04-12,25.012502670288086,25.026090945019725,24.609367726100686,24.76337278081606,108929200
2016-04-13,25.374876022338867,25.442819137186543,25.094040679568387,25.094040679568387,133029200
2016-04-14,25.388458251953125,25.454137790196775,25.21406906468522,25.27974860292887,101895600
2016-04-15,24.878883361816406,25.43376164101183,24.851706806823568,25.390729791727644,187756000
2016-04-18,24.342121124267578,24.675045956179787,24.219821465889925,24.661457681218543,243286000
2016-04-19,24.21302604675293,24.459888910995492,24.059019269678462,24.4327106346028,129539600
2016-04-20,24.262855529785156,24.480276604110284,24.020521462035465,24.151880567745156,122444000
2016-04-21,24.000133514404297,24.217554538615328,23.89821627536529,24.217554538615328,126210000
2016-04-22,23.934452056884766,24.11563709314863,23.69438335255742,23.7827105825612,134732400
2016-04-25,23.798564910888672,23.92765869181828,23.669471129959064,23.780446061096434,112126400
2016-04-26,23.633237838745117,23.848395332367442,23.53358760211703,23.53358760211703,224064800
2016-04-27,22.15432357788086,22.355891094992916,21.6696554212396,21.742129115842708,458408400
2016-04-28,21.477142333984375,22.16790669694198,21.345783253113265,22.106757733313717,328970800
2016-04-29,21.23027801513672,21.45222962808324,20.951708014622803,21.286898130612904,274126000
2016-05-02,21.20763397216797,21.30728594552366,20.92679863478541,21.282372952184737,192640400
2016-05-03,21.556413650512695,21.683242175177742,21.21669290695213,21.334462004439807,227325200
2016-05-04,21.332197189331055,21.719478606870442,21.248398788799193,21.56094123245143,164102000
2016-05-05,21.24561309814453,21.43473684522037,21.118012371649755,21.418786754408522,143562000
2016-05-06,21.12712860107422,21.29346502698993,20.928890252623656,21.27523759209386,174799600
2016-05-09,21.143075942993164,21.366377202684173,21.097503015606634,21.190926212926954,131745600
2016-05-10,21.286623001098633,21.320802256007195,20.988127767650703,21.26611649121097,134747200
2016-05-11,21.079265594482422,21.320795910676736,21.067871933427423,21.30028940689206,114876400
2016-05-12,20.58481788635254,21.14079539282424,20.386581315893334,21.12712438477307,305258800
2016-05-13,20.62582778930664,20.887866391934395,20.507341691111154,20.507341691111154,177571200
2016-05-16,21.39143943786621,21.507648216408324,20.883313959085207,21.051929425106646,245039200
2016-05-17,21.302576065063477,21.5782857465761,21.193204520187564,21.54410822532073,187667600
2016-05-18,21.546388626098633,21.69449761346896,21.393723214723966,21.455246238574993,168249600
2016-05-19,21.464351654052734,21.56461033172737,21.320800878824148,21.56461033172737,121768400
2016-05-20,21.6967716217041,21.744621885494894,21.53726900397226,21.564612756893798,128104000
2016-05-23,21.97248077392578,22.14565439493188,21.79930715291968,21.84488007341032,152074400
2016-05-24,22.307435989379883,22.350728093988742,22.065903839115222,22.152491525191518,140560800
2016-05-25,22.699350357055664,22.726692368008063,22.35528223232984,22.48288291925164,152675200
2016-05-26,22.879362106323242,22.95227704133742,22.476050013878265,22.713023987281645,225324800
2016-05-27,22.865690231323242,22.893033984905465,22.615045241321894,22.65833908321977,145364800
2016-05-31,22.754037857055664,22.877082131035774,22.51706389291943,22.694793931414328,169228800
2016-06-01,22.435033798217773,22.6811223398301,22.405412705375742,22.56263449160384,116693200
2016-06-02,22.266422271728516,22.293764288884326,22.018054605843872,22.23907851614333,160766400
2016-06-03,22.31199073791504,22.39174117560807,22.2048965479719,22.28236964346596,114019600
2016-06-06,22.473766326904297,23.216588270279274,22.2276795581887,22.32793648676586,93170000
2016-06-07,22.564910888671875,22.756313644418277,22.54896080389541,22.615040223234715,89638000
2016-06-08,22.544410705566406,22.68568242794784,22.485166771880678,22.562638137260258,83392400
2016-06-09,22.706186294555664,22.783657644976127,22.435033091226014,22.44414767452766,106405600
2016-06-10,22.51934051513672,22.63782661505563,22.439590088419287,22.45098201313382,126851600
2016-06-13,22.179834365844727,22.58542558014755,22.125148593635664,22.487445963290416,152082000
2016-06-14,22.20717430114746,22.439591835307525,22.045394354803797,22.175274127977108,127727600
2016-06-15,22.134254455566406,22.423636768752857,22.109189791009197,22.28919886445249,117780800
2016-06-16,22.227684020996094,22.27325520327819,21.890451361449387,21.977037303157044,125307200
2016-06-17,21.721834182739258,22.022608481926333,21.714998679780535,22.01577297896761,244032800
2016-06-20,21.669424057006836,22.00437758305134,21.653473971882285,21.874497821771726,137647600
2016-06-21,21.853992462158203,21.954249400307937,21.573724679189954,21.632968600661833,142185600
2016-06-22,21.7719669342041,22.07729770373538,21.726394009955868,21.93146782299965,116876400
2016-06-23,21.89728355407715,21.94057738759953,21.703603451018928,21.860826961449543,128960800
2016-06-24,21.282066345214844,21.569169649500544,21.111171810973445,21.17041573627061,301245600
2016-06-27,20.97217559814453,21.20231403735388,20.84913133574831,21.19092037403927,181958400
2016-06-28,21.32535743713379,21.341309261800948,20.994962048588413,21.16813565519468,161779600
2016-06-29,21.50992774963379,21.544107007386295,21.33447503777124,21.411948137905544,146124000
2016-06-30,21.783361434936523,21.822097121301784,21.487145215259822,21.51904539678763,143345600
2016-07-01,21.84943962097168,21.98159850165106,21.721838902207814,21.758295505384886,104106000
2016-07-05,21.644357681274414,21.73778084279564,21.52359251222796,21.735501762692284,110820800
2016-07-06,21.76740264892578,21.79702547596092,21.503086716361018,21.555493391466726,123796400
2016-07-07,21.860830307006836,21.98843100837468,21.7879153721639,21.806142802052754,100558400
2016-07-08,22.029443740844727,22.077293999454746,21.885892965014673,21.98614990468037,115648400
2016-07-11,22.09780502319336,22.25047040152665,22.040840174105185,22.045396597123375,95179600
2016-07-12,22.198062896728516,22.261863252206457,22.129706118043277,22.141098045276166,96670000
2016-07-13,22.072734832763672,22.25502126122021,22.065897592301713,22.195779084646954,103568800
2016-07-14,22.510229110717773,22.555800292868337,22.175275532780702,22.19122562037632,155676000
2016-07-15,22.507944107055664,22.62643193095341,22.444143773462432,22.539844273852278,120548000
2016-07-18,22.747203826904297,22.81556060236729,22.46693600606127,22.48972159788227,145975600
2016-07-19,22.756311416625977,22.785932503045608,22.635544514079736,22.685673843735028,95119600
2016-07-20,22.77682113647461,22.890750815071478,22.726691799743357,22.785935719373832,105104000
2016-07-21,22.656057357788086,23.013796501190217,22.587698851026794,22.74720145399346,130808000
2016-07-22,22.480606079101562,22.62643593553281,22.40085390956624,22.617321352202232,113254800
2016-07-25,22.179834365844727,22.52162348440273,22.08413382987153,22.38718726554934,161531600
2016-07-26,22.02716827392578,22.323386195929274,21.970203422650442,22.061347532376846,224959200
2016-07-27,23.45812225341797,23.777125730081984,23.41255107322129,23.758896562631676,369379200
2016-07-28,23.774852752685547,23.799917429756693,23.42850717436625,23.430786255489863,159479200
2016-07-29,23.74522590637207,23.822698999963638,23.62446071248406,23.740669483656855,110934800
2016-08-01,24.164493560791016,24.187279156401125,23.790804229810803,23.790804229810803,152671600
2016-08-02,23.806747436523438,24.16904299572096,23.697374175420425,24.164486573288297,135266400
2016-08-03,24.10524559020996,24.116637516895125,23.872828033938575,23.88194261834424,120810400
2016-08-04,24.2541561126709,24.283937671156025,24.118989890337996,24.187718714961047,109634800
2016-08-05,24.62299346923828,24.661938981640454,24.325170938035715,24.345788533596977,162213600
2016-08-08,24.826885223388672,24.826885223388672,24.549682052499616,24.63215417756125,112148800
2016-08-09,24.92769432067871,24.957477631510976,24.744420340400605,24.794821253027322,105260800
2016-08-10,24.742122650146484,24.94830735513366,24.687140644765385,24.9047789874568,96034000
2016-08-11,24.726089477539062,24.95518323652753,24.707761557336784,24.861253956375855,109938000
2016-08-12,24.78335952758789,24.84292438617509,24.691721686956768,24.691721686956768,74641600
2016-08-15,25.081180572509766,25.094925636036056,24.760449023407794,24.774194086934088,103472800
2016-08-16,25.058271408081055,25.253002475691815,25.01932589369748,25.115544840237998,135177600
2016-08-17,25.02161407470703,25.055978479112913,24.820010501043836,24.99412220161308,101424000
2016-08-18,24.989547729492188,25.108675715492865,24.975800915373384,25.02391214301918,87938800
2016-08-19,25.053691864013672,25.12929321865578,24.8245981211078,24.918525646819003,101472400
2016-08-22,24.858964920043945,24.994129402375847,24.707762196235322,24.93914738819395,103280800
2016-08-23,24.936851501464844,25.044525831372784,24.863541579717417,24.877286643843057,85030800
2016-08-24,24.749000549316406,24.913948349076126,24.66881807661288,24.872711399136193,94700400
2016-08-25,24.64361000061035,24.71462849049414,24.439716741137445,24.60237306342222,100344800
2016-08-26,24.499292373657227,24.730675861162933,24.354962156072727,24.606966743014855,111065200
2016-08-29,24.47178840637207,24.613827126359638,24.350369027794624,24.425970366554758,99881200
2016-08-30,24.28394317626953,24.39849007804439,24.169396274494677,24.238125114698395,99455600
2016-08-31,24.306846618652344,24.414520961220756,24.201463702989773,24.206046556801446,118649600
2016-09-01,24.451171875,24.467208364417324,24.196877722920807,24.31600568032861,106806000
2016-09-02,24.680267333984375,24.74212186960598,24.47179120889458,24.673393054162965,107210000
2016-09-06,24.67340087890625,24.810858553384605,24.629874246645244,24.719220686348013,107521600
2016-09-07,24.824602127075195,24.916239988594533,24.529070941294915,24.703182703396976,169457200
2016-09-08,24.173974990844727,24.574889107408605,24.109829011850003,24.57030800084334,212008000
2016-09-09,23.626440048217773,24.219793825851863,23.626440048217773,23.97237213291147,186228000
2016-09-12,24.1556396484375,24.21978560308556,23.488976160103366,23.516468032600894,181171200
2016-09-13,24.73067283630371,24.923112520263004,24.568016462347654,24.62987276170297,248704800
2016-09-14,25.605806350708008,25.894464950249958,24.879579620064657,24.909362924653756,443554800
2016-09-15,26.476364135742188,26.51301997404146,25.99984872493112,26.08461404011325,359934400
2016-09-16,26.32745361328125,26.604656844016898,26.125851740340764,26.37327341248133,319547600
2016-09-19,26.020465850830078,26.616109189599428,25.944864501673187,26.389306889975177,188092000
2016-09-20,26.018171310424805,26.144173543940205,25.775332548936447,25.899043356066237,138057200
2016-09-21,26.013593673706055,26.114393726111114,25.759299494232636,26.082320743821352,144012800
2016-09-22,26.258724212646484,26.33203413703288,26.11668546946502,26.196867926161627,124296000
2016-09-23,25.82115364074707,26.297669010181558,25.555405827538955,26.212903702359732,209924800
2016-09-26,25.860111236572266,25.97694958078484,25.555417767084375,25.576035373085116,119477600
2016-09-27,25.90821647644043,25.928835826901764,25.736396129932732,25.88759887382604,98429600
2016-09-28,26.10523796081543,26.26331324303448,25.986109953183803,26.045674830923115,118564400
2016-09-29,25.699737548828125,26.07087006177409,25.61268255100721,25.92425019815642,143548000
2016-09-30,25.899049758911133,25.972359690758676,25.61268256453063,25.76388353428328,145516400
2016-10-03,25.77762222290039,25.899043351469228,25.722640224578978,25.821150584988203,86807200
2016-10-04,25.887590408325195,26.187702622774587,25.80282510254227,25.901335472240014,118947200
2016-10-05,25.899049758911133,26.03879708959655,25.816575867101815,25.979232223768342,85812400
2016-10-06,26.09148597717285,26.1945774613045,25.91737424491938,26.04795760714785,115117200
2016-10-07,26.13043785095215,26.244984749120935,26.00443731167466,26.187711300036543,97433600
2016-10-10,26.586326599121094,26.74669150213669,26.281631535545106,26.35035860204621,144944000
2016-10-11,26.643604278564453,27.19113821057531,26.620693504896412,26.96433413575745,256164000
2016-10-12,26.881860733032227,27.02848234621631,26.746696254737,26.884152160009997,150347200
2016-10-13,26.79938507080078,26.90476797594042,26.510726484120458,26.75585670316942,140769600
2016-10-14,26.948301315307617,27.07201216901802,26.833754422743933,27.005574761589457,142608800
2016-10-17,26.929977416992188,26.996413082189044,26.753574208740204,26.87957650034876,94499600
2016-10-18,26.91164207458496,27.081170953777765,26.907059220964147,27.07429842119308,98214000
2016-10-19,26.83145523071289,26.978075061385127,26.070864203658324,26.861236782996038,80138400
2016-10-20,26.81771469116211,26.89102462364147,26.650477226996685,26.771896638805003,96503200
2016-10-21,26.71233367919922,26.783353937622838,26.639023741486966,26.760443161962247,92770800
2016-10-24,26.952882766723633,26.97350036734531,26.803971464573312,26.826880492324104,94154800
2016-10-25,27.090341567993164,27.11554202555859,26.87499283892388,27.021612729569828,192516000
2016-10-26,26.4809513092041,26.506151766847406,25.95861772868288,26.187711527006012,264536800
2016-10-27,26.22665023803711,26.542798947275006,26.139593504476434,26.43512461756348,138248000
2016-10-28,26.052539825439453,26.39388900121319,25.990683538191657,26.08690423526084,151446800
2016-10-31,26.011308670043945,26.169383941681954,25.93341587392997,26.036509126329623,105677600
2016-11-01,25.541662216186523,26.063995697126007,25.32173242146709,25.99297719249639,175303200
2016-11-02,25.564563751220703,25.73867544313166,25.482091631732487,25.521037139127557,113326800
2016-11-03,25.290546417236328,25.665885764502722,25.226071118988862,25.555357183741382,107730400
2016-11-04,25.062583923339844,25.387265440271594,24.894487820797455,24.99120079131394,123348000
2016-11-07,25.424104690551758,25.4471313329811,25.205347195422462,25.348115189396733,130240000
2016-11-08,25.57378387451172,25.72576290730673,25.26061655555887,25.40108138641951,97016800
2016-11-09,25.532329559326172,25.633648892110934,24.880666983590114,25.302059626139112,236705600
2016-11-10,24.820798873901367,25.580688677849547,24.369469969035215,25.580688677849547,228538000
2016-11-11,24.96817398071289,25.069493334010403,24.53526705113169,24.666520869348684,136575600
2016-11-14,24.341842651367188,24.825409323090632,23.96650316590229,24.802382673355375,204702000
2016-11-15,24.664215087890625,24.795468892325932,24.445459332771897,24.539869101032913,129058000
2016-11-16,25.327390670776367,25.38265672229523,24.54677570048004,24.569802343536107,235362000
2016-11-17,25.318185806274414,25.410294157671302,25.060284530547943,25.285948146808604,110528000
2016-11-18,25.343505859375,25.454036189729493,25.251399300369588,25.265214932856402,113715600
2016-11-21,25.72805404663086,25.787922949546157,25.33198957838635,25.357319405319643,117058400
2016-11-22,25.744192123413086,25.886958429108656,25.652083752654654,25.77873122522908,103862000
2016-11-23,25.612930297851562,25.67740561027784,25.405686967323877,25.642864762386477,109705600
2016-11-25,25.74188232421875,25.76030434500653,25.548454619588256,25.589903287950463,45903600
2016-11-28,25.691219329833984,25.89846264489884,25.649770666821013,25.65898167602616,108776000
2016-11-29,25.66588592529297,25.797139713781903,25.345810866402058,25.509302304216686,114115200
2016-11-30,25.44944190979004,25.83629561476328,25.391874404626286,25.698133953734445,144649200
2016-12-01,25.21225357055664,25.546146015557245,25.106329615983377,25.414892228714276,148347600
2016-12-02,25.306671142578125,25.35042124412152,25.064886960952965,25.13857328424874,106112000
2016-12-05,25.124755859375,25.33660380416944,24.92672355020877,25.329695986355333,137298000
2016-12-06,25.318185806274414,25.41259734958191,25.143181871123073,25.214565008965838,104782000
2016-12-07,25.566877365112305,25.603721407732273,25.136273597120493,25.159300245347648,119994800
2016-12-08,25.817867279052734,25.88925040096269,25.467855973231696,25.527726651799558,108273200
2016-12-09,26.239267349243164,26.411969859457983,25.86162466745242,25.86162466745242,137610400
2016-12-12,26.089590072631836,26.481048345444968,25.90307018964767,26.087286880865953,105497600
2016-12-13,26.524799346923828,26.69289544716425,26.19321001618473,26.213933470945666,174935200
2016-12-14,26.524799346923828,26.757370759958963,26.476442862327794,26.490258498835086,136127200
2016-12-15,26.66986083984375,26.879407300698123,26.53400243655398,26.568541517512404,186098000
2016-12-16,26.704408645629883,26.826451448381032,26.630722325658223,26.819543630386885,177404400
2016-12-19,26.85869026184082,27.029089554719874,26.653750120681007,26.665264322381432,111117600
2016-12-20,26.93007469177246,27.05672388930169,26.86790256732577,26.88171820457601,85700000
2016-12-21,26.955406188964844,27.03369890411242,26.89093086873785,26.895537252651614,95132800
2016-12-22,26.778093338012695,26.82875300931792,26.628417515561896,26.79190897316127,104343600
2016-12-23,26.831058502197266,26.831058502197266,26.616907340902003,26.616907340902003,56998000
2016-12-27,27.001455307006836,27.125801293026985,26.82414645854798,26.831054276079044,73187600
2016-12-28,26.886322021484375,27.176460916964754,26.757369644450435,27.061325932682575,83623600
2016-12-29,26.879417419433594,26.966919385501626,26.80342789907889,26.81494034479222,60158000
2016-12-30,26.66986083984375,26.987632682401166,26.58005571571187,26.860985286306974,122345200
2017-01-03,26.74585723876953,26.78730590344384,26.42578212254811,26.665263101019615,115127600
2017-01-04,26.715919494628906,26.82875303786345,26.653747379573833,26.67677402378607,84472400
2017-01-05,26.851778030395508,26.909345515795238,26.66756137438828,26.69289120850978,88774400
2017-01-06,27.151134490966797,27.20870198661537,26.81954515384844,26.8909282862701,127007600
2017-01-09,27.399824142456055,27.50114349478166,27.15804172007064,27.160343154935852,134247600
2017-01-10,27.42745018005371,27.48962228515436,27.24093210793169,27.349157494083194,97848400
2017-01-11,27.574832916259766,27.616281587158287,27.31002206089814,27.342259720839134,110354400
2017-01-12,27.459701538085938,27.47121574250743,27.220220492050576,27.3791073775983,108344800
2017-01-13,27.411338806152344,27.54489581704745,27.358375937410994,27.427457634583096,104447600
2017-01-17,27.63239097595215,27.687655265994422,27.222510790900074,27.25014205751116,137759200
2017-01-18,27.630094528198242,27.74753271041764,27.56561921460972,27.632397719917982,94852000
2017-01-19,27.58173942565918,27.653122561164782,27.487329642263447,27.494237460948423,102389200
2017-01-20,27.63239097595215,27.736011739383926,27.5702188692571,27.736011739383926,130391600
2017-01-23,27.650814056396484,27.818910124154257,27.579429182321928,27.632392040066264,88200800
2017-01-24,27.62548828125,27.65542274456876,27.51726111543693,27.52877531653976,92844000
2017-01-25,28.0653018951416,28.115961567076894,27.69687031309449,27.72910796672234,129510400
2017-01-26,28.079120635986328,28.194255620707516,28.000827932829285,28.016946760417436,105350400
2017-01-27,28.081424713134766,28.173533060942884,28.000830567610393,28.12517657362826,82251600
2017-01-30,28.00773048400879,28.00773048400879,27.78437013138144,27.846542238438513,121510000
2017-01-31,27.943252563476562,27.952463570476198,27.775156516988083,27.89719928529834,196804000
2017-02-01,29.647262573242188,30.047933639142915,29.246593264162144,29.25119789117242,447940000
2017-02-02,29.59659194946289,29.794624217280543,29.42388951288843,29.469944550066973,134841600
2017-02-03,29.723247528076172,29.748577364792464,29.51139958174031,29.545938671062146,98029200
2017-02-06,30.00187110900879,30.050229345912165,29.681796009778036,29.734760629634277,107383600
2017-02-07,30.287412643432617,30.4163632805029,30.0387206232365,30.05944407984251,152735200
2017-02-08,30.40484046936035,30.446290884477907,30.216020951008034,30.245957166724025,92016400
2017-02-09,30.62455177307129,30.63148954064726,30.323902238905653,30.446474171247278,113399600
2017-02-10,30.555164337158203,30.744806022559064,30.538977392406924,30.633798235107353,80262000
2017-02-13,30.825756072998047,30.948331542097435,30.700872719724458,30.777191696842994,92141600
2017-02-14,31.225847244262695,31.24203419045037,30.816501360062997,30.86738066900869,132904800
2017-02-15,31.33917236328125,31.514938565098177,31.133343676054785,31.34148730522616,142492400
2017-02-16,31.302169799804688,31.429364557891073,31.184220693315968,31.37617383020724,90338400
2017-02-17,31.387731552124023,31.413171204328783,31.244346346355687,31.244346346355687,88792800
2017-02-21,31.6143798828125,31.625944005042655,31.447866403547273,31.505683485823404,98028800
2017-02-22,31.709192276000977,31.71150368827983,31.477924008662008,31.551928019196147,83347600
2017-02-23,31.575069427490234,31.794773667326492,31.52187869190097,31.771648948271466,83152800
2017-02-24,31.605127334594727,31.605127334594727,31.28597594519853,31.43167610624884,87106400
2017-02-27,31.667570114135742,31.785519218610354,31.51724711412349,31.716138015191394,81029600
2017-02-28,31.681461334228516,31.785531414851786,31.614391517934532,31.70227464457798,93931600
2017-03-01,32.3289909362793,32.412247657275685,31.82251637316461,31.889582620887936,145658400
2017-03-02,32.13705825805664,32.44233070953425,32.09080175518441,32.37757584016397,104844000
2017-03-03,32.32668685913086,32.338250981396506,32.051476982031915,32.095418529316575,84432400
2017-03-06,32.22493362426758,32.324380857751315,32.05379729003433,32.231871393013506,87000000
2017-03-07,32.26655960083008,32.37294106045336,32.097731172803236,32.160174612332,69785200
2017-03-08,32.14628601074219,32.33130131226214,32.10465942055872,32.13472189273344,74828800
2017-03-09,32.07228469848633,32.097724351489845,31.695319786182953,32.08616376011247,88623600
2017-03-10,32.17867660522461,32.229555922206174,32.06304243551647,32.20411626371539,78451200
2017-03-13,32.192562103271484,32.24575284971267,32.10468250673298,32.11162027675244,69686800
2017-03-14,32.143985748291016,32.29662016078054,32.109293382231215,32.215678364390186,61236400
2017-03-15,32.483951568603516,32.55101783239167,32.15323601777822,32.241119113457266,102767200
2017-03-16,32.53713607788086,32.61345503656059,32.43768887879854,32.54407384422683,76928000
2017-03-17,32.3752555847168,32.60883533337657,32.352127339597125,32.60883533337657,175540000
2017-03-20,32.71522521972656,32.72447440183468,32.43076258342925,32.470077782920484,86168000
2017-03-21,32.34056854248047,33.02512448157474,32.31512888020964,32.86554873904641,158119600
2017-03-22,32.70595932006836,32.747589444955736,32.322053133198985,32.342869960079604,103440800
2017-03-23,32.590335845947266,32.74297380569172,32.51864322121503,32.66896623895198,81385200
2017-03-24,32.52558135986328,32.779977962334236,32.45851508950733,32.72447228664738,89582400
2017-03-27,32.58108139038086,32.65971177065704,32.058412739296315,32.23649033017133,94300400
2017-03-28,33.25638961791992,33.31189176374392,32.520954425876965,32.58802422391429,133499200
2017-03-29,33.33039093017578,33.41596261278299,33.11531307494282,33.22863229931837,116760000
2017-03-30,33.28644943237305,33.41827407587476,33.18700574316975,33.346581457356166,84829200
2017-03-31,33.2240104675293,33.36508429564354,33.07368392967407,33.23788600326598,78646800
2017-04-03,33.233253479003906,33.33038574000391,33.082930497929304,33.23556842044681,79942800
2017-04-04,33.48072052001953,33.50847159319599,33.110689742916605,33.12919163465926,79565600
2017-04-05,33.30726623535156,33.64029319877768,33.25869833282079,33.35351919607748,110871600
2017-04-06,33.2240104675293,33.4229013804629,33.17544256357612,33.36970712163922,84596000
2017-04-07,33.150001525878906,33.344266075859544,33.13381457781785,33.240196033289536,66688800
2017-04-10,33.11068344116211,33.274885493579646,33.04824000952453,33.21013064924229,75733600
2017-04-11,32.7545280456543,33.15230977466501,32.39143514753885,33.05748893171937,121517600
2017-04-12,32.79384994506836,32.87479174335535,32.61114598794621,32.74759698477941,81400000
2017-04-13,32.62038803100586,32.927975233219755,32.62038803100586,32.819278871201554,71291600
2017-04-17,32.8007926940918,32.81235681813894,32.57877351056247,32.71984735463705,66328400
2017-04-18,32.65508270263672,32.849347224425514,32.63426940291809,32.70365059752099,58790000
2017-04-19,32.53481674194336,32.84009253542777,32.481626030850855,32.812341473792294,69313600
2017-04-20,32.94185256958008,33.05286034983566,32.645829469649385,32.65970500107212,93278400
2017-04-21,32.902549743652344,32.9973670869395,32.805417458342916,32.94186494040556,69283600
2017-04-24,33.2193717956543,33.29106438962832,33.112986846326926,33.18699438131527,68537200
2017-04-25,33.425209045410156,33.51077719210791,33.27257111167275,33.28182382037621,75486000
2017-04-26,33.22863006591797,33.44140002279601,33.15925239397346,33.41133401237041,80164800
2017-04-27,33.25407791137695,33.33964960930629,33.14307008005347,33.284143929206884,56985200
2017-04-28,33.2216911315918,33.3720176495641,33.13381157392462,33.32344975203475,83441600
2017-05-01,33.89931106567383,34.042696296088565,33.52465751323557,33.55703493716388,134411600
2017-05-02,34.11439514160156,34.2485312163374,33.95944576101237,34.121332910219344,181408800
2017-05-03,34.01030731201172,34.10975449169437,33.365070465587735,33.67034271188159,182788000
2017-05-04,33.887733459472656,34.02880722092709,33.72122005156338,33.88542204756699,93487600
2017-05-05,34.44973373413086,34.45435656017521,33.94094055926449,33.94094055926449,109310800
2017-05-08,35.3863639831543,35.54593968681708,34.465917067774505,34.465917067774505,195009600
2017-05-09,35.61300277709961,35.81883139976677,35.48811593299326,35.585248184590526,156521600
2017-05-10,35.44416809082031,35.60143232414851,35.178211034632426,35.529739736595594,103222800
2017-05-11,35.750709533691406,35.778578687167325,35.36986417495805,35.402375234480175,109020400
2017-05-12,36.249996185302734,36.32430567087355,35.91791559499993,35.92488199853969,130108000
2017-05-15,36.15709686279297,36.37770786054635,36.00615342839315,36.229085378997176,104038800
2017-05-16,36.10368347167969,36.24069409022606,35.92951635010541,36.2128284846747,80194000
2017-05-17,34.891483306884766,35.89468772244948,34.76608452665892,35.66943127386498,203070800
2017-05-18,35.42327117919922,35.609050163687876,35.095839661114304,35.12835071764186,134272800
2017-05-19,35.544036865234375,35.757681510174486,35.44418271807944,35.61834989483456,107843200
2017-05-22,35.75999450683594,35.89700512472931,35.509193427751605,35.762315459474436,91865600
2017-05-23,35.715877532958984,35.97132055973454,35.60208705287404,35.97132055973454,79675600
2017-05-24,35.60905456542969,35.80179997561155,35.45346566542646,35.725166002158055,76712000
2017-05-25,35.732139587402344,35.84360914034475,35.537073184913964,35.69962852032095,76942400
2017-05-26,35.671756744384766,35.81805829270953,35.60208917168536,35.762323525862016,87710400
2017-05-30,35.68568801879883,35.862176124415456,35.6067330933998,35.62763230128075,80507600
2017-05-31,35.4743766784668,35.8018118894274,35.38613436672782,35.755368007968826,97804800
2017-06-01,35.57190704345703,35.606742609341595,35.348975012935064,35.569586089774354,65616400
2017-06-02,36.09904861450195,36.09904861450195,35.504558565386986,35.6647929311988,111082800
2017-06-05,35.74607849121094,35.86683542243684,35.63693696010119,35.841290755128306,101326800
2017-06-06,35.8668212890625,36.1826445315896,35.71123239256279,35.739098002849374,106499600
2017-06-07,36.08047103881836,36.22212715034009,35.87379279841193,35.999195149432616,84278400
2017-06-08,35.992218017578125,36.119937740463165,35.855203853645264,36.05259467827722,85003200
2017-06-09,34.59657287597656,36.03867890361753,33.909194952599776,36.03867890361753,259530800
2017-06-12,33.769859313964844,33.92544825765064,33.09408971205364,33.844172355185975,289229200
2017-06-13,34.04154586791992,34.24125765559363,33.70714440544866,34.173914589914546,136661600
2017-06-14,33.7094841003418,34.25288495014194,33.402948107054954,34.25288495014194,126124800
2017-06-15,33.5074348449707,33.55155775523504,33.02441441533913,33.28218193117425,128661600
2017-06-16,33.038360595703125,33.556216789987175,33.02210328810194,33.38901597994587,201444400
2017-06-19,33.98349380493164,34.07638507861162,33.36113821675473,33.36113821675473,130165600
2017-06-20,33.67463302612305,34.106567653766945,33.65837926977956,34.106567653766945,99600400
2017-06-21,33.874351501464844,33.92079891376589,33.58175193854454,33.79307561681812,85063200
2017-06-22,33.81862258911133,34.06709925340334,33.70018664045973,33.851133653881504,76425200
2017-06-23,33.96955108642578,34.17390828544453,33.69785083415153,33.702496282339794,141757600
2017-06-26,33.86275100708008,34.434017458450086,33.76057234593985,34.17624985182483,102769600
2017-06-27,33.37739562988281,33.94169910603165,33.3518509697536,33.67464065132807,99047600
2017-06-28,33.86506271362305,33.93008483596802,33.24502805476496,33.55388490762354,88329600
2017-06-29,33.36578369140625,33.702509722280126,33.04067305735441,33.604976532064576,125997600
2017-06-30,33.44474792480469,33.66303804957136,33.38901314504274,33.54460208550732,92096400
2017-07-03,33.32398223876953,33.741984118396765,33.23109450704785,33.64445093705705,57111200
2017-07-05,33.46098709106445,33.6235423651585,33.142842944377584,33.36809937542191,86278400
2017-07-06,33.14517593383789,33.32398857199731,33.070866443025984,33.2125225640592,96515200
2017-07-07,33.481895446777344,33.614264198357915,33.184650423351705,33.184650423351705,76806800
2017-07-10,33.686256408691406,33.89293466698357,33.2937991046057,33.46564534206682,84362400
2017-07-11,33.7953987121582,33.86971174179813,33.528343791700344,33.609619681498685,79127200
2017-07-12,33.84416580200195,33.94634089873578,33.63052116502008,33.874352368642334,99538000
2017-07-13,34.31559371948242,34.48279456304215,33.774513703996334,33.78844651705268,100797600
2017-07-14,34.61050033569336,34.677846962729916,34.21340115093702,34.36202366897313,80528400
2017-07-17,34.731266021728516,35.042443943894426,34.50136755455637,34.559423295711554,95174000
2017-07-18,34.852012634277344,34.863624487757846,34.524577500704176,34.64765535202909,71475200
2017-07-19,35.0703010559082,35.16318879245551,34.821820868312145,34.94489871378533,83692000
2017-07-20,34.91239547729492,35.23750971496516,34.877563454142056,35.18177493447977,68974800
2017-07-21,34.89614486694336,34.93562234456341,34.5733550972819,34.83112272222315,105010400
2017-07-24,35.318790435791016,35.40006989215876,34.810221567723865,34.96813502892486,85972800
2017-07-25,35.4697265625,35.72516962312926,35.25143647237522,35.25143647237522,75415600
2017-07-26,35.636932373046875,35.74607389010833,35.54404107504466,35.61138770902635,63124000
2017-07-27,34.96348190307617,35.760008352946,34.206436467421675,35.704273577089516,129905200
2017-07-28,34.71731948852539,34.88684119353029,34.64533096489755,34.80788626719265,68854800
2017-07-31,34.53850173950195,34.910059698064146,34.39917016262061,34.81020203503184,79383600
2017-08-01,34.845035552978516,34.884513007962624,34.46419026222933,34.62442457821365,141474400
2017-08-02,36.49149703979492,37.097598795658755,36.26391964810976,36.98845377707275,279747200
2017-08-03,36.12691116333008,36.50775650284509,35.9991878847099,36.47059999571203,108389200
2017-08-04,36.317344665527344,36.551888554255555,36.154789319703795,36.2430351689112,82239600
2017-08-07,36.87931823730469,36.90486289808057,36.38236137229772,36.472928161695805,87481200
2017-08-08,37.17423629760742,37.58062630745681,36.75391348294212,36.83054745286933,144823600
2017-08-09,37.401824951171875,37.45059332612342,36.94899094136792,36.98382296387563,104526000
2017-08-10,36.21050262451172,37.301571894907305,36.04963902653811,37.278256989530945,163217200
2017-08-11,36.714073181152344,36.968192857393895,36.385355764156465,36.50891694333438,105028400
2017-08-14,37.266605377197266,37.35053406139659,37.0101556317673,37.14304419731428,88490800
2017-08-15,37.67457962036133,37.81445834559268,37.334201296658684,37.4554323710759,117862000
2017-08-16,37.523040771484375,37.886730445944906,37.33653224276366,37.75384547597862,110686400
2017-08-17,36.80266189575195,37.46709753887228,36.797998203410614,37.42280135501694,111762400
2017-08-18,36.71873092651367,37.18500052558051,36.536886067465986,36.80265959663989,109712400
2017-08-21,36.65113067626953,36.809660663895095,36.16154607710975,36.71873821632033,105474000
2017-08-22,37.25028610229492,37.301576053957554,36.83997004634937,36.88892637280111,86418400
2017-08-23,37.296905517578125,37.41114285393085,37.04045936367374,37.084755546287134,77596400
2017-08-24,37.131385803222656,37.47409429190808,36.96352843907652,37.40181950558678,79275600
2017-08-25,37.26892852783203,37.43212217310998,37.131379852337375,37.219968655571314,101920400
2017-08-28,37.644283294677734,37.76784447658678,37.285253645188696,37.33421352733916,103864000
2017-08-29,37.9799919128418,38.028948229742845,37.30156877694594,37.32488368037345,118067600
2017-08-30,38.08257293701172,38.20846417016917,37.91005189560232,38.18748289086875,109078400
2017-08-31,38.23410415649414,38.35533523890325,38.11287307408504,38.15017549288083,107140400
2017-09-01,38.24577331542969,38.45326319213896,38.14785710413093,38.42062445503937,66364400
2017-09-05,37.78649139404297,38.292393517744884,37.432125477758476,38.175826109776104,117874000
2017-09-06,37.74686813354492,37.99865422321659,37.42281080243483,37.93337674337829,86606800
2017-09-07,37.59532165527344,37.823796351489214,37.38550172981959,37.78882399234343,87714000
2017-09-08,36.98217010498047,37.56966717046403,36.95885520478562,37.502059651665874,114446000
2017-09-11,37.651275634765625,37.779500504745165,37.27592841029202,37.41814080111383,126323200
2017-09-12,37.5020751953125,38.224794712649675,37.01482417253426,37.91006121634185,286856000
2017-09-13,37.219966888427734,37.29224165973439,36.81431464047578,37.27125682555916,179629600
2017-09-14,36.90058135986328,37.16169123643117,36.85628517208367,37.06610865777309,95042800
2017-09-15,37.273590087890625,37.52770614652858,36.83529555933749,36.944869191475775,196458400
2017-09-18,36.99149703979492,37.41813413626858,36.835297155952865,37.32721170963351,113077600
2017-09-19,37.0054931640625,37.247955396378906,36.937885623859245,37.187338059622085,83242400
2017-09-20,36.38535690307617,36.895919224555115,35.86313357054111,36.81199053820761,211805600
2017-09-21,35.76055145263672,36.322407247035535,35.611345303642345,36.322407247035535,150046800
2017-09-22,35.41085433959961,35.49944672624575,35.10078454369383,35.32925571428282,186581600
2017-09-25,35.09845733642578,35.39686970198637,34.774399991448774,34.96790237116252,177549200
2017-09-26,35.702274322509766,35.88411923893049,35.364229468002314,35.3852107528149,146640000
2017-09-27,35.956390380859375,36.070627749004665,35.79552674969661,35.85614409323959,102016800
2017-09-28,35.73490905761719,35.968043904578344,35.599690419497065,35.87712145655771,88022000
2017-09-29,35.93074417114258,35.933077796494764,35.43649939685604,35.71859414808069,105199200
2017-10-02,35.85846710205078,36.00767324874679,35.604350994879546,35.963377062526,74795200
2017-10-03,36.01466369628906,36.15687606969623,35.881778707204724,35.90509005330215,64921200
2017-10-04,35.781532287597656,35.87012466029969,35.543737325116126,35.81650464609564,80655200
2017-10-05,36.22682189941406,36.23847935264511,35.9144220740115,35.9447271835859,85135200
2017-10-06,36.205841064453125,36.25013725286414,36.033320003630024,36.12890614100588,69630400
2017-10-09,36.33173751831055,36.53922741163713,36.250142447704626,36.32474375675449,65051600
2017-10-10,36.34571075439453,36.83529521500408,36.15920577640464,36.383013172934284,62468000
2017-10-11,36.49726486206055,36.597511149322166,36.31075625330116,36.362046209643886,67622400
2017-10-12,36.369041442871094,36.688435091547525,36.30609402892953,36.4506400741789,64500400
2017-10-13,36.5998420715332,36.66744961407022,36.464623429103604,36.53922473268391,65576800
2017-10-16,37.273590087890625,37.30156512337973,36.75369696268831,36.81198065819359,96486000
2017-10-17,37.411136627197266,37.50438911175879,37.12204823328972,37.25027306757751,75989200
2017-10-18,37.24562454223633,37.467105508625025,37.208325667636494,37.39949440603615,65496800
2017-10-19,36.3643684387207,36.62081816515201,36.1405610023398,36.54388324722262,170336800
2017-10-20,36.42732238769531,36.77702468261719,36.35971484258026,36.51125108077079,95896400
2017-10-23,36.408660888671875,36.76302677683366,36.25246100127243,36.576518227414056,87937200
2017-10-24,36.625484466552734,36.70008576487536,36.415660977975,36.43664225962618,71028800
2017-10-25,36.464622497558594,36.730396082480816,36.198848912636365,36.58118992177633,84828400
2017-10-26,36.69776153564453,36.79567775628352,36.550885426008115,36.655795408310176,68002000
2017-10-27,38.01262664794922,38.14085148861399,36.99848893047398,37.1360375971169,177816800
2017-10-30,38.868247985839844,39.18298150089291,38.16884333670504,38.20847583993996,178803200
2017-10-31,39.40911102294922,39.551323414881345,38.9195300028712,39.143337452805355,144187200
2017-11-01,38.90787124633789,39.618933182180236,38.609458951518015,39.60261203671337,134551200
2017-11-02,39.19227981567383,39.28320221857401,38.53250809930436,38.84024765210723,165573600
2017-11-03,40.215755462646484,40.62607145512483,39.894028280591726,40.5654576840608,237594400
2017-11-06,40.623741149902344,40.79626219210494,40.03391035782357,40.185446563274354,140105200
2017-11-07,40.75429916381836,40.85687905844864,40.47220801094028,40.544479239242015,97446000
2017-11-08,41.087684631347656,41.087684631347656,40.64239624240402,40.71933116489338,97638000
2017-11-09,41.0037727355957,41.05506270492039,40.36498174505166,40.82425784295931,117930400
2017-11-10,40.86805725097656,41.034179626513755,40.7744694933025,40.971005926504496,100582000
2017-11-13,40.70426559448242,40.82827094555374,40.570899328154894,40.59429804615229,67928400
2017-11-14,40.08892059326172,40.58962251595852,40.05148406797848,40.48667385650138,99130000
2017-11-15,39.56013870239258,39.8502663861521,39.39635838500541,39.768374442386936,116632400
2017-11-16,40.03276443481445,40.212920996486766,39.84558540164261,40.051479125002835,94550000
2017-11-17,39.81047821044922,40.1006058239505,39.691153344565336,40.01871390001655,87598000
2017-11-20,39.77070999145508,39.90641469316812,39.67244180817521,39.843241014580016,65049600
2017-11-21,40.510074615478516,40.64109889041839,39.957898335272105,39.957898335272105,100525200
2017-11-22,40.935909271240234,40.945266618461126,40.4890200758842,40.56155111981388,102355600
2017-11-24,40.938236236572266,41.062241580805996,40.863363199223556,40.96865385426304,56106800
2017-11-27,40.73235321044922,40.963987734408754,40.55687348415556,40.956968830968535,82867200
2017-11-28,40.493690490722656,40.91483884393796,40.21058171803251,40.781476150791256,105715200
2017-11-29,39.65372848510742,40.45859588089686,39.1109131808278,40.390745306665664,166665600
2017-11-30,40.20824432373047,40.27609489391926,39.41039587728747,39.87599966375106,166108800
2017-12-01,40.02106857299805,40.166130640564205,39.42443691456497,39.76369693362898,159037200
2017-12-04,39.728599548339844,40.38840127674619,39.688824583342225,40.355645213210316,130169600
2017-12-05,39.691165924072266,40.131036155210275,39.40103821861945,39.555461202335145,109400800
2017-12-06,39.54376220703125,39.82219055504739,38.9471341128749,39.19046438055372,114240000
2017-12-07,39.61629867553711,39.878347217695996,39.52036891630265,39.54844452577864,102693200
2017-12-08,39.627986907958984,40.009363857939476,39.499304675641376,39.89003897028129,93420800
2017-12-11,40.40010070800781,40.451575032247945,39.492284702474436,39.588214449480425,141095200
2017-12-12,40.17316436767578,40.33460631284405,40.1170131311962,40.27845150621973,77636800
2017-12-13,40.306514739990234,40.60365776912856,40.243341053812145,40.36032751036392,95273600
2017-12-14,40.294822692871094,40.50773893926903,40.16145639453041,40.336936111203535,81906000
2017-12-15,40.70426559448242,40.75105946033409,40.35096780163774,40.62471566552028,160677200
2017-12-18,41.277496337890625,41.45999490432386,40.91249920502416,40.91717966240892,117684400
2017-12-19,40.837650299072266,41.03652879880122,40.73236315162842,40.95229836681714,109745600
2017-12-20,40.79317855834961,41.0435277172431,40.53580692757751,40.91484190185705,93902400
2017-12-21,40.94760513305664,41.18392009998116,40.73469245958435,40.751068709785024,83799600
2017-12-22,40.94760513305664,41.04353490041919,40.82828021252971,40.870393630311945,65397600
2017-12-26,39.90876007080078,40.11933425698644,39.70052075826751,39.96257283924499,132742000
2017-12-27,39.91579055786133,39.95790397926457,39.70755475503096,39.79880407154889,85992800
2017-12-28,40.0280876159668,40.20824776415976,39.88770243579035,40.00936935393371,65920800
2017-12-29,39.59523391723633,39.91343721247929,39.59289547342585,39.89706096551949,103999600
2018-01-02,40.304168701171875,40.3135296160415,39.60225003195517,39.81282777480597,102223600
2018-01-03,40.29716110229492,40.83998007240303,40.23399097485094,40.367353702932206,118071600
2018-01-04,40.48433303833008,40.587281691749936,40.262059483979016,40.369685025177354,89738400
2018-01-05,40.945255279541016,41.03182410540059,40.48900886331186,40.58025814655769,94640000
2018-01-08,40.79317855834961,41.08798314166222,40.694906793768766,40.79317855834961,82271200
2018-01-09,40.78849792480469,40.959297149866934,40.5732432755148,40.83997225073741,86336000
2018-01-10,40.779136657714844,40.78147867169188,40.477313176567634,40.51474969876762,95839600
2018-01-11,41.010772705078125,41.059908588629746,40.82593567106534,40.849330820735744,74670800
2018-01-12,41.43426513671875,41.49743882718429,41.09734354776063,41.22134891451,101672400
2018-01-16,41.223697662353516,41.972410443367636,41.21199829996464,41.62378943698637,118263600
2018-01-17,41.90455627441406,41.9396507884389,40.961645582745746,41.214333224012265,137547200
2018-01-18,41.941978454589844,42.13851839305448,41.705667123879905,41.96771561497552,124773600
2018-01-19,41.75480270385742,42.016851193088,41.5091304601323,41.78989720861405,129700400
2018-01-22,41.413204193115234,41.59570277343954,41.319616459154176,41.48339677865763,108434400
2018-01-23,41.42256164550781,41.98409876115503,41.37109089079645,41.48339688586861,130756400
2018-01-24,40.762779235839844,41.483416555352996,40.52412575927795,41.47171719049454,204420400
2018-01-25,40.03511047363281,40.93356571913233,39.899405738092184,40.83061705285022,166116000
2018-01-26,40.12868881225586,40.243336812846245,39.78942883803662,40.243336812846245,156572000
2018-01-29,39.298091888427734,39.812831581035425,39.08985613945785,39.812831581035425,202561600
2018-01-30,39.06645965576172,39.16004739790291,38.53534011524448,38.7295380718238,184192800
2018-01-31,39.17408752441406,39.41040247806591,38.95649440447249,39.04306324959199,129915600
2018-02-01,39.2559700012207,39.452506365991724,39.017316661059965,39.113246399868274,188923200
2018-02-02,37.552650451660156,39.026680435753946,37.45906271971327,38.839501401717044,346375200
2018-02-05,36.61442565917969,38.3434854954354,36.499777636480054,37.22509515859577,290954000
2018-02-06,38.14461135864258,38.30605327216174,36.03183581681367,36.226033801905984,272975200
2018-02-07,37.32803726196289,38.231172856032934,37.218073276522176,38.15864182365693,206434400
2018-02-08,36.300899505615234,37.66964260600261,36.27282389580829,37.50352025097628,217562000
2018-02-09,36.74491500854492,37.0926057952475,35.295416555680326,36.8999676132487,282690400
2018-02-12,38.2249641418457,38.502176211529274,37.003341181062005,37.235920143110576,243278000
2018-02-13,38.60788345336914,38.70420433662891,37.975929558630334,38.04640834113016,130196800
2018-02-14,39.3197021484375,39.359639279128274,38.26488298242506,38.302468550622955,162579600
2018-02-15,40.6400032043457,40.66349374207075,39.702643640911546,39.888234303148494,204588800
2018-02-16,40.5084342956543,41.06991289835843,40.35338530181675,40.49199128049389,160704400
2018-02-20,40.37217330932617,40.9383441911224,40.27115291804145,40.4191579538941,135722000
2018-02-21,40.18893814086914,40.90546216900995,40.17483951865487,40.6024081083395,149886400
2018-02-22,40.524879455566406,40.865522652890775,40.33928883126937,40.36043138630971,123967600
2018-02-23,41.22966003417969,41.2648976259703,40.76920185482098,40.799743490838885,135249600
2018-02-26,42.044864654541016,42.14353351551222,41.39646774614467,41.42935736646841,152648800
2018-02-27,41.908599853515625,42.399596100612726,41.85456768273009,42.075399491200336,155712400
2018-02-28,41.84518051147461,42.43249779278185,41.82873749164211,42.11299704836271,151128400
2018-03-01,41.112205505371094,42.23515574611324,40.562477446370096,41.943845113754676,195208000
2018-03-02,41.3964729309082,41.41761549275726,40.51314544352325,40.595371296980964,153816000
2018-03-05,41.539772033691406,41.75590432996107,40.99943950066743,41.16153961904458,113605600
2018-03-06,41.5045280456543,41.875712915688,41.37766911815642,41.79583864338566,95154000
2018-03-07,41.11924743652344,41.311889179650166,40.94070431594449,41.09810487975081,126814000
2018-03-08,41.56796646118164,41.61025158273074,41.12865430315472,41.2249716082499,95096400
2018-03-09,42.282142639160156,42.286842180896265,41.673682825885265,41.807592880114115,128740800
2018-03-12,42.690914154052734,42.84831473803731,42.33617584549344,42.354966841900726,128828400
2018-03-13,42.2797966003418,43.109088312159365,42.10830095845635,42.8953039621089,126774000
2018-03-14,41.92035675048828,42.40900513429512,41.77235165588669,42.36202047107716,117473600
2018-03-15,41.96967697143555,42.34321335751653,41.83342256383751,41.93443938062553,90975200
2018-03-16,41.821685791015625,42.08010321814218,41.72771288457882,41.96968729351634,157618800
2018-03-19,41.18268585205078,41.69247678950339,40.79740588350734,41.6572391887555,133787200
2018-03-20,41.1685905456543,41.535075929863396,41.0981117599141,41.1685905456543,78597600
2018-03-21,40.23591995239258,41.13333859622522,40.23356838983998,41.1215915375593,148219600
2018-03-22,39.66740036010742,40.56716704796147,39.60866864715772,39.937564805796335,165963200
2018-03-23,38.74883270263672,39.91876733613964,38.74883270263672,39.55932956569778,164115200
2018-03-26,40.58831024169922,40.66583652732721,39.101222947632834,39.48415483536228,150164800
2018-03-27,39.54759216308594,41.147443725030264,39.213996406406345,40.80210090680353,163690400
2018-03-28,39.11062240600586,39.94226549266874,38.80756833575712,39.291517090797406,166674000
2018-03-29,39.416019439697266,40.34867915139924,39.20928270218189,39.423066957139966,153594000
2018-04-02,39.1576042175293,39.688541173485575,38.63841790528605,39.148208721137635,150347200
2018-04-03,39.559329986572266,39.643903791381845,38.734738078203186,39.38313485861057,121112000
2018-04-04,40.315792083740234,40.409761378700175,38.70889348091307,38.73473557473187,138422000
2018-04-05,40.59535598754883,40.93129962590363,40.42620838714539,40.54367179938673,107732800
2018-04-06,39.55698776245117,40.52018578459094,39.514699061545755,40.16544749918795,140021200
2018-04-09,39.94930648803711,40.66348244410769,39.90232184094147,39.909369358770874,116070800
2018-04-10,40.70108413696289,40.87727930638697,40.297009594974334,40.64235241382153,113634400
2018-04-11,40.51080322265625,40.85849409971408,40.336955991776975,40.46146698662945,89726400
2018-04-12,40.910160064697266,41.11219729191981,40.651739104982695,40.7386644739953,91557200
2018-04-13,41.04876708984375,41.30953603414656,40.842033901488705,41.06051414916714,100497200
2018-04-16,41.304840087890625,41.3917618744456,41.07226121814989,41.1192458707553,86313600
2018-04-17,41.873374938964844,42.0378230637771,41.443458251076926,41.462252834584085,106421600
2018-04-18,41.77939224243164,42.00962314798059,41.55386446253399,41.772344723353555,83018000
2018-04-19,40.59535598754883,41.20381560263127,40.56246637550921,40.82088373162085,139235200
2018-04-20,38.93207931518555,40.22417703818973,38.863948518722765,40.07852353288215,261964400
2018-04-23,38.81931686401367,39.21399228063409,38.549148815653716,39.192849722893605,146062000
2018-04-24,38.278987884521484,39.07538989520362,37.87491334848278,38.92033728806554,134768000
2018-04-25,38.44578170776367,38.86160328074757,38.154474676608544,38.203807312988204,113528400
2018-04-26,38.5797004699707,38.93443884137493,38.38001114694356,38.556206343249706,111852000
2018-04-27,38.133323669433594,38.60552529366012,37.73629676460138,38.527999011826125,142623200
2018-04-30,38.824005126953125,39.2938587686988,38.02055582973188,38.08868661521634,169709600
2018-05-01,39.72613525390625,39.74962579014744,38.82636490930883,39.0941813984154,214277600
2018-05-02,41.48103713989258,41.758249112359714,40.83028873791382,41.166232425025626,266157600
2018-05-03,41.55621337890625,41.699518911228594,40.98064327143764,41.318938533621505,136272800
2018-05-04,43.186607360839844,43.28527621703222,41.856920403424276,41.875714983370386,224805200
2018-05-07,43.499061584472656,44.08872675767489,43.40274070417876,43.5037575410482,169805600
2018-05-08,43.708133697509766,43.74807082502772,43.14900674286115,43.45911185257509,113611200
2018-05-09,44.015892028808594,44.02528752495806,43.51314874438485,43.825601865665355,92844800
2018-05-10,44.64548873901367,44.72301501533817,44.08401381475316,44.10515995171336,111957200
2018-05-11,44.47569274902344,44.82236714269352,44.20684358643458,44.68794436066,104848800
2018-05-14,44.37192916870117,44.6973795056611,44.30353925656138,44.574745471679925,83115200
2018-05-15,43.96866226196289,44.11723805875026,43.65264721346762,44.04884454020393,94780800
2018-05-16,44.37901306152344,44.44504955390993,43.86489930236729,43.88140932509462,76732400
2018-05-17,44.09836196899414,44.55116036327544,43.949786202651836,44.33655172267472,69176000
2018-05-18,43.93800354003906,44.29175270097355,43.895555368017746,44.14553753264784,73190800
2018-05-21,44.24930191040039,44.636067492860136,44.07950203531832,44.33655888007339,73603200
2018-05-22,44.13846969604492,44.5441024181634,44.0488520764885,44.426186012862054,60962800
2018-05-23,44.42145538330078,44.45447182320738,43.808288815295995,43.94743286781569,80233600
2018-05-24,44.37192916870117,44.53465433718114,43.91441666990919,44.51814791639791,92936000
2018-05-25,44.47333908081055,44.725678244441816,44.25401275871705,44.390796181399885,69844000
2018-05-29,44.31297302246094,44.5134323027032,44.07006557380346,44.24222607510225,90056400
2018-05-30,44.21864700317383,44.336563395182296,44.04884711079983,44.27053050353937,74762000
2018-05-31,44.070068359375,44.39080106892208,43.8979114457168,44.152611267873816,109931200
2018-06-01,44.86482620239258,44.869540266724215,44.27760132608851,44.334202484769676,93770000
2018-06-04,45.239803314208984,45.61477657652399,45.12660458565633,45.19499450955699,105064800
2018-06-05,45.588829040527344,45.73740482688072,45.36478864422395,45.53223148269539,86264000
2018-06-06,45.7468376159668,45.7704223312926,45.261022707842756,45.66429830937113,83734400
2018-06-07,45.624210357666016,45.79872430858135,45.360075201959646,45.78457491780687,85388800
2018-06-08,45.209136962890625,45.279887506824466,44.7539814876387,45.08414589463377,106627200
2018-06-11,45.098297119140625,45.27281465481039,44.85775029790672,45.12659949697931,73234000
2018-06-12,45.34592819213867,45.423753444007204,45.07943599015152,45.13603715474393,67644400
2018-06-13,44.97330856323242,45.48742587356639,44.91199333844062,45.37894121591051,86553600
2018-06-14,44.99689865112305,45.17849091346414,44.86011519623833,45.17377324991007,86440400
2018-06-15,44.5346565246582,44.84595748808827,44.397873095137925,44.81529807845651,246876800
2018-06-18,44.511085510253906,44.624284250591025,44.14790097049282,44.30826915128323,73939600
2018-06-19,43.791778564453125,43.94271136204255,43.26351197362925,43.66206984812118,134314000
2018-06-20,43.98280334472656,44.14788553301849,43.801211138344534,43.94742987527894,82514800
2018-06-21,43.737545013427734,44.4191015421544,43.614910971313066,44.15968406816612,102847600
2018-06-22,43.61019515991211,43.90026845785163,43.558311662911876,43.89319376267183,108801600
2018-06-25,42.961666107177734,43.61020638813646,42.62206625702106,43.25173947980181,126652400
2018-06-26,43.49463653564453,43.989886797653796,43.04891273924521,43.15504036576329,98276800
2018-06-27,43.430965423583984,44.16676254218602,43.40030601080136,43.68330462576194,101141200
2018-06-28,43.74697494506836,43.91441778022943,43.34605999142176,43.416810535835204,69460800
2018-06-29,43.65499496459961,44.14552745426334,43.136163700048925,43.93327584704597,90950800
2018-07-02,44.143165588378906,44.171467960995365,43.25643588103166,43.350771125550494,70925200
2018-07-03,43.37436294555664,44.32476872776422,43.284745340770385,44.28703462064132,55819200
2018-07-05,43.72339630126953,43.96158971391458,43.45926473721124,43.690379855762245,66416800
2018-07-06,44.3294792175293,44.43796025980042,43.676221537946965,43.728105027214696,69940800
2018-07-09,44.945011138916016,44.96859225753732,44.64314547179164,44.69031130755683,79026400
2018-07-10,44.89077377319336,45.11009654430228,44.85067903151692,44.97567372296649,63756400
2018-07-11,44.30825424194336,44.756334987289726,44.24457839757625,44.45446938228382,75326000
2018-07-12,45.05113220214844,45.14074980316631,44.64549956394025,44.697383059421924,72164400
2018-07-13,45.12187576293945,45.242149157373184,45.02046581983031,45.062917581615146,50055600
2018-07-16,45.0228385925293,45.43318534216058,44.90727923050014,45.16669673769916,60172400
2018-07-17,45.15019226074219,45.24924161242312,44.61956842054367,44.74927719007462,62138000
2018-07-18,44.902549743652344,45.23271772028795,44.791708074173755,45.228000058165804,65573600
2018-07-19,45.25160217285156,45.40960972875177,44.73512772676942,44.73512772676942,81147200
2018-07-20,45.14781951904297,45.38129162443984,44.84831093697936,45.228001785572765,82704800
2018-07-23,45.187923431396484,45.27046635168146,44.70446546656228,44.96859705383744,63957600
2018-07-24,45.515724182128906,45.67137467251111,45.2916837724395,45.38601544014374,74791600
2018-07-25,45.94493865966797,45.9520133543751,45.38129492550352,45.52987071139773,66839600
2018-07-26,45.80107879638672,46.213786098393896,45.65957771057542,45.89541045457952,76304000
2018-07-27,45.03934860229492,46.03220630595924,44.8318181785361,45.985040464128744,96096000
2018-07-30,44.7869987487793,45.327054166940535,44.58890010095334,45.256303621710636,84118000
2018-07-31,44.876617431640625,45.31290950732972,44.65257701379592,44.878978062458756,157492000
2018-08-01,47.52029800415039,47.58161322223618,46.532158229193854,46.96137555136066,271742800
2018-08-02,48.909358978271484,49.142834720583664,47.24909782850807,47.30333835907744,249616000
2018-08-03,49.05085754394531,49.227732115734135,48.458915007304384,48.82445650870577,133789600
2018-08-06,49.3055419921875,49.34799014889635,48.83387661442028,49.053199287791834,101701600
2018-08-07,48.843326568603516,49.40696676146404,48.760783657277955,49.364518588912105,102349600
2018-08-08,48.876346588134766,49.00841237709659,48.23252406768446,48.59334795485617,90102000
2018-08-09,49.260738372802734,49.472986375653505,48.86453754268723,49.41402819724811,93970400
2018-08-10,49.11402130126953,49.48557902120588,48.9104936737248,49.07378955771502,98444800
2018-08-13,49.43113327026367,49.92338610751572,49.154241726398546,49.535264164259196,103563600
2018-08-14,49.639408111572266,49.83110202995326,49.28678360256795,49.73643952568758,82992000
2018-08-15,49.7553596496582,49.873689554409076,49.30333854683576,49.513965632846634,115230400
2018-08-16,50.48427963256836,50.60024064494456,50.04645747690956,50.11272194430814,114001600
2018-08-17,51.49245834350586,51.580021345614256,50.446422082464224,50.51268656154246,141708000
2018-08-20,50.9907341003418,51.87110544133441,50.90790170638591,51.615515974972475,121150800
2018-08-21,50.89133834838867,51.4001592504967,50.65231317269027,51.30786204293562,104639200
2018-08-22,50.893699645996094,51.20372346063428,50.607339648826624,50.66887351875901,76072400
2018-08-23,50.997825622558594,51.36701436188184,50.78719852839893,50.799028630418015,75532800
2018-08-24,51.156394958496094,51.33152093949992,50.907901389318916,51.26052587214312,73905600
2018-08-27,51.57764434814453,51.76697293591533,51.19662187429495,51.390681058681736,82100400
2018-08-28,51.99417495727539,52.19296838996736,51.8095805396124,51.83087906215585,91107200
2018-08-29,52.77041244506836,52.89111127993572,51.92553865671049,52.10066463492159,109019200
2018-08-30,53.255558013916016,54.01996820716036,52.63314154334192,52.83430383105253,195175200
2018-08-31,53.870880126953125,54.164336015200355,53.485123435107745,53.605818652582734,173360400
2018-09-04,54.043643951416016,54.23770315227704,53.63422341854379,54.0554776662455,109560400
2018-09-05,53.69102096557617,54.353669291891656,53.27213561587266,54.19274232139055,133332000
2018-09-06,52.7988166809082,53.80462109487018,52.37282820688396,53.539559593731255,137160000
2018-09-07,52.372825622558594,53.33602933601762,52.233197177478694,52.50298926252407,150479200
2018-09-10,51.669944763183594,52.50298843468489,51.229757303877285,52.28999240596996,158066000
2018-09-11,52.9763069152832,53.08280312163129,51.25105465010244,51.59421069773185,142996000
2018-09-12,52.31839370727539,53.248465165484035,52.02729949768136,53.23426615255607,197114800
2018-09-13,53.582157135009766,54.041277818620834,52.67338418396215,52.89821031768042,166825600
2018-09-14,52.97393798828125,53.683917511891266,52.661548875687,53.425959151653856,127997200
2018-09-17,51.56344985961914,52.763313434962186,51.41908720503265,52.573984830581786,148780400
2018-09-18,51.648651123046875,52.50299339478895,51.3835896141256,51.54215129305673,126286800
2018-09-19,51.67940902709961,51.97523383237658,50.952865183133554,51.71017596241406,108495200
2018-09-20,52.072261810302734,52.60474642477888,51.86400000551983,52.121961963223164,106435200
2018-09-21,51.51138687133789,52.387027646018495,51.42382026606977,52.24976449154423,384986800
2018-09-24,52.252113342285156,52.363343732257434,51.26761136229195,51.312577300086076,110773600
2018-09-25,52.58345413208008,52.732550997350124,51.99416978895151,52.006003504013755,98217600
2018-09-26,52.1645622253418,52.95263993684514,52.008365862094074,52.30182536778894,95938800
2018-09-27,53.23664474487305,53.58926930225739,52.90295341316808,52.9692215086177,120724800
2018-09-28,53.423587799072266,53.44725161382536,53.01653262944028,53.19875808649364,91717600
2018-10-01,53.78330993652344,54.294496019561734,53.56795224261596,53.946605791755864,94403200
2018-10-02,54.261375427246094,54.4317708248065,53.634228207852296,53.780956173640334,99152800
2018-10-03,54.92164993286133,55.2529722591602,54.37969688559939,54.44359605250793,114619200
2018-10-04,53.956085205078125,54.98792238547319,53.65789145695204,54.61636465523451,128168000
2018-10-05,53.08043670654297,54.05547775401999,52.202430676368174,53.948981542667234,134322000
2018-10-08,52.957366943359375,53.201126259912016,52.11248968434598,52.588178215809435,118655600
2018-10-09,53.69102096557617,53.785687075702874,52.597653574398485,52.9266106334102,107564000
2018-10-10,51.2037239074707,53.56795704512589,51.13035993373505,53.35732992876048,167962400
2018-10-11,50.75170135498047,51.946834254825696,50.247618357424,50.76826927692951,212497600
2018-10-12,52.56452941894531,52.74675854920177,51.317330761268884,52.16457361864242,161351600
2018-10-15,51.44037628173828,52.498245917950676,51.41907776558042,52.33968427909419,123164000
2018-10-16,52.5739860534668,52.77278307881881,51.29838956224378,51.81194102118885,116736000
2018-10-17,52.3467903137207,52.68994635769821,51.90896816755255,52.60948287919308,91541600
2018-10-18,51.12326431274414,52.00363928676678,50.408550519609015,51.55871759140356,130325200
2018-10-19,51.901878356933594,52.363364406501475,51.456956621379305,51.606053503217865,132314800
2018-10-22,52.218990325927734,52.86034005758021,51.81430403669069,52.015462726587266,115168400
2018-10-23,52.71125030517578,52.83431444512656,50.81087189308462,51.07829869399411,155071200
2018-10-24,50.903160095214844,53.066230717386226,50.77299647127529,52.68047766425556,163702000
2018-10-25,52.01783752441406,52.3917605334903,51.2960242350942,51.52321928773726,119423200
2018-10-26,51.18952178955078,52.11012838089742,50.33044545379852,51.09485569116432,189033600
2018-10-29,50.228702545166016,51.99181822077178,48.77324187556937,51.87348826118557,183742000
2018-10-30,50.479549407958984,50.92446749400943,49.52581045070183,49.970728536752276,146640000
2018-10-31,51.79536819458008,52.1716564405794,51.26524889935594,51.32678276350277,153435600
2018-11-01,52.59054946899414,52.62368170185567,51.3102188792331,51.84033821616022,233292800
2018-11-02,49.10218048095703,50.56237119763977,48.61702710758743,49.592068062043005,365314800
2018-11-05,47.708255767822266,48.370904034951764,46.898879557030305,48.34960551625416,264654800
2018-11-06,48.22416687011719,48.44899295049002,47.73191406897963,47.78634481006863,127531600
2018-11-07,49.68673324584961,49.71276597298876,48.30937483931791,48.7448280831522,133697600
2018-11-08,49.51337432861328,49.90047339465784,49.100148077728555,49.86722555541948,101450400
2018-11-09,48.558685302734375,48.92441156528244,48.03146693327073,48.815170208722876,137463200
2018-11-12,46.11258316040039,47.461503388574435,46.02233746371556,47.2596391587509,204542000
2018-11-13,45.651851654052734,46.82740454065561,45.46661319307252,45.509362481467676,187531600
2018-11-14,44.362308502197266,46.186196076134955,44.15569357677625,46.04845400043511,243204000
2018-11-15,45.45711135864258,45.59010269083282,44.38604917682222,44.73990396148286,185915200
2018-11-16,45.96059036254883,46.30257022483374,44.99402580264635,45.24100924555052,147713200
2018-11-19,44.139076232910156,45.28850573158445,43.93246490893677,45.122266527022944,167701200
2018-11-20,42.03020095825195,43.09651261910129,41.68109683232495,42.36030580111065,271300800
2018-11-21,41.98271179199219,42.811537992827844,41.92809110860415,42.683293715968375,124496800
2018-11-23,40.916404724121094,41.939971011626305,40.87128549050751,41.545743927470646,94496000
2018-11-26,41.46973419189453,41.548104874515914,40.434296833953724,41.37949212830179,179994000
2018-11-27,41.37948226928711,41.50534931703304,40.581530700774955,40.7311441285485,165549600
2018-11-28,42.970645904541016,43.05376369196034,41.54335510075574,41.97082991406699,184250000
2018-11-29,42.64054489135742,43.41237317618883,42.201195033571544,43.379125333484275,167080000
2018-11-30,42.41019058227539,42.82579049692426,42.04208707598051,42.81628904100726,158126000
2018-12-03,43.89208984375,43.92058695583574,43.034766692325256,43.80659488375015,163210000
2018-12-04,41.96133041381836,43.31499758229476,41.86158689864037,42.97301774526017,165377200
2018-12-06,41.49348831176758,41.50773686933884,40.4722994088251,40.790529273726726,172393600
2018-12-07,40.01394271850586,41.438856057479995,39.96881988297296,41.201370500984304,169126400
2018-12-10,40.27755355834961,40.3939191668276,38.788518040620986,39.185118502126784,248104000
2018-12-11,40.04719924926758,40.79765101673973,39.6600965485078,40.766780351835095,189126800
2018-12-12,40.1588249206543,40.82853257024421,40.139825633778514,40.46755336709126,142510800
2018-12-13,40.59816360473633,40.982892750447746,40.26568520596623,40.488922255315906,127594400
2018-12-14,39.29911422729492,40.15406379663115,39.251617834274576,40.135064514674504,162814800
2018-12-17,38.93339157104492,39.98070398320627,38.64603238784971,39.29199353840662,177151600
2018-12-18,39.43924331665039,39.78597033355622,39.04026554352327,39.27537763967372,135366000
2018-12-19,38.20905685424805,39.76696176214106,37.78158206275483,39.42260837756745,196189200
2018-12-20,37.24486541748047,38.498789039513056,36.88151275562685,38.09268708722474,259092000
2018-12-21,35.796226501464844,37.56074752894715,35.534994347656884,37.25201532558773,382978400
2018-12-24,34.87001419067383,35.99094661247746,34.81301633704648,35.18349332626678,148676800
2018-12-26,37.32560729980469,37.33985585447229,34.843883771660536,35.219111414123994,234330000
2018-12-27,37.083377838134766,37.230621385586616,35.639468468150554,37.00975787628032,212468400
2018-12-28,37.10237121582031,37.64621522429912,36.70339718009544,37.40397891761338,169165600
2018-12-31,37.460975646972656,37.84570111622469,37.16174150533906,37.64858765548356,140014000
2019-01-02,37.50373840332031,37.72460197155455,36.62741565841968,36.78415707797379,148158800
2019-01-03,33.7680778503418,34.60640172363963,33.72295500680148,34.19317547745964,365248800
2019-01-04,35.209617614746094,35.27849047559891,34.1504337518255,34.32379724419946,234428400
2019-01-07,35.13124084472656,35.34498004544206,34.64914539714357,35.3141057597988,219111200
2019-01-08,35.80096435546875,36.05507575894766,35.271372331890156,35.51835583150387,164101200
2019-01-09,36.40890884399414,36.69864150293026,35.53496376531212,35.929187021597,180396400
2019-01-10,36.5252799987793,36.565652109291655,35.82707186978907,36.216548044796546,143122800
2019-01-11,36.16667938232422,36.50153493832651,35.98144090958733,36.306798636311406,108092800
2019-01-14,35.62284469604492,35.924452462452855,35.43760619352494,35.82470893215311,129756800
2019-01-15,36.3519172668457,36.427910763494,35.634709844065036,35.68695695839793,114843600
2019-01-16,36.7960205078125,37.01925755806657,36.33529785069117,36.354297134089684,122278800
2019-01-17,37.01449966430664,37.44197439864599,36.3970357565118,36.62027276354135,119284800
2019-01-18,37.242496490478516,37.49423066668109,37.04300581658366,37.40398497191301,135004000
2019-01-22,36.40653610229492,37.221109811985436,36.24504404145378,37.14511631915699,121576000
2019-01-23,36.55377960205078,36.8435122960888,36.02656133084995,36.608400270150376,92522400
2019-01-24,36.2640495300293,36.68677359804413,36.036065388764655,36.59890508773824,101766000
2019-01-25,37.46572494506836,37.5535970765076,36.6487775687618,36.92425809596469,134142000
2019-01-28,37.11899948120117,37.12612375920128,36.49203765099391,36.99787950771421,104768400
2019-01-29,36.7342643737793,37.55359244791163,36.598899490058756,37.107118439253085,166348800
2019-01-30,39.24449157714844,39.45822714683114,38.052312966631995,38.76952042341593,244439200
2019-01-31,39.52710723876953,40.13506984718842,39.08063311282435,39.44873654918918,162958400
2019-02-01,39.54610824584961,40.13032086817942,39.405988969666886,39.65060250317511,130672400
2019-02-04,40.669410705566406,40.76678067534809,39.72659254412772,39.75746683302016,125982000
2019-02-05,41.36524200439453,41.578981228642604,40.93064652495009,41.051762882070676,144406400
2019-02-06,41.37948226928711,41.69533847596294,41.04937750984635,41.47684858776138,112958400
2019-02-07,40.59579849243164,41.30825545825531,40.453305649769504,40.942525519836124,126966800
2019-02-08,40.64349365234375,40.70311969069085,40.16886907695841,40.30481819124638,95280000
2019-02-11,40.40975570678711,40.83429643477586,40.36682670736698,40.79613489799055,83973600
2019-02-12,40.757965087890625,40.784200684194495,40.474144629498845,40.569548452096434,89134000
2019-02-13,40.588619232177734,41.13717929868625,40.526609486645974,40.87721074640527,89960800
2019-02-14,40.73650360107422,40.84621345605926,40.39782819422876,40.476534988953155,87342800
2019-02-15,40.645870208740234,40.95115518004431,40.486072890892316,40.84382905782214,98507200
2019-02-19,40.767513275146484,40.8891527227653,40.424070350564264,40.47654155555973,75891200
2019-02-20,41.029869079589844,41.337541474435355,40.78182636217737,40.82952646483924,104457600
2019-02-21,40.79851531982422,41.11095514343004,40.61725349372424,40.9750096836761,68998800
2019-02-22,41.25406265258789,41.26121748586465,40.874841931781916,40.922542033388446,75652800
2019-02-25,41.55457305908203,41.945719682081254,41.48779219461515,41.537879662607395,87493600
2019-02-26,41.57843017578125,41.809779499488094,41.30176447990518,41.430558762837144,68280800
2019-02-27,41.70722198486328,41.73822869074752,41.19682321958781,41.311307838567444,111341600
2019-02-28,41.29697799682617,41.71674748644375,41.24212308008143,41.576030959484804,112861600
2019-03-01,41.73106002807617,41.77398901650412,41.234971094746605,41.566491627202,103544800
2019-03-04,41.940948486328125,42.3941048319121,41.4925596025787,41.902786955948635,109744800
2019-03-05,41.864627838134766,41.97672506553204,41.62850744949889,41.962415400636054,78949600
2019-03-06,41.62373733520508,41.855086607706475,41.48540451788479,41.659511495165575,83241600
2019-03-07,41.14196014404297,41.60465871287591,41.0274791869895,41.46870961945666,99185600
2019-03-08,41.23975372314453,41.27791526082564,40.426453692828076,40.622028843980345,95997600
2019-03-11,42.66839599609375,42.7208672064059,41.82170907547074,41.8550995148253,128044000
2019-03-12,43.14778137207031,43.56754731458191,42.7804829879991,42.93074174869042,129870400
2019-03-13,43.338592529296875,43.71781327039466,43.1501722048348,43.46738317445445,124130000
2019-03-14,43.82036590576172,43.908614914858006,43.54131649050845,43.8609111740343,94318000
2019-03-15,44.3903923034668,44.678983933208535,43.822754887497275,44.08749464595025,156171600
2019-03-18,44.84354782104492,44.93179318512388,44.31168098754593,44.3140683580027,104879200
2019-03-19,44.48818588256836,45.0749077861501,44.342698182362504,44.922265251449296,126585600
2019-03-20,44.87694549560547,45.194156478384144,44.058874300168924,44.41663055512888,124140800
2019-03-21,46.52976989746094,46.825516329115906,45.2704683808724,45.320555849510406,204136800
2019-03-22,45.566219329833984,47.14988676613712,45.50182218928217,46.589400548765894,169630800
2019-03-25,45.01527786254883,45.788029035736734,44.50487908991449,45.6759317859226,175381200
2019-03-26,44.55018997192383,46.00268305675248,44.02309782192176,45.71170769350031,199202000
2019-03-27,44.95087432861328,45.25854305952079,44.49294682904075,45.01765519484567,119393600
2019-03-28,45.010498046875,45.21084063526759,44.72667756034346,45.065352975754955,83121600
2019-03-29,45.30385971069336,45.33486641281112,44.96756800695002,45.2752403790673,94256000
2019-04-01,45.61153030395508,45.71646906225277,44.92940835895731,45.70693049851085,111448000
2019-04-02,46.27458190917969,46.37952433040807,45.56622420517309,45.575762771064326,91062800
2019-04-03,46.591773986816406,46.86605222606471,46.06706209372375,46.09091395769468,93087200
2019-04-04,46.67287826538086,46.83505934250355,46.06469194760166,46.458222344190496,76457200
2019-04-05,46.98530578613281,47.00915765087475,46.7301046626718,46.854127808619374,74106400
2019-04-08,47.724674224853516,47.75567728467312,46.82789643538214,46.846977201039394,103526800
2019-04-09,47.581573486328125,48.380563770007704,47.51717635283578,47.77714861794036,143072800
2019-04-10,47.84870529174805,47.87732826678451,47.2667545362324,47.38600662091069,86781200
2019-04-11,47.45038986206055,47.93932399383451,47.32875408147207,47.90354983462724,83603200
2019-04-12,47.43132400512695,47.73422532565795,46.79690566698891,47.51003081940437,111042800
2019-04-15,47.517173767089844,47.66504879296179,47.226198455924894,47.36214754820143,70146400
2019-04-16,47.521949768066406,48.027577378944855,47.35738132962048,47.57203723861774,102785600
2019-04-17,48.44734573364258,48.50697176693292,47.369306032753535,47.59111312973718,115627200
2019-04-18,48.6214599609375,48.69062456855269,48.301865248411815,48.44496556601438,96783200
2019-04-22,48.78125,48.87903756789539,48.25892536678017,48.375793702017404,77758000
2019-04-23,49.48483657836914,49.54923371338613,48.63099134409102,48.7573982436491,93292000
2019-04-24,49.40851593017578,49.72333948607253,49.38228033057737,49.45621602782266,70162400
2019-04-25,48.960121154785156,49.55161030134446,48.92195962551455,49.32980323611612,74172800
2019-04-26,48.72638702392578,48.89333916149856,48.20644620773211,48.869487296438024,74596400
2019-04-29,48.80032730102539,49.12469304422843,48.62144921409616,48.75023983540025,88818800
2019-04-30,47.860618591308594,48.51173378273669,47.4885527676354,48.43064325999435,186139600
2019-05-01,50.20988082885742,51.352313790983374,49.90220852221569,50.05723836052837,259309200
2019-05-02,49.88313674926758,50.71790119448601,49.63986515980281,50.04770517932468,127985200
2019-05-03,50.50324630737305,50.52471080427624,50.140719033888494,50.29813262307989,83569600
2019-05-06,49.723331451416016,49.809193069019926,48.53558210729825,48.72399873630715,129772400
2019-05-07,48.3829345703125,49.47051251990543,47.898771611518136,49.10321786261712,155054800
2019-05-08,48.392486572265625,48.97443723236416,48.11820827819037,48.153982442014374,105358000
2019-05-09,47.8725471496582,48.10150906634315,46.90422100692585,47.79622408457386,139634400
2019-05-10,47.209346771240234,47.60918573031847,46.1534958760035,47.26680951074046,164834800
2019-05-13,44.46556091308594,45.365788479732885,43.77841929201786,44.94201315243579,229722400
2019-05-14,45.16946029663086,45.418458147446515,44.39133698954681,44.63075954557267,146118800
2019-05-15,45.710567474365234,45.909288693023,44.53739806425962,44.59725372096499,106178800
2019-05-16,45.50944519042969,46.08166501987308,45.21255987117796,45.468743789558665,132125600
2019-05-17,45.25086975097656,45.70577121307955,44.714561831332965,44.75526323345386,131516400
2019-05-20,43.83588409423828,44.137558916174555,43.163107155315394,43.93883771462418,154449200
2019-05-21,44.67626190185547,45.01145210514859,44.22135673647284,44.34585752053852,113459200
2019-05-22,43.76166534423828,44.46317550697471,43.70659916562799,44.211781030181115,118994400
2019-05-23,43.014671325683594,43.22536075947972,42.57173799121202,43.048190348330664,146118800
2019-05-24,42.84946823120117,43.608437527210064,42.76566884967899,43.143957042131575,94858800
2019-05-28,42.67229461669922,43.237332173533716,42.59568127428577,42.837496817068114,111792800
2019-05-29,42.46879196166992,42.940454887046144,42.138387526779006,42.23894460407194,113924800
2019-05-30,42.68905258178711,42.91171385804956,42.29879255396897,42.605253206009266,84873600
2019-05-31,41.915714263916016,42.614827782966735,41.89656001846683,42.193441689682246,108174400
2019-06-03,41.491939544677734,42.59807084717863,40.766489319881806,42.042612284986966,161584400
2019-06-04,43.00988006591797,43.055370949044665,41.78403739904803,42.00430577492002,123872000
2019-06-05,43.70419692993164,44.29078518409569,43.36900677323679,44.120793541794136,119093600
2019-06-06,44.345863342285156,44.40571900453818,43.610834056234154,43.833499019531246,90105200
2019-06-07,45.52621841430664,45.94999755545234,44.47754962295111,44.65472005742901,122737600
2019-06-10,46.10799789428711,46.775985241565984,45.87815062499317,45.9236414967606,104883600
2019-06-11,46.64192581176758,46.92683934948886,46.35222645142724,46.65389767491463,107731600
2019-06-12,46.49348449707031,46.91965651730608,46.30194564843296,46.4360217464892,73012800
2019-06-13,46.48391342163086,47.11598917192424,46.352233865849136,46.61559663071287,86698400
2019-06-14,46.14632034301758,46.34982739236637,45.56212852455843,45.86140682062975,75046000
2019-06-17,46.42164993286133,46.677833880392626,46.00984274939172,46.18462023261922,58676400
2019-06-18,47.51342010498047,47.95395686657399,46.73769312332653,46.93880725536278,106204000
2019-06-19,47.374549865722656,47.85579164174734,47.240473790931375,47.8079041979227,84496800
2019-06-20,47.7552375793457,48.03057213210239,47.41286133169161,47.97310938789001,86056000
2019-06-21,47.5924186706543,48.08802514932684,47.44158128091943,47.59720814502802,191202400
2019-06-24,47.5445442199707,47.92283239718668,47.446380069181274,47.53496526934287,72881600
2019-06-25,46.823875427246094,47.70734167307266,46.75683374423649,47.50862049453703,84281200
2019-06-26,47.83662796020508,48.12154138959347,47.25004342203398,47.350600458294885,104270000
2019-06-27,47.8222770690918,48.2604209170684,47.78157566069608,47.95395659195468,83598800
2019-06-28,47.38651657104492,47.764804685647896,47.17822009560668,47.568476416564636,124442400
2019-07-01,48.25563049316406,48.95953359072476,48.04014794005199,48.64349397414677,109012000
2019-07-02,48.538150787353516,48.633922035339324,48.21014293958858,48.22211480224925,67740800
2019-07-03,48.94038009643555,48.94756248298667,48.52857288544068,48.66983135867862,45448000
2019-07-05,48.89727783203125,49.100788508582276,48.57884532744974,48.68658842285855,69062000
2019-07-08,47.889320373535156,48.219721152484205,47.50384975367812,48.07846266312846,101354400
2019-07-09,48.18141174316406,48.24605322338057,47.599612848119484,47.69298752839831,82312000
2019-07-10,48.65785217285156,48.77756346841761,48.25801688405682,48.32745148133247,71588400
2019-07-11,48.30351638793945,48.93559199528535,48.293941090035496,48.67701511228483,80767200
2019-07-12,48.67461395263672,48.84220903730102,48.41124763866507,48.47110328699509,70380800
2019-07-15,49.13191604614258,49.28993219429551,48.84221307681378,48.863760235202925,67789600
2019-07-16,48.961917877197266,49.34738837923282,48.722495295890674,48.983465032723174,67467200
2019-07-17,48.68658447265625,49.10317743545347,48.667430227322086,48.85417955270678,56430000
2019-07-18,49.23965835571289,49.292331625927645,48.77038839924491,48.84221591801951,74162400
2019-07-19,48.50461959838867,49.44076276284486,48.44955342792026,49.27077112361806,83717200
2019-07-22,49.613155364990234,49.61554827599075,48.74883956490333,48.758414862204624,89111600
2019-07-23,50.00102233886719,50.017783676941924,49.629916523049886,49.91004422158838,73420800
2019-07-24,49.960323333740234,50.075245181428414,49.601189363077445,49.72090068663171,59966400
2019-07-25,49.56528091430664,50.0967995205445,49.49584629591255,50.01300012684126,55638400
2019-07-26,49.73765563964844,50.21410430811092,49.594000608507464,49.675403421281054,70475600
2019-07-29,50.20212936401367,50.43197666906582,49.90524767605758,49.910037151014635,86693600
2019-07-30,49.98666000366211,50.3170644259433,49.634708419919015,49.98187052779291,135742800
2019-07-31,51.00659942626953,53.000990526564195,50.59000635601354,51.8158491472123,277125600
2019-08-01,49.9028434753418,52.201301560936365,49.49822240921402,51.21248519831248,216071600
2019-08-02,48.84700393676758,49.42400967424095,48.274784021316925,49.20853077764251,163448400
2019-08-05,46.28996658325195,47.56130005899529,46.108006714672,47.40328391275704,209572000
2019-08-06,47.1662483215332,47.42243223605077,46.45755587635723,47.001046156589894,143299200
2019-08-07,47.65467834472656,47.77917913440648,46.404895585633525,46.78557668796127,133457600
2019-08-08,48.70573043823242,48.72967415595045,47.73846488717742,47.93239657947891,108038000
2019-08-09,48.304378509521484,48.72976393634565,47.895810765479915,48.37888091759197,98478800
2019-08-12,48.181819915771484,48.5591433982837,47.86217750716622,47.97513398491319,89927600
2019-08-13,50.222251892089844,50.984105007887514,48.18182890337299,48.311610427077454,188874000
2019-08-14,48.72737503051758,49.6142018262065,48.688920981443054,48.82591215607856,146189600
2019-08-15,48.4846305847168,49.30175878721862,47.98714105517574,48.89800235789184,108909600
2019-08-16,49.62862014770508,49.78724034646014,48.989335347035194,49.095082146205236,110481600
2019-08-19,50.55389404296875,51.12588234715276,50.476985956959155,50.618781114962545,97654400
2019-08-20,50.556297302246094,51.274892121646914,50.54668562484565,50.68127111152873,107537200
2019-08-21,51.10425567626953,51.34698995795277,50.85431171958834,51.18837344081834,86141600
2019-08-22,51.061004638671875,51.53686158978541,50.650034771451054,51.23644619968191,89014800
2019-08-23,48.700931549072266,50.96245911325128,48.306786768888905,50.33278606566632,187272000
2019-08-26,49.62621307373047,49.79444493377358,49.28253601154714,49.474802566101914,104174400
2019-08-27,49.06623840332031,50.12129694945658,48.91482789577303,49.95546709208185,103493200
2019-08-28,49.39549255371094,49.441156273048314,48.864360275642376,49.05181915815829,63755200
2019-08-29,50.23185729980469,50.30636340005424,49.66707854342665,50.10928913577256,83962000
2019-08-30,50.166969299316406,50.577935508818626,49.796855476567124,50.50824075026929,84573600
2019-09-03,49.436344146728516,49.743969139920104,49.08065343594684,49.61178566616297,80092000
2019-09-04,50.275108337402344,50.344803082405896,49.82568816430708,50.082841787242316,76752400
2019-09-05,51.25806427001953,51.42389411665541,50.832675141759566,50.95043926969008,95654800
2019-09-06,51.25326156616211,51.53204789572798,51.07301235316033,51.44312612414458,77449200
2019-09-09,51.47196960449219,52.01752496664898,50.72694165520818,51.63299180966499,109237600
2019-09-10,52.080013275146484,52.099240300905784,50.88075733924921,51.3974703630022,127111600
2019-09-11,53.73591232299805,53.76475470032686,52.327564524938694,52.409280315659366,177158400
2019-09-12,53.61573028564453,54.4160372602079,53.56045488514693,54.02670011962347,128906800
2019-09-13,52.572689056396484,53.06296532020904,52.15691521661223,52.87310442243304,159053200
2019-09-16,52.84907150268555,52.90435057226379,52.28669479868519,52.32755084977788,84632400
2019-09-17,53.04133987426758,53.070182245036186,52.661614385904336,52.86349631256455,73274800
2019-09-18,53.53882598876953,53.558053012289186,52.738519012265336,53.12785615379395,101360000
2019-09-19,53.10382080078125,53.77674823327691,52.962021972267294,53.356166754377384,88242400
2019-09-20,52.32754898071289,53.48835439269536,52.26506390489358,53.20476404800031,221652400
2019-09-23,52.565486907958984,52.83465794097343,52.30832955756246,52.62076231641439,76662000
2019-09-24,52.31553268432617,53.471534114069954,52.1977722057156,53.120647346665386,124763200
2019-09-25,53.12065124511719,53.23360772644387,52.18575868726323,52.524628131243276,87613600
2019-09-26,52.84666442871094,53.09901405388438,52.59191280094367,52.8731011259611,75334000
2019-09-27,52.58951187133789,53.10382280973313,52.21939810228417,53.002880023860584,101408000
2019-09-30,53.82720947265625,53.973812278625275,53.06295107963088,53.08938777143443,103909600
2019-10-01,53.97623062133789,54.84863804778662,53.88250117060058,54.09159276622988,139223200
2019-10-02,52.62315368652344,53.733487563158945,52.37560808292696,53.60851376014331,138449200
2019-10-03,53.07017135620117,53.103817725877704,51.70268021152755,52.49577373492866,114426000
2019-10-04,54.557823181152344,54.673185302428074,53.80798772875578,54.228569169561645,138478800
2019-10-07,54.569854736328125,55.25960730535331,54.2766490193029,54.37999382145774,122306000
2019-10-08,53.930564880371094,54.81018194958028,53.91374352685756,54.271839962271294,111820000
2019-10-09,54.56264114379883,54.745292369499005,54.22857939735441,54.56264114379883,74770400
2019-10-10,55.29804611206055,55.38216386580803,54.627520753094714,54.77892757578947,113013600
2019-10-11,56.768890380859375,57.11256378651316,55.83159227355159,55.98540478852595,166795600
2019-10-14,56.68716812133789,57.23032136758356,56.39877014720684,56.454045539346986,96427600
2019-10-15,56.55499267578125,57.114963649042345,56.44924588810258,56.812146302927566,87360000
2019-10-16,56.32667922973633,56.535770821642835,56.045490882530835,56.086346932926865,73903200
2019-10-17,56.545387268066406,56.75447521042415,56.122403710198995,56.49972354107331,67585200
2019-10-18,56.81695556640625,57.09814389578318,56.307448635792866,56.37954905370019,97433600
2019-10-21,57.802310943603516,57.917673069593235,57.035654109180335,57.08371982808641,87247200
2019-10-22,57.670135498046875,58.208477458025,57.58841973582485,57.95853350048938,82293600
2019-10-23,58.44400405883789,58.458427076554564,57.97295482779117,58.184448414812785,75828800
2019-10-24,58.54013442993164,58.833340091019444,58.1147452876683,58.763641679499884,69275200
2019-10-25,59.26113510131836,59.297183477090634,58.37190638286585,58.43919912909384,73477200
2019-10-28,59.85475158691406,59.902817306683154,59.29477696701474,59.46300881979624,96572800
2019-10-29,58.470436096191406,60.022984167085156,58.29740023636161,59.83552529068843,142839600
2019-10-30,58.463226318359375,58.953506199746954,57.970548101650635,58.82372472112932,124522000
2019-10-31,59.785064697265625,59.883601825447826,57.021243105367084,59.41976222287998,139162000
2019-11-01,61.48180389404297,61.50823692360431,59.88119007430968,59.972513844449246,151125200
2019-11-04,61.885555267333984,61.969673022918535,61.37605206348472,61.84469555712721,103272000
2019-11-05,61.7966423034668,62.05139394165395,61.60197373719849,61.77741161321152,79897600
2019-11-06,61.823081970214844,61.883165048582526,61.37366171752221,61.710125489509196,75864400
2019-11-07,62.53658676147461,62.758359498511744,62.21839397387371,62.370259047791336,94940400
2019-11-08,62.70772933959961,62.780042525835455,61.914660400787014,62.358198441246614,69986400
2019-11-11,63.20431900024414,63.26940088793377,62.25938472245268,62.264203150895845,81821200
2019-11-12,63.146461486816406,63.346540292385484,62.89577079131736,63.04762853024531,87388800
2019-11-13,63.75151443481445,63.82624054265363,62.93193278483699,62.94639542787812,102734400
2019-11-14,63.31037521362305,63.850333385659255,63.180204098443475,63.57794140753723,89182800
2019-11-15,64.06246948242188,64.06728791082074,63.39957143680535,63.56107338652864,100206400
2019-11-18,64.38548278808594,64.46502731928551,63.69365943729218,64.07210837908097,86703200
2019-11-19,64.19023132324219,64.60243134404664,63.9732843310493,64.57832448794083,76167200
2019-11-20,63.4429817199707,64.13962372264683,62.77043922416125,64.00945990259223,106234400
2019-11-21,63.158512115478516,63.640619743137286,62.95843333042811,63.56348075718102,121395200
2019-11-22,63.10306930541992,63.44054318535335,62.87647812395486,63.29832231296636,65325200
2019-11-25,64.20951080322266,64.22638633771652,63.281452038993585,63.327252857545794,84020400
2019-11-26,63.7081184387207,64.39994174998013,63.27663002561703,64.3469096134178,105207600
2019-11-27,64.5638427734375,64.59759383329151,63.95397701165096,64.01905888316979,65235600
2019-11-29,64.421630859375,64.60242121725912,64.09620674390789,64.2649473538178,46617600
2019-12-02,63.67679214477539,64.66270160521697,63.50564595427411,64.4264661607481,94487200
2019-12-03,62.54143142700195,62.56071250038437,61.779700291737306,62.26662647573397,114430400
2019-12-04,63.09343338012695,63.47188969636738,62.83791688344509,62.93193141754983,67181600
2019-12-05,64.01908874511719,64.09382221874256,63.33209104505554,63.587607579449056,74424400
2019-12-06,65.25566864013672,65.32557629817515,64.43367434343493,64.47706961595611,106075600
2019-12-09,64.34208679199219,65.27736940401036,63.85756627540826,65.08452929679349,128042400
2019-12-10,64.7181396484375,65.10141438333517,64.08657238840084,64.74706493312719,90420400
2019-12-11,65.27014923095703,65.34970112214458,64.72295963208492,64.79768573812183,78756800
2019-12-12,65.43647003173828,65.70163071358168,64.4385110100101,64.54939371100679,137310400
2019-12-13,66.32598114013672,66.36213775496515,65.30873335680218,65.43649163345025,133587600
2019-12-16,67.46131896972656,67.68550461462198,66.76709014300219,66.77190857113695,128186000
2019-12-17,67.59390258789062,67.9217322522176,67.20580211215017,67.39141826173947,114158400
2019-12-18,67.43238830566406,67.95306540143068,67.28293612524905,67.44685094529272,116028400
2019-12-19,67.49988555908203,67.77950886281938,67.24196357196422,67.3745402255633,98369200
2019-12-20,67.36007690429688,68.13385757058333,67.14794837558046,68.03261909048223,275978000
2019-12-23,68.45929718017578,68.5195606460034,67.58427047933793,67.62283998023321,98572000
2019-12-24,68.52436828613281,68.6738278372129,68.19895150700309,68.62561412958978,48478800
2019-12-26,69.8839111328125,69.90078666508992,68.628022839031,68.6569481192903,93121200
2019-12-27,69.85739135742188,70.86258898425908,69.45242272121374,70.17558415289048,146266000
2019-12-30,70.27201843261719,70.55405468487673,68.75338206119498,69.77544807084396,144114400
2019-12-31,70.78544616699219,70.79267748666231,69.78989280626304,69.88872574600676,100805600
2020-01-02,72.4005126953125,72.46077614730521,71.15667416341765,71.40977771923563,135480400
2020-01-03,71.69661712646484,72.4559349891833,71.47243889814949,71.62912236880935,146322800
2020-01-06,72.26793670654297,72.3065062028637,70.56851011431775,70.81920816221287,118387200
2020-01-07,71.92805480957031,72.53309491165653,71.70869494472285,72.2775784441153,108872000
2020-01-08,73.08512115478516,73.38643848288913,71.63156665826679,71.63156665826679,132079200
2020-01-09,74.63749694824219,74.83033706552648,73.81068409472688,74.06137477592067,170108400
2020-01-10,74.80622100830078,75.37029336253585,74.30483235122053,74.87131024106992,140644800
2020-01-13,76.40442657470703,76.43094632364196,75.0039042885127,75.1220256778742,121532000
2020-01-14,75.37271118164062,76.5514679630278,75.24977872842311,76.34175230410106,161954400
2020-01-15,75.04969787597656,76.05248268254357,74.61820946436237,75.17263768221467,121923600
2020-01-16,75.98980712890625,76.10069718746519,75.23048903454546,75.5920697800867,108829200
2020-01-17,76.83108520507812,76.83349074089385,75.93195182564011,76.23808752279956,137816400
2020-01-21,76.31039428710938,76.90097161406028,76.17299187168369,76.45984644857143,110843200
2020-01-22,76.58281707763672,77.1348251407198,76.48880253772091,76.79493830286927,101832400
2020-01-23,76.95162200927734,77.03116654175618,76.0886451198764,76.6358420591075,104472000
2020-01-24,76.7298355102539,77.93992295405599,76.5394009459346,77.1974804769854,146537600
2020-01-27,74.47357177734375,75.15333787807808,73.4924810810553,74.74113795467083,161940000
2020-01-28,76.58037567138672,76.75152179476333,75.25457988632637,75.35341281852345,162234000
2020-01-29,78.18338775634766,79.02948893915872,77.46987057591716,78.209907499375,216229200
2020-01-30,78.0700912475586,78.12312337660362,76.83589699674123,77.26738534868132,126743200
2020-01-31,74.60856628417969,77.78324080814086,74.31448034488959,77.36139664518089,199588400
2020-02-03,74.4036636352539,75.5679502030693,72.85127664058147,73.35266528651083,173788400
2020-02-04,76.8600082397461,77.05044280806926,75.60170706629567,76.00667569866678,136616400
2020-02-05,77.48674774169922,78.28463523931488,76.88411323556181,77.98572352193352,118826800
2020-02-06,78.39311218261719,78.39552507490272,77.1999001655233,77.7567339114429,105425600
2020-02-07,77.32755279541016,78.14183107037995,76.8370524098855,77.89295663582978,117684000
2020-02-10,77.6948013305664,77.6948013305664,75.83428641741939,75.91401971596468,109348800
2020-02-11,77.22603607177734,78.2626130556721,77.00857427677795,78.19012824861761,94323200
2020-02-12,79.05998992919922,79.0648197921596,77.67547099896561,77.67547099896561,113730400
2020-02-13,78.49700164794922,78.82319807398167,78.12973294999506,78.33269781258844,94747600
2020-02-14,78.51634216308594,78.7652165546687,78.00892627887556,78.4655954129786,80113600
2020-02-18,77.07866668701172,77.25988612279623,76.01792538344428,76.19914481922879,152531200
2020-02-19,78.19498443603516,78.42453202537972,77.32029972520789,77.32029972520789,93984000
2020-02-20,77.39279174804688,78.44386614487053,76.88779437840257,77.95578436208415,100566000
2020-02-21,75.64099884033203,77.42903672549149,75.02485563249914,76.98685711850104,129554000
2020-02-24,72.04804992675781,73.49780614843223,69.88550132039835,71.82575810211895,222195200
2020-02-25,69.6075668334961,73.09906307526451,69.13640088272064,72.71729750302329,230673600
2020-02-26,70.71182250976562,71.97552869907848,69.22582460812832,69.23307309062069,198054800
2020-02-27,66.08953857421875,69.10503360425979,65.95422860881692,67.9210677200737,320605600
2020-02-28,66.05085754394531,67.27107285671417,61.94563554811998,62.1606861550344,426510000
2020-03-02,72.20024871826172,72.83572613943491,67.10435837488609,68.20617210459764,341397200
2020-03-03,69.90721893310547,73.45428597286327,69.05669090258408,73.37455265692115,319475600
2020-03-04,73.14983367919922,73.30930768219956,70.82781196815235,71.62759322830975,219178400
2020-03-05,70.77708435058594,72.37905838233362,70.41222676608287,71.40530599103305,187572800
2020-03-06,69.83714294433594,70.26965542799252,67.95246362121284,68.13851293457299,226176800
2020-03-09,64.31355285644531,67.19372873000741,63.547595701787884,63.72881508116561,286744800
2020-03-10,68.94554138183594,69.21133137729244,65.08677501833562,66.96421319736713,285290000
2020-03-11,66.551025390625,67.9500415324096,65.68841908631278,67.02461750309321,255598800
2020-03-12,59.978797912597656,65.23899494473845,59.92322498627828,61.841735279374994,418474000
2020-03-13,67.16475677490234,67.6359302649127,61.119275269390535,64.00429300943405,370732000
2020-03-16,58.524208068847656,62.60043194062402,57.99021323308223,58.46138297821733,322423600
2020-03-17,61.09752655029297,62.24524591333619,57.60361433805932,59.804826482410455,324056000
2020-03-18,59.601863861083984,60.406478598445545,57.29433564123959,57.93464652653443,300233600
2020-03-19,59.14518356323242,61.092687597465435,58.62085583762495,59.775827267657704,271857200
2020-03-20,55.39031982421875,60.84864774255849,55.09070239617697,59.72508515259065,401693200
2020-03-23,54.213600158691406,55.21151627155354,51.372080998658355,55.11003383943649,336752800
2020-03-24,59.65260696411133,59.84832336499044,56.61295251663222,57.11070131069981,287531200
2020-03-25,59.32399368286133,62.399890444761496,59.02920978154729,60.587696143364745,303602000
2020-03-26,62.44580841064453,62.50379627651141,59.52696661828964,59.56562765348039,252087200
2020-03-27,59.860408782958984,61.8248250722316,59.69368630258447,61.07095335601888,204216800
2020-03-30,61.56869888305664,61.74025490515105,60.2615017965214,60.5852833250574,167976400
2020-03-31,61.443050384521484,63.42438208826982,60.88972867869349,61.759583420299464,197002000
2020-04-01,58.21009826660156,60.09719601446135,57.78000444616135,59.560786204803335,176218400
2020-04-02,59.18143844604492,59.234596446659125,57.241182484383906,58.072376290076036,165934000
2020-04-03,58.33092498779297,59.36749875348412,57.74135704437456,58.66678493104596,129880000
2020-04-06,63.4195556640625,63.574192418824516,60.25667324880632,60.62394199347429,201820400
2020-04-07,62.685001373291016,65.64975569191732,62.58110401279755,65.43228649705053,202887200
2020-04-08,64.28942108154297,64.60353188066507,63.119952317554805,63.4848025037082,168895200
2020-04-09,64.75334167480469,65.25592782434815,63.958397538567084,64.92490142355433,161834800
2020-04-13,66.0242919921875,66.13302662112467,64.23142416734326,64.83065918840516,131022800
2020-04-14,69.35868835449219,69.64864228665921,67.18405598474394,67.65522928105665,194994800
2020-04-15,68.72566223144531,69.18475002856255,67.80748663721087,68.23516188327974,131154400
2020-04-16,69.271728515625,69.63658597716727,68.22307301485074,69.43845097329417,157125200
2020-04-17,68.33179473876953,69.3345480225858,66.89653644635722,68.7884711835537,215250000
2020-04-20,66.9134750366211,68.06119834153615,66.89414820439593,67.15993823398618,130015200
2020-04-21,64.84513854980469,66.99077762058634,64.1347578473476,66.75640021366904,180991600
2020-04-22,66.71289825439453,67.14782183221747,65.77055891988769,66.11124487734209,116862400
2020-04-23,66.45438385009766,68.07811050746528,66.41572281375096,66.65734876053877,124814400
2020-04-24,68.37289428710938,68.38256138963163,66.93038709342744,66.97871523220005,126161200
2020-04-27,68.42120361328125,68.75222988872481,67.64316798553294,68.09016996400102,117087600
2020-04-28,67.31214904785156,69.06393705890572,67.22033738750322,68.88271760948632,112004800
2020-04-29,69.52300262451172,69.99175732397147,68.59516032345273,68.79812513551234,137280800
2020-04-30,70.98967742919922,71.16606696831562,69.67282086621682,70.06183497622997,183064000
2020-05-01,69.84680938720703,72.24615310349837,69.06877359729275,69.16542249456992,240616800
2020-05-04,70.83505249023438,70.96311392727311,69.1823321546666,69.87096747127923,133568000
2020-05-05,71.89820861816406,72.7294023781066,71.14916678667844,71.29414381435919,147751200
2020-05-06,72.63999938964844,73.27063948300304,72.21473542323028,72.59891973995855,142333600
2020-05-07,73.39147186279297,73.7370026138725,72.96379653826914,73.26582900938926,115215200
2020-05-08,75.1382827758789,75.19158466112692,73.72336874196486,74.05044815626871,133838400
2020-05-11,76.32063293457031,76.81487886134366,74.43811241092033,74.64647707690482,145946400
2020-05-12,75.44841766357422,77.45449582037008,75.32727766040104,77.00385116379037,162301200
2020-05-13,74.53742218017578,76.54835012163572,73.46169865336998,75.62768191190082,200622400
2020-05-14,74.99534606933594,75.0559160635201,73.05468108965971,73.77667808210235,158929200
2020-05-15,74.55196380615234,74.5979975896763,72.7348641211466,72.76878686428954,166348400
2020-05-18,76.30850982666016,76.68162311206635,75.18433442581173,75.8748339325949,135178400
2020-05-19,75.86756134033203,77.17102150533867,75.83606375790906,76.32546668705436,101729600
2020-05-20,77.34306335449219,77.41331924575681,76.68647909264409,76.72524478806615,111504800
2020-05-21,76.76641082763672,77.7452239875939,76.5289737926269,77.20493698671349,102688800
2020-05-22,77.26067352294922,77.34304783651851,76.40300024409417,76.50475370458611,81803200
2020-05-26,76.73734283447266,78.55686050645615,76.68161577577496,78.37757568234818,125522000
2020-05-27,77.0716781616211,77.21704762323688,75.85543536682479,76.59439371595593,112945200
2020-05-28,77.10560607910156,78.36303980666368,76.47083369438819,76.74702903556799,133560800
2020-05-29,77.03050231933594,77.80821903420895,76.67435043039059,77.34788852176631,153532400
2020-06-01,77.97782135009766,78.09896135300481,76.8536385740957,76.98447184749915,80791200
2020-06-02,78.33880615234375,78.36303562857958,77.27035057638682,77.71130190496551,87642800
2020-06-03,78.77006530761719,79.03173182452788,78.08683399477036,78.65861858793946,104491200
2020-06-04,78.09169006347656,78.89121109253435,77.71857679947686,78.59321142956854,87560400
2020-06-05,80.3158187866211,80.37638878570603,78.31216587865904,78.34123829521202,137250400
2020-06-08,80.79067993164062,80.82460267780965,79.30308470158906,80.01296326734492,95654400
2020-06-09,83.34188079833984,83.73437314923221,80.439371619184,80.47086919688729,147712400
2020-06-10,85.48606872558594,85.95366732051313,83.85067883247099,84.28920501230608,166651600
2020-06-11,81.38186645507812,85.05483286146779,81.28011297568305,84.63084277845434,201662400
2020-06-12,82.0844497680664,84.26496946856898,80.97481077374836,83.5187504243347,200146000
2020-06-15,83.099609375,83.75134312369018,80.57747385342842,80.73980469603605,138808800
2020-06-16,85.30192565917969,85.57328542706455,83.51874869015089,85.1517132659384,165428800
2020-06-17,85.1832046508789,86.10629064630962,85.06206467884026,86.04572066029029,114406400
2020-06-18,85.21713256835938,85.63385439323685,84.60900750577136,85.13960120703389,96820400
2020-06-19,84.73015594482422,86.38735014117718,83.62293464807695,85.92217671437545,264476000
2020-06-22,86.94702911376953,87.08997343752344,85.07662707395669,85.12266086900618,135445200
2020-06-23,88.8028793334961,90.22021867227018,87.77076426941889,88.18991128978877,212155600
2020-06-24,87.23533630371094,89.3504433677871,86.86222303304002,88.43220009652119,192623200
2020-06-25,88.39344787597656,88.43221356918069,86.63207466747622,87.39041236684457,137522400
2020-06-26,85.67747497558594,88.50972868089589,85.52968033530838,88.28925300034977,205256800
2020-06-29,87.65206146240234,87.74655421504602,85.10812136493809,85.5854132789762,130646000
2020-06-30,88.38372802734375,88.66962400453063,87.22078715611465,87.24016629998945,140223200
2020-07-01,88.2165756225586,89.00398569728229,88.16812405423994,88.46128081179627,110737200
2020-07-02,88.2165756225586,89.75748041356287,88.10271110979996,89.122707936332,114041600
2020-07-06,90.57637023925781,91.04396881704737,89.61209327585406,89.64359085564888,118655600
2020-07-07,90.29533386230469,91.7320524889195,90.18388713248098,90.95433575857336,112424400
2020-07-08,92.3983154296875,92.42981301031341,91.18449035546323,91.27171499364255,117092000
2020-07-09,92.79566955566406,93.34321735378231,91.74901813164107,93.28991545550893,125642800
2020-07-10,92.95800018310547,93.01615241811884,91.78052278573126,92.39106579987347,90257200
2020-07-13,92.52914428710938,96.8683794397454,92.31593673037001,94.26144459491981,191649200
2020-07-14,94.06037139892578,94.25176728421596,90.97856936107081,91.91134148904221,170989200
2020-07-15,94.70726013183594,96.18274459430761,93.51039621887803,95.9331964647362,153198000
2020-07-16,93.54186248779297,94.39711039249674,92.9434307316656,93.58062816600412,110577600
2020-07-17,93.3529052734375,94.14758336972574,92.8804563206502,93.99252801605422,92186800
2020-07-20,95.3202133178711,95.45831468469305,93.09608481622666,93.44012565034129,90318000
2020-07-21,94.00464630126953,96.185166447433,93.75509818029391,96.11006023390243,103433200
2020-07-22,94.26871490478516,94.94952104533722,93.61940634409747,93.7066235863698,89001600
2020-07-23,89.97794342041016,94.0797418561393,89.16872914510222,94.00221048521436,197004400
2020-07-24,89.75505828857422,90.09909918615199,86.39221027249204,88.17782031323753,185438800
2020-07-27,91.88226318359375,91.97433076494785,90.59333922603253,90.81623268150157,121214000
2020-07-28,90.37285614013672,91.63028980605597,90.3680058085899,91.45342276195278,103625600
2020-07-29,92.10517883300781,92.28931402530422,90.81867244089453,90.85501296732149,90329200
2020-07-30,93.21965026855469,93.32382888856975,90.87195660039106,91.27898520449537,158130000
2020-07-31,102.97868347167969,103.12889587437893,97.71151174507618,99.70790378289954,374336800
2020-08-03,105.57350158691406,108.19012242087766,104.56077304212948,104.85877268635082,308151200
2020-08-04,106.27853393554688,107.36879381499179,105.0404794276689,105.76247640960193,173071600
2020-08-05,106.66376495361328,106.98357631299436,105.53473931977294,105.99992015103618,121776800
2020-08-06,110.38518524169922,110.87943850296628,106.40695185464003,106.99569046941184,202428800
2020-08-07,107.87547302246094,110.36331995262405,107.07936230109387,109.90701123297559,198045600
2020-08-10,109.44345092773438,110.46043507725163,106.7954093213871,109.31966296937568,212403600
2020-08-11,106.1886215209961,109.20559017872704,105.9289127146506,108.70802360073796,187902400
2020-08-12,109.71770477294922,109.97498398938008,107.08422600127558,107.2783964791796,165598000
2020-08-13,111.65943145751953,112.66185296122792,110.60846363412838,111.09632674056478,210082000
2020-08-14,111.55994415283203,111.64974819993897,109.75170070282874,111.48470252378944,165565200
2020-08-17,111.2686538696289,112.70554049467134,110.64244782402939,112.68126733476751,119561600
2020-08-18,112.19585418701172,112.62060863769267,110.68615521459195,111.02110562369826,105633600
2020-08-19,112.33663177490234,113.74924556112234,112.24197605902953,112.60362178027331,145538000
2020-08-20,114.82933044433594,114.94340764743272,112.3608970952543,112.37788905057565,126907200
2020-08-21,120.74677276611328,121.22977689357654,115.77592935893642,115.78806223773633,338054800
2020-08-24,122.19093322753906,125.03315266970756,120.32686973134855,124.94819288976294,345937600
2020-08-25,121.18852233886719,121.53318353096768,119.4676607314497,121.06474178007431,211495600
2020-08-26,122.83654022216797,123.29284897570295,121.43848913169968,122.50401940268071,163022400
2020-08-27,121.36812591552734,123.77102105443406,120.22492431150832,123.43850018201364,155552400
2020-08-28,121.1715316772461,122.75889449051752,120.94822892350749,122.3414212260646,187630000
2020-08-31,125.28071594238281,127.1836224608346,122.32928572568825,123.8632579117057,225702700
2020-09-01,130.27099609375,130.87294402694218,126.72733558856538,128.89236599971812,151948100
2020-09-02,127.57195281982422,133.96026120747115,123.30014277535787,133.5816235663219,200119000
2020-09-03,117.35842895507812,125.08653127360425,116.9895020715435,123.21276461682936,257599600
2020-09-04,117.43610382080078,120.0962780604988,107.65947073062564,116.57203254505438,332607200
2020-09-08,109.53324890136719,115.52349838716887,109.39732807142673,110.63032628792358,231366600
2020-09-09,113.90214538574219,115.66912348309229,111.90216122256825,113.84389572106855,176940500
2020-09-10,110.1837387084961,116.98952122909824,109.22258206036143,116.85360038621577,182274400
2020-09-11,108.73712921142578,111.8730336076421,106.79539476122176,111.2322576836528,180860300
2020-09-14,111.99923706054688,112.55263104986112,109.51381948146934,111.37788266577749,140150100
2020-09-15,112.17398834228516,115.36814206757629,110.3002144975742,114.88270850580793,184642000
2020-09-16,108.86334228515625,112.62060121644382,108.77596778791039,111.87303669164397,154679000
2020-09-17,107.12549591064453,108.9313097079175,105.54298485481058,106.52356291630672,178011000
2020-09-18,103.72744750976562,107.64975186458288,102.99929711385688,107.18373975919344,287104900
2020-09-21,106.87308502197266,106.97988102839547,100.09642732020315,101.49447874455225,195713800
2020-09-22,108.55265808105469,109.57207159281869,105.97986595474057,109.39731520243424,183055400
2020-09-23,103.99932098388672,108.84394734905581,103.65951146024476,108.36822438593991,150718700
2020-09-24,105.06725311279297,107.03811241012444,101.94105943821374,102.10610509006938,167743300
2020-09-25,109.00899505615234,109.16433740208637,104.53329556197552,105.27115689090073,149981400
2020-09-28,111.61090087890625,111.96041368995603,109.49440992627346,111.65944720543573,137672400
2020-09-29,110.76624298095703,111.95070223231198,110.26139526105185,111.21284844222973,99382200
2020-09-30,112.43614196777344,113.84390402616219,110.30994757365427,110.4749932403561,142675200
2020-10-01,113.3875961303711,114.29050304173128,112.45556438431055,114.2128318777771,116120400
2020-10-02,109.7274169921875,112.00896103141628,108.95072761058432,109.60120691204848,144712000
2020-10-05,113.1060562133789,113.25168781010125,110.24200024207266,110.59151311135399,106243800
2020-10-06,109.86332702636719,112.73709281720426,108.97983439036447,112.3293229967493,161498200
2020-10-07,111.72742462158203,112.18373349473666,110.80509612706318,111.28082649663705,96849000
2020-10-08,111.62059783935547,113.0089381653486,111.25166358040926,112.86330661087659,83477200
2020-10-09,113.56233978271484,113.59146461414193,111.57205902106843,111.9215718124515,100506900
2020-10-12,120.77588653564453,121.53316180020073,115.8050435838883,116.56231884844449,240226800
2020-10-13,117.57202911376953,121.73705073964729,116.16427448485399,121.62054399652054,262330500
2020-10-14,117.65940856933594,119.4458008172495,116.1351472290792,117.47494141501437,150712000
2020-10-15,117.19339752197266,117.66912045188067,114.70797946369227,115.26137355970408,112559200
2020-10-16,115.5526351928711,118.00893594757436,115.34875392683747,117.74679760043794,115393800
2020-10-19,112.60118865966797,116.9118342796432,112.29051143113706,116.46523622657561,120639300
2020-10-20,114.08661651611328,115.513792607474,112.2613812832418,112.81477533834804,124423700
2020-10-21,113.46527099609375,115.25166338254114,113.05750107559587,113.2710930798733,89946000
2020-10-22,112.37788391113281,114.60117079702067,111.2516743484804,114.02835526922215,101988000
2020-10-23,111.6885757446289,113.15458745033783,110.95071451824744,112.99924512599237,82572600
2020-10-26,111.69828796386719,113.15458894171616,109.59150025316038,110.688585063703,111850700
2020-10-27,113.20310974121094,113.86329970843428,111.20312575541465,112.12544659755038,92276800
2020-10-28,107.96044921875,112.06722147724142,107.86336396260268,111.69829454102945,143937800
2020-10-29,111.96041107177734,113.52350793821675,108.9313025825577,109.09635564462052,146129200
2020-10-30,105.68860626220703,108.72741799712837,104.58181822292556,107.82451118538518,190272600
2020-11-02,105.60123443603516,107.4555945603439,104.19347979423505,105.9313331743507,122866900
2020-11-03,107.22259521484375,108.24200151383607,105.56241289323033,106.46531984784082,107624400
2020-11-04,111.6011962890625,112.22255078584597,109.07694271998845,110.81479612438059,138235500
2020-11-05,115.56233978271484,116.1351553723964,113.46527015302647,114.51380126430563,126387100
2020-11-06,115.4310302734375,115.92702142810049,112.94131732140758,115.07118700641044,114457900
2020-11-09,113.1261215209961,118.64043465344767,112.86353836131654,117.19134868504119,154515300
2020-11-10,112.78572082519531,114.36123445028848,110.99623930767311,112.37725487942362,138023400
2020-11-11,116.20906066894531,116.34521597780906,113.24281153166176,113.97221815196379,112295000
2020-11-12,115.93675994873047,117.22051541325983,115.31433350652887,116.33550583009225,103162300
2020-11-13,115.98538970947266,116.38412816982795,114.63355658842221,116.16044760960408,81581900
2020-11-16,116.99684143066406,117.66789057082231,114.90587400574458,115.65472831052979,91183000
2020-11-17,116.11184692382812,117.35670011994341,115.69365335764155,116.2674572832977,74271000
2020-11-18,114.78915405273438,116.53000547162844,114.7599789740788,115.35323030643576,76322100
2020-11-19,115.38240814208984,115.79087409284412,113.60265410249275,114.36123584529591,74113000
2020-11-20,114.11809539794922,115.50883100676269,114.06947274108221,115.38240319501891,73604300
2020-11-23,110.72394561767578,114.39043445067523,110.6266928661709,113.96251344016258,127959300
2020-11-24,112.0076904296875,112.66901946402936,109.49852961528087,110.78229252304031,113874200
2020-11-25,112.84407043457031,113.54430200672213,112.00768354782322,112.37725433307455,76499200
2020-11-27,113.38870239257812,114.26399194036229,113.02886649286769,113.36925481147574,46691300
2020-11-30,115.78115844726562,117.64843779643516,113.60265845332594,113.75826877571102,169410200
2020-12-01,119.35038757324219,120.07979426970195,116.7147989337566,117.68734119570294,127728200
2020-12-02,119.70050048828125,119.98253862781858,117.57063061172147,118.66960066999447,89004200
2020-12-03,119.56434631347656,120.38127824003541,118.85438720785504,120.1284151780445,78967600
2020-12-04,118.8932876586914,119.4865390127896,118.18332856578574,119.23367595532766,78260400
2020-12-07,120.35210418701172,121.14958854018184,118.89329080292673,118.95164096391939,86712000
2020-12-08,120.9648208618164,121.54835223688058,119.7102402772839,120.95510078016575,82225500
2020-12-09,118.43620300292969,122.49170271232049,117.67762117756554,121.1106943933289,115089200
2020-12-10,119.85611724853516,120.4688236783502,116.85096494578069,117.19135328461722,81312200
2020-12-11,119.04888916015625,119.38927743158283,117.23996015210895,119.06833673856299,86939800
2020-12-14,118.43620300292969,119.96309415447033,118.20279492279666,119.23368741163418,79184500
2020-12-15,124.36870574951172,124.3881607505194,120.72167215100104,120.92590514212858,157243700
2020-12-16,124.30062866210938,124.84524997430788,123.08495079030278,123.91161767905837,98208600
2020-12-17,125.16619873046875,126.02204075578122,124.5243172114844,125.36070423445284,94359800
2020-12-18,123.18220520019531,125.5552106694522,122.65703149372492,125.41905534776451,192541500
2020-12-21,124.70909118652344,124.78689634893868,120.06034032088816,121.5872313887212,121251600
2020-12-22,128.25888061523438,130.71941139606707,126.09010064650239,127.99629004452623,168904800
2020-12-23,127.36416625976562,128.79379001399928,127.18910090140182,128.5312142361838,88223700
2020-12-24,128.3463897705078,129.79548292817182,127.50028284184114,127.71424330377316,54930100
2020-12-28,132.9368133544922,133.56895993255333,129.84412103088945,130.3109520335808,124486200
2020-12-29,131.16677856445312,134.97914269594398,130.6513323196226,134.25947087325437,121047300
2020-12-30,130.04833984375,132.25601471943688,129.73711922699422,131.85726886914946,96452100
2020-12-31,129.046630859375,131.04034539862676,128.10326370918978,130.39846396533886,99116600
2021-01-04,125.8567123413086,129.94138734935098,123.27947356294186,129.85386209713596,143301900
2021-01-05,127.41278076171875,128.12274743338224,124.90361946526627,125.35099552083753,97664900
2021-01-06,123.12383270263672,127.45164965166228,122.90987224593289,124.21308256408004,155088000
2021-01-07,127.32524871826172,128.01576034902203,124.34927136052875,124.83554255858496,109578200
2021-01-08,128.42417907714844,128.9882552399278,126.65414544499792,128.79373496048996,105158200
2021-01-11,125.43850708007812,126.59583484109754,124.97169091120101,125.64274750135974,100384500
2021-01-12,125.26346588134766,126.12902803614703,123.37673122396438,124.9717001892066,91951100
2021-01-13,127.2960433959961,127.84066463408008,124.96194813568883,125.22452383559776,88636800
2021-01-14,125.37042236328125,127.40303206132965,125.22453212496984,127.20852658339784,90221800
2021-01-15,123.64901733398438,126.64444915422231,123.5128620166925,125.24398598218208,111598500
2021-01-19,124.32008361816406,125.1759255883475,123.45452156734409,124.27145353534586,90757300
2021-01-20,128.40475463867188,128.85213061210496,125.02031169638846,125.12729193961263,104319500
2021-01-21,133.11181640625,135.83493692542157,129.92187989059025,130.12612023644863,120150900
2021-01-22,135.25143432617188,136.0100159621577,131.31263593020583,132.53803360991805,114459400
2021-01-25,138.99574279785156,141.10615779384105,132.79091821695442,139.14163304575837,157611700
2021-01-26,139.22915649414062,140.3378541007655,137.48829750104505,139.65707747210416,98390600
2021-01-27,138.1593780517578,140.33787848176394,136.55468894542827,139.4917564593141,140843800
2021-01-28,133.32583618164062,138.09130292156465,132.94654523318187,135.6891219680526,142621100
2021-01-29,128.33670043945312,132.98545188101477,126.63475125528835,132.1004347436925,177523800
2021-02-01,130.45680236816406,131.66275996689077,127.3349355620146,130.0775115262782,106239800
2021-02-02,131.28350830078125,132.5672565949287,130.91393742770222,132.00318020332065,83305400
2021-02-03,130.2622833251953,132.04203704071995,129.9413426709387,132.03230212283063,89880900
2021-02-04,133.61758422851562,133.6273043090521,130.8944628567243,132.55751669715318,84183100
2021-02-05,133.20359802246094,133.84643851699295,132.32700815681875,133.77826657108233,75693800
2021-02-08,133.3497314453125,133.39843419416206,131.411474992241,132.49261062393538,71297200
2021-02-09,132.47315979003906,134.29454199245745,132.3173317614118,133.0672978062939,76774200
2021-02-10,131.86924743652344,133.42764614924684,130.9049865610518,132.93089894279558,73046600
2021-02-11,131.61602783203125,132.84325691578465,130.291393245221,132.3659937299951,64280000
2021-02-12,131.84979248046875,132.0056353585524,130.21348684657468,130.8563275721737,60145100
2021-02-16,129.72647094726562,132.47313069680968,129.33686380627134,131.96666370650627,80576300
2021-02-17,127.43757629394531,128.78169493091983,126.10320712430666,127.83691804290048,97918500
2021-02-18,126.33695983886719,126.61941198787154,124.09676726976038,125.84021263400942,96856700
2021-02-19,126.49280548095703,127.31097309084008,125.45063790347744,126.85319396385569,87668800
2021-02-22,122.72344207763672,126.34670679460257,122.33384236261952,124.68116782712916,103916400
2021-02-23,122.58708190917969,123.4149766498793,115.31133387912055,120.54169271715817,158273000
2021-02-24,122.09036254882812,122.29490075920138,119.0515006449994,121.69102816600345,111039900
2021-02-25,117.84371948242188,123.17147632846172,117.40542445743719,121.43776543888308,148199500
2021-02-26,118.10670471191406,121.6033452358005,118.04825992472897,119.40211317040608,164560400
2021-03-01,124.46691131591797,124.60327011935185,119.59693281900122,120.53196779868955,116307900
2021-03-02,121.8663558959961,125.37273925310699,121.7592157646373,125.07080293618576,102260900
2021-03-03,118.88590240478516,122.44098788620711,118.67162218049718,121.56439034639122,112966300
2021-03-04,117.00608825683594,120.38585416346811,115.53536025738819,118.58396379730593,178155000
2021-03-05,118.26254272460938,118.76902459264008,114.51266119025206,117.8339897181949,153766600
2021-03-08,113.33412170410156,117.85346041822143,113.18802088680535,117.78528102761602,154376600
2021-03-09,117.94111633300781,118.8858931954571,115.7009310503409,115.93468789918522,129525800
2021-03-10,116.86000061035156,118.99304601715157,116.34377667711071,118.52553226949556,111943300
2021-03-11,118.78849792480469,120.00599237807343,118.10670400337277,119.35341713456053,103026500
2021-03-12,117.88269805908203,118.01905686222865,116.06133086091033,117.26908344492222,88105100
2021-03-15,120.76568603515625,120.77542806971147,117.28852279845356,118.2527835825524,92403800
2021-03-16,122.30463409423828,123.9117284110974,121.47673927373422,122.4312508542222,115227900
2021-03-17,121.51568603515625,122.58707964634337,119.15861117334904,120.82415009129004,111932600
2021-03-18,117.39569854736328,119.97678859492719,117.19116034554088,119.68458691746812,121229700
2021-03-19,116.86972045898438,118.27227638684158,116.56778422545804,116.78206442899135,185549500
2021-03-22,120.18131256103516,120.64883370339138,117.13270910784668,117.20088850037816,111912300
2021-03-23,119.35343170166016,121.00922138779639,118.96383194286418,120.12288918175794,95467100
2021-03-24,116.96713256835938,119.7040653634643,116.94765592524341,119.62614392900645,88530500
2021-03-25,117.4541244506836,118.49630686413842,115.9054750318424,116.43143354135354,98844700
2021-03-26,118.05799102783203,118.32097396831911,115.82754049090362,117.22035432205121,94071200
2021-03-29,118.23330688476562,119.3923638462603,117.59047375295034,118.48654778202403,80819200
2021-03-30,116.78206634521484,117.26906411360106,115.76911009525196,116.98660451621751,85671900
2021-03-31,118.97355651855469,120.30792565051348,117.9995609800172,118.48655874928595,118323800
2021-04-01,119.80145263671875,120.95076768283118,119.30471282559485,120.44429326652572,75089100
2021-04-05,122.62603759765625,122.87927851383142,119.86962848939254,120.64882787870255,88651200
2021-04-06,122.927978515625,123.82405264578033,122.38254338092113,123.21043811923847,80171300
2021-04-07,124.57405090332031,124.5935275475856,121.88582070386657,122.55788011147936,83466700
2021-04-08,126.97005462646484,126.99927330265552,125.17790646414029,125.59671739753477,88844600
2021-04-09,129.54141235351562,129.58036563750287,126.1032091394081,126.42462946477704,106686700
2021-04-12,127.8271713256836,129.39530463290586,127.23303349221449,129.07388434312833,91420000
2021-04-13,130.93423461914062,131.15826433043802,128.49924537282473,128.99599269074992,91266500
2021-04-14,128.5966339111328,131.4894019428346,128.2362603060902,131.43096458655666,87222800
2021-04-15,131.0023651123047,131.4893627521274,130.16472857733012,130.3400554559003,89347100
2021-04-16,130.67123413085938,131.16796646381349,129.81411337251544,130.80759290041487,84922400
2021-04-19,131.33352661132812,131.94714842450873,129.87253361765187,130.03811104016313,94264200
2021-04-20,129.64854431152344,132.00561168739057,128.3823471626382,131.50887932231677,94812300
2021-04-21,130.0283966064453,130.27189547649485,127.88560952240783,128.91804235349915,68847100
2021-04-22,128.5089874267578,130.66150947358742,127.99277092528317,129.58037371612286,84566500
2021-04-23,130.8271026611328,131.60628729046172,128.72326849315886,128.72326849315886,78657500
2021-04-26,131.21669006347656,131.5478450047434,130.08685158645528,131.32383017529745,66905100
2021-04-27,130.89524841308594,131.88872793710226,130.62253087504087,131.49912083847275,66015800
2021-04-28,130.1063690185547,131.50892543763737,129.61937108759528,130.81738183639615,107760100
2021-04-29,130.0089111328125,133.5055661641117,129.0056969879915,132.92116293750138,151101000
2021-04-30,128.04148864746094,130.0868708182536,127.66163089702832,128.35315956120257,109839500
2021-05-03,129.09341430664062,130.5836417558544,128.4018855175399,128.6064163405703,75135100
2021-05-04,124.52532196044922,128.07067238199318,123.40522566029897,127.77847076247717,137564700
2021-05-05,124.76884460449219,127.05772538948398,124.6422204183204,125.84023086704354,84000900
2021-05-06,126.36619567871094,126.37593028448455,123.8240591134078,124.56429785702491,78128300
2021-05-07,127.03939056396484,128.0638111341248,126.3271553590937,127.66380595625425,78973300
2021-05-10,123.76118469238281,126.38567778466182,123.72215780429457,126.25885342470616,88071200
2021-05-11,122.84410095214844,123.19532812082859,119.78055295740043,120.49278076667929,126142800
2021-05-12,119.78055572509766,121.60502403427476,119.27322096428664,120.39522003263365,112172300
2021-05-13,121.92698669433594,123.07825403932372,121.23427605914434,121.54648377421124,105861300
2021-05-14,124.34656524658203,124.77585354473081,122.78552704006465,123.17578845259833,81918000
2021-05-17,123.19532012939453,123.83925269137897,122.12210663637244,123.7319305977149,74244600
2021-05-18,121.80988311767578,123.89777321547987,121.74158792545293,123.4782434793631,63342900
2021-05-19,121.65380859375,121.8782039395482,119.86836719410006,120.16106519010208,92612000
2021-05-20,124.20999908447266,124.61001915730156,122.05381347828964,122.18065274217139,76857100
2021-05-21,122.37577819824219,124.8831983677244,122.16113401006866,124.70758107227505,79295400
2021-05-24,124.00511169433594,124.82466155300955,122.87336158160026,122.94165678285485,63092900
2021-05-25,123.80998229980469,125.19541091008112,123.24410353248182,124.7075784829674,72009500
2021-05-26,123.76118469238281,124.28803651614747,123.34165494995638,123.86850677372105,56575900
2021-05-27,122.22942352294922,124.5319579811851,122.03429651202822,123.3611810284224,94625600
2021-05-28,121.57575988769531,122.73678589181651,121.51722326349409,122.51238309301259,71311100
2021-06-01,121.25377655029297,122.29772171588232,120.92205913488071,122.03429950032661,67637100
2021-06-02,122.01478576660156,122.19040306312083,121.02938463288338,121.253779962891,59278900
2021-06-03,120.53179168701172,121.80989069682863,120.13177164794705,121.64403199734149,76229200
2021-06-04,122.82457733154297,123.08800699874061,120.83425044759345,121.04889463757115,75169300
2021-06-07,122.83433532714844,123.24410653680496,121.7903901347652,123.09775754946514,71057600
2021-06-08,123.65387725830078,125.33200387040455,123.13678395621102,123.51728685562117,74403800
2021-06-09,124.03437805175781,124.63928371308171,123.43923097435068,124.1124318358548,56877900
2021-06-10,123.03923034667969,125.06858426923962,122.87337162202547,123.92706803553762,71186400
2021-06-11,124.24903106689453,124.33684344114933,123.02946851727127,123.44899833208643,53522400
2021-06-14,127.30281829833984,127.36135492119467,123.97585539548058,124.70759295564363,96906500
2021-06-15,126.48324584960938,127.41987625518645,126.23933338731938,126.77594378180441,62746300
2021-06-16,126.9808120727539,127.70279826458582,125.33197646072955,127.19545621391383,91815000
2021-06-17,128.58090209960938,129.32240559947226,126.49301177385304,126.63936820067508,96721700
2021-06-18,127.28328704833984,128.3077074896389,127.06864288856177,127.52719951288445,108953300
2021-06-21,129.0784912109375,129.18581330080102,126.063736441913,127.1271913132279,79663300
2021-06-22,130.7175750732422,130.8151460223462,128.4150406144124,128.91263161271146,74783600
2021-06-23,130.44442749023438,131.04934073165782,129.98587070972775,130.51273014944366,60214200
2021-06-24,130.16146850585938,131.36151382298493,129.69314579268672,131.17613794325877,68711000
2021-06-25,129.8687744140625,130.6297802366699,129.5760764313894,130.21025787505408,70783700
2021-06-28,131.49806213378906,131.95661867246497,130.1028902430498,130.1614268416497,62111300
2021-06-29,133.0103302001953,133.16643773077968,131.07854789272267,131.51758729616188,64556100
2021-06-30,133.62503051757812,134.0640700400228,132.56156070353867,132.8542586809143,63261400
2021-07-01,133.92750549316406,133.98604212249344,132.45426418125246,133.27382165358517,52485800
2021-07-02,136.5519561767578,136.59097561940857,134.3957635112395,134.5421050302235,78852600
2021-07-06,138.56179809570312,139.66427232062847,136.65928383502748,136.65928383502748,108181800
2021-07-07,141.04971313476562,141.36191336128311,139.1862182535438,140.04478004189397,104911600
2021-07-08,139.75209045410156,140.5521155930635,137.2446631833098,138.13250812343543,105575500
2021-07-09,141.57656860351562,142.10341304013653,139.17646311232951,139.27403406481795,99890800
2021-07-12,140.9813995361328,142.7570893612842,140.49357462424308,142.64976728517905,76299700
2021-07-13,142.0936737060547,143.8693639556699,140.1326224508896,140.52287651879445,100827100
2021-07-14,145.5181884765625,145.9279745686904,144.0839818158266,144.4937679079545,127050800
2021-07-15,144.86451721191406,146.34750947636803,143.50836421958925,145.60602078776031,106820300
2021-07-16,142.82540893554688,146.11334481046933,142.32783277394142,144.84501166670194,93251400
2021-07-19,138.9813232421875,140.56188618036083,138.22031752231123,140.2496710710599,121434600
2021-07-20,142.5912322998047,143.5181116494979,139.47892150687957,139.9667464752501,96350000
2021-07-21,141.8594970703125,142.57173225410514,141.10825732605966,141.9863363279922,74993500
2021-07-22,143.2254180908203,144.59132208932277,142.25951926436974,142.38635852395822,77338200
2021-07-23,144.94256591796875,145.0986734955369,143.34250046599004,143.95716474814094,71447400
2021-07-26,145.36207580566406,146.1816181027515,144.10347916841854,144.65960672609336,72434100
2021-07-27,143.19618225097656,145.57677109148528,142.0058878307222,145.48895126026883,104818600
2021-07-28,141.44970703125,143.39125553651849,139.0691190835095,141.283848347971,118931200
2021-07-29,142.0936737060547,142.9815188308623,141.05948702759235,141.16680912935195,56699500
2021-07-30,142.3083038330078,142.76686050541852,140.60091640214495,140.86434605990442,70440600
2021-08-02,141.97654724121094,143.37171915384715,141.71311765614436,142.7960894089371,62880000
2021-08-03,143.77175903320312,144.43519376937195,141.64483467000184,142.25949882463198,64786600
2021-08-04,143.37173461914062,144.19127687526958,142.7180510419496,143.68394969989515,56368300
2021-08-05,143.47909545898438,144.2401013148973,142.61076750096896,143.40104166770632,46397700
2021-08-06,142.79507446289062,143.74287381363573,142.29675296375655,143.00027443873307,54126800
2021-08-09,142.74624633789062,143.34228507821692,142.18930041536296,142.8537292225246,48908700
2021-08-10,142.2675018310547,144.3292085832048,141.97436527249621,143.08827226738262,69023100
2021-08-11,142.52149963378906,143.36181621242878,142.19905101424288,142.70715322469806,48493500
2021-08-12,145.482177734375,145.63851920327534,142.5019837127135,142.84397881224007,72282600
2021-08-13,145.68731689453125,146.01953119495764,144.87631263675843,145.56028764044126,59375000
2021-08-16,147.66111755371094,147.72952253031957,143.1175540441941,145.1401675406519,103296000
2021-08-17,146.75242614746094,148.20831321235303,145.67759718518755,146.7915040599331,92229700
2021-08-18,143.01011657714844,147.27032560258291,142.80491649169554,146.37138432871737,86326000
2021-08-19,143.34225463867188,144.6125025756358,141.1926123120228,141.71048021632114,86960300
2021-08-20,144.79815673828125,145.10105892019794,143.42042593388106,144.06532310737114,60549600
2021-08-23,146.2834014892578,146.75241093803115,144.50505101044897,144.91543614181833,60131800
2021-08-24,146.19546508789062,147.40708910674365,145.7362213417673,146.02935786837372,48606400
2021-08-25,144.96432495117188,146.87947087329786,144.41714466186295,146.3811342523207,58991300
2021-08-26,144.16305541992188,145.70689371393732,144.13374326132688,144.95452843061085,48597200
2021-08-27,145.1988067626953,145.34536755607812,143.4693148530707,144.10443150378484,55802400
2021-08-30,149.6153564453125,149.97689795560206,145.20858752404757,145.58966053577964,90956700
2021-08-31,148.3549041748047,149.30270392723426,147.8272553901817,149.16590885521063,86453100
2021-09-01,149.01930236816406,151.43276949828842,148.8531951656688,149.33198527371385,80313700
2021-09-02,150.13319396972656,151.1787105563669,148.91180444862712,150.34815971820325,71115500
2021-09-03,150.76837158203125,151.09082030337387,149.5860596037749,150.24072279818162,57808700
2021-09-07,153.10362243652344,153.6605683081019,150.85626272401808,151.42298925392222,82278300
2021-09-08,151.559814453125,153.4456331023822,150.45567332943037,153.38700877891932,74420200
2021-09-09,150.5435791015625,152.53688004294122,150.42631558063064,151.9310756713578,57305700
2021-09-10,145.56036376953125,151.92135699493102,145.2965393767227,151.45234744847278,140893200
2021-09-13,146.1270751953125,147.9542695218118,145.34538275990522,147.18235774668085,102404300
2021-09-14,144.7297821044922,147.61227358439965,143.5474852815467,146.9087519585389,109296300
2021-09-15,145.6189422607422,146.01956159972383,143.01982179601146,145.1596986106003,83281300
2021-09-16,145.38446044921875,145.56034832894838,143.85040265204483,145.0424802595639,68034100
2021-09-17,142.71694946289062,145.41378761722353,142.4238129361749,145.41378761722353,129868800
2021-09-20,139.6683349609375,141.5248410433877,138.03656037257468,140.50865153615536,123478900
2021-09-21,140.14712524414062,141.29035906389458,139.51200859720305,140.6356810985669,75834000
2021-09-22,142.51174926757812,143.0784609405733,140.4109501394529,141.14378392401113,76404300
2021-09-23,143.46932983398438,143.71360778815728,142.30656438659437,143.29344195401745,64838200
2021-09-24,143.5572509765625,144.09466540021555,142.2283784515029,142.32609558654582,53477900
2021-09-27,142.042724609375,142.61923184992318,140.52821338546616,142.14044174425882,74150700
2021-09-28,138.6619110107422,141.4369043819852,138.44694526555043,139.97123697906306,108972300
2021-09-29,139.56088256835938,141.14379894035906,138.77919013309102,139.2091217179658,74602000
2021-09-30,138.26129150390625,141.07537768507382,138.0463257589815,140.37185613978193,89056700
2021-10-01,139.38499450683594,139.64881887167329,135.9260252404235,138.65216064526572,94639600
2021-10-04,135.95530700683594,138.95504676613083,135.10522468851968,138.5153346198599,98322000
2021-10-05,137.8802490234375,138.98439014714222,136.1703033445533,136.29733265175278,80861100
2021-10-06,138.74986267089844,138.89642346342436,135.20294239635672,136.2777712400183,83221100
2021-10-07,140.01031494140625,140.91903648455812,139.453369081024,139.78558344753552,61732700
2021-10-08,139.62925720214844,140.87995899645605,139.2970427994977,140.73339820397527,58773200
2021-10-11,139.5413360595703,141.49555969160025,138.56422424355534,139.0137022391212,64452200
2021-10-12,138.27110290527344,139.9712830193318,137.8118591085372,139.95173660619236,73035900
2021-10-13,137.684814453125,138.16358964828814,136.0139468710265,138.00726310614547,78762700
2021-10-14,140.46957397460938,140.58683751822448,138.27107262847971,138.8573456179309,69907100
2021-10-15,141.52488708496094,141.5835114147044,140.2253264406504,140.47938508226497,67940300
2021-10-18,143.19573974609375,143.47909561279081,139.88333128324254,140.1666871499396,85589200
2021-10-19,145.3551483154297,145.75576773810008,143.19573955238386,143.64520263819782,76378900
2021-10-20,145.8437042236328,146.32249438069462,144.72979735027167,145.29652399244392,58418800
2021-10-21,146.0586700439453,146.21501151275598,144.48551942420278,145.40400691653662,61421000
2021-10-22,145.28671264648438,146.74259925266702,145.23785408913082,146.26382415540198,58883400
2021-10-25,145.23788452148438,145.95117189778182,144.24122639888336,145.27696242983234,50720600
2021-10-26,145.90237426757812,147.38757380600188,145.59945701676844,145.91214002036054,60893400
2021-10-27,145.44309997558594,146.30294823636,145.0913391249601,145.94142163499626,56094900
2021-10-28,149.0779571533203,149.66421529809745,146.29318250961379,146.39089965518153,100077900
2021-10-29,146.37135314941406,146.5081482073945,143.0589446865979,143.85040287273776,124953200
2021-11-01,145.55055236816406,146.27360541935798,144.41709931929685,145.57986452377787,74588300
2021-11-02,146.58628845214844,148.10081443519022,145.2476354029817,145.25741606122364,69122000
2021-11-03,148.0226593017578,148.49166875101167,146.39088452432864,146.94783044977856,54511500
2021-11-04,147.5048065185547,148.94114717338857,147.19212358039826,148.11061107430388,60394600
2021-11-05,148.03317260742188,148.9334254421716,146.83935549516048,148.6300811635526,65463900
2021-11-08,147.2112274169922,148.31697989696048,146.93723803048172,148.16041026715402,55020900
2021-11-09,147.5732879638672,148.17997664131613,146.83938459031998,146.97637928946335,56787900
2021-11-10,144.7453155517578,146.9078907486886,144.67682566721112,146.8002509889988,65187100
2021-11-11,144.6963653564453,146.22288178403127,144.5104408038777,145.76298280044355,41000000
2021-11-12,146.77090454101562,147.17209373098063,144.3147648635999,145.24437287945577,63804000
2021-11-15,146.78065490722656,148.6203105600799,146.22288125155492,147.1427090779816,59222800
2021-11-16,147.7592010498047,148.23868992516853,146.13482479249984,146.72195341819835,59256200
2021-11-17,150.19578552246094,151.67337235529826,147.7494408070529,147.7592208106454,88807000
2021-11-18,154.4817657470703,155.2645990140686,149.7652210699027,150.411059635024,137827700
2021-11-19,157.104248046875,157.5641620110988,153.1705218782956,154.2664794451428,117305600
2021-11-22,157.56419372558594,162.14374442137012,157.54461878472307,158.210017461011,117467900
2021-11-23,157.94578552246094,158.3274146566765,155.64621578340464,157.66200120676388,96041900
2021-11-24,158.46446228027344,158.66016691398406,156.21382166433506,157.29999955243147,69463600
2021-11-26,153.44448852539062,157.00636502097973,153.0041495633598,156.14526203093936,76959800
2021-11-29,156.80087280273438,157.73048055072377,155.38198131594635,155.94953492440175,88748200
2021-11-30,161.7523193359375,161.9675988704111,156.4877806077615,156.5562854284138,174048100
2021-12-01,161.23367309570312,166.6449857878265,160.99881865483053,163.88550209995378,152052500
2021-12-02,160.24537658691406,160.6759356934568,154.41329850184846,155.33312660558886,136739200
2021-12-03,158.36654663085938,161.4195945786872,156.29205136899398,160.49976670029744,118023100
2021-12-06,161.77188110351562,164.27693555746282,160.7541933995356,160.76397340255957,107497000
2021-12-07,167.50611877441406,167.89754291240308,164.7270745855606,165.4511980423622,120405400
2021-12-08,171.3223876953125,172.1835056764081,167.03638765651502,168.43570437579535,116998900
2021-12-09,170.81350708007812,172.9565066376083,170.18724366461112,171.15600118455282,108923700
2021-12-10,175.5985565185547,175.77470103797503,170.94072325775102,171.44956695337927,115402700
2021-12-13,171.96824645996094,178.22110269969062,171.76274694249355,177.2327699190323,153237000
2021-12-14,170.5885009765625,173.92531854630914,168.51400556372403,171.48875398461132,139380400
2021-12-15,175.45181274414062,175.64751729804553,168.6118288401074,171.3517373886768,131063300
2021-12-16,168.5629425048828,177.25236431050817,167.08535557027756,175.4322831196354,150185800
2021-12-17,167.46694946289062,169.74694420568176,166.0480727156741,166.2829122189755,195432700
2021-12-20,166.10678100585938,166.91896912005944,163.86593615587674,164.66832933666538,107499100
2021-12-21,169.27725219726562,169.48273676499653,165.49030091905374,167.87793543850688,91185900
2021-12-22,171.87039184570312,172.08567137280502,168.45528928513505,169.32618739702795,92135300
2021-12-23,172.4966278076172,173.0544014741378,171.50831008728667,172.07586375572322,68356600
2021-12-27,176.459716796875,176.54778161213417,173.26968906108772,173.2892490658333,74919600
2021-12-28,175.44203186035156,177.43825729141835,174.69834852343934,176.29336988152778,79144300
2021-12-29,175.5301055908203,176.7532777728696,174.316713410959,175.48117571727812,62348900
2021-12-30,174.37545776367188,176.69460283265636,174.2678179931173,175.61820512711046,59773000
2021-12-31,173.7589569091797,175.38331824017646,173.45559766181222,174.2677857929612,64062300
2022-01-03,178.1036376953125,178.95497562988,173.89593761791699,174.0133573614573,104487900
2022-01-04,175.84323120117188,179.01369889567948,175.2756775127618,178.71035458130368,99310400
2022-01-05,171.16583251953125,176.3031560396219,170.89184312629723,175.7551772531539,94537600
2022-01-06,168.30850219726562,171.53767993498516,167.95622799076347,168.99347567343597,96904000
2022-01-07,168.47488403320312,170.4026050689991,167.3593513212815,169.17943258086993,86709100
2022-01-10,168.49444580078125,168.79779016511287,164.56071920573362,165.45119229098708,106765600
2022-01-11,171.3223876953125,171.4202325096092,167.15382233749222,168.62162893365016,76138300
2022-01-12,171.7627410888672,173.37732250749067,171.0679876032979,172.3400748149154,74805200
2022-01-13,168.49444580078125,172.8293615927784,168.1030216763988,172.00739332853072,84505800
2022-01-14,169.35552978515625,170.0502832024392,167.4180143556812,167.66264878484014,80440800
2022-01-18,166.15570068359375,168.836884364845,165.7740715864879,167.82899175117316,90956700
2022-01-19,162.66236877441406,167.4082840823907,162.3785993220683,166.35146124273905,94815000
2022-01-20,160.97926330566406,166.0383024176851,160.65634400941124,163.39625309442948,91420500
2022-01-21,158.92434692382812,162.76021377251277,158.81670715554318,160.89120276470334,122848900
2022-01-24,158.15127563476562,158.81668910799385,151.37979580013618,156.58562410189697,162294600
2022-01-25,156.3507843017578,159.26682305990172,153.65002507588994,155.56795099632697,115798400
2022-01-26,156.2626953125,160.86181974023197,154.43283450239605,159.99092174206848,108275300
2022-01-27,155.80279541015625,160.32363543352318,154.88296745549835,158.96346843901696,121954600
2022-01-28,166.67434692382812,166.69392186078738,159.30595841103175,162.15350702087153,179935700
2022-01-31,171.02886962890625,171.24414918238276,165.87197021276285,166.5080288685089,115541600
2022-02-01,170.8624725341797,171.0875320298687,168.61183278338754,170.27534392743365,86213900
2022-02-02,172.06610107421875,172.10525095182186,169.6099763158955,170.99949834473722,84914300
2022-02-03,169.1891632080078,172.45749049022623,168.42590499267487,170.7352545735362,89418100
2022-02-04,168.90504455566406,170.5804825811808,167.22960653014735,168.20939100229583,82465400
2022-02-07,168.1898193359375,170.43351937589156,167.49416572772904,169.36555780513737,77251200
2022-02-08,171.29571533203125,171.80520742660315,167.96443926792173,168.25837758980256,74829200
2022-02-09,172.7163848876953,173.0789003149091,171.36427769381476,172.49103867215615,71285000
2022-02-10,168.64051818847656,171.93259499604034,168.08204874852603,170.61968723864308,90865900
2022-02-11,165.23085021972656,169.58109560057568,164.64297356543503,168.84625725787345,98670700
2022-02-14,165.46597290039062,166.15181890180784,163.19286620961176,163.98648907913181,86185500
2022-02-15,169.29696655273438,169.45373566949445,166.80832036305304,167.5137664381475,62527400
2022-02-16,169.06179809570312,169.83582117930217,166.61233714082573,168.3759520184021,61177400
2022-02-17,165.46597290039062,168.4347180532064,165.06425776016,167.57250310838387,69589300
2022-02-18,163.91796875,167.0924613280084,162.83040723152354,166.3870301609273,82772700
2022-02-22,160.99819946289062,163.32028399061443,158.87205389872815,161.64484588368407,91162800
2022-02-23,156.8341064453125,162.79118283457873,156.5205682404435,162.19351371308113,90009200
2022-02-24,159.45013427734375,159.55791116992768,148.9272434071185,149.49552020889521,141147500
2022-02-25,161.5175018310547,161.78203291625664,157.617948249187,160.5279097890242,91974200
2022-02-28,161.7820281982422,162.07596656799925,159.1464052349538,159.76367431641097,95056600
2022-03-01,159.9008026123047,163.232078365881,158.69567205028895,161.3704791343853,83474400
2022-03-02,163.19290161132812,163.97673219026618,159.65587901852524,161.0667710705488,79724800
2022-03-03,162.86959838867188,165.4954290281514,162.20335200198932,165.06432138955572,76678400
2022-03-04,159.87142944335938,162.2033212553789,158.82306783943153,161.16475211398938,83737200
2022-03-07,156.0796661376953,161.68403439715155,155.82491261205914,160.05758861933697,96418800
2022-03-08,154.2572784423828,159.58730866544224,152.65043241487155,155.60938587479396,131148300
2022-03-09,159.65586853027344,160.1065759424101,156.187438255504,158.21558423430952,91454900
2022-03-10,155.31544494628906,157.14763719865718,152.82678391494153,156.9614757494235,105342000
2022-03-11,151.60205078125,156.06007322521145,151.37670453340775,155.71714267170483,96970100
2022-03-14,147.57513427734375,151.0043799732345,147.06565710961667,148.38835719355112,108732100
2022-03-15,151.95477294921875,152.42508026860065,147.33999637401098,147.84947354452075,92964300
2022-03-16,156.36380004882812,156.76551526978483,151.33751588171134,153.87515407206308,102300200
2022-03-17,157.37298583984375,157.7453087439647,154.44343967423552,155.40362432397723,75615400
2022-03-18,160.6650390625,161.15493125437885,156.53034776701656,157.26518605483486,123511700
2022-03-21,162.03675842285156,162.98715054298916,159.71465909153343,160.20455132045697,95811400
2022-03-22,165.40725708007812,165.99511891868582,161.57629538795769,162.16415722656538,81532000
2022-03-23,166.76914978027344,169.1500192740017,164.2608885491977,164.59402668830268,98062700
2022-03-24,170.55108642578125,170.61966356312797,166.76911784992285,167.60192566241446,90131400
2022-03-25,171.18795776367188,171.73663471959298,169.25778100424003,170.36494232979024,80546200
2022-03-28,172.0501708984375,172.1775327221898,168.52294058057433,168.6895021580393,90371900
2022-03-29,175.3422088623047,175.39118611815218,172.77516377216674,173.11809426503288,100589400
2022-03-30,174.17630004882812,175.979099995584,173.12792342578476,174.94053078604693,92633200
2022-03-31,171.0801544189453,174.4310152677539,170.87439311711938,174.24485383998842,103049300
2022-04-01,170.7862548828125,171.3447392929013,168.46417011530542,170.51191638497735,78751300
2022-04-04,174.83274841308594,174.8817406281064,170.9136104166494,171.0409871856376,76468400
2022-04-05,171.5210723876953,174.6955795536943,170.8940109049415,173.9117489626708,73401800
2022-04-06,168.35635375976562,170.1199686542609,166.69072328453476,168.87563829115544,89058800
2022-04-07,168.66009521484375,169.85543344405016,166.41639539463952,167.69991063657648,77594700
2022-04-08,166.6515655517578,168.30740398265033,165.7795578216243,168.30740398265033,76575500
2022-04-11,162.39926147460938,165.61295305467232,162.1543153788709,165.29942982629515,72246700
2022-04-12,164.27064514160156,166.43596014907794,163.27126093413113,164.62336810010157,79265200
2022-04-13,166.95529174804688,167.58235330112555,163.39868377604554,164.00614545081112,70618900
2022-04-14,161.9485626220703,167.80768430539896,161.70361651341247,167.17081545269417,75329400
2022-04-18,161.73306274414062,163.23213209405864,160.26338573831293,160.6063014028095,69023900
2022-04-19,164.01593017578125,164.42745284930518,160.59649161266293,161.68405307765963,67723800
2022-04-20,163.84938049316406,165.46603411276996,162.7422340206999,165.34844979022682,67929800
2022-04-21,163.0557403564453,168.06243992326603,162.55605562621574,165.49540922825548,87227800
2022-04-22,158.51934814453125,164.4764404677371,158.2352171809879,163.09495550660975,84882400
2022-04-25,159.5873260498047,159.87145701566283,155.25667975939896,157.8628955248933,96046400
2022-04-26,153.63021850585938,159.0582182667308,153.55183394880203,158.9700412464134,95623200
2022-04-27,153.4048614501953,156.55975368530983,152.2389155403168,152.7582001127346,88063200
2022-04-28,160.33197021484375,161.19418554841906,155.71717762760275,156.03071591265862,130216800
2022-04-29,154.46299743652344,162.84015665375182,154.07108967503086,158.56829627206238,131747600
2022-05-02,154.76675415039062,155.0312851805643,150.17156281104934,153.54202362072925,123055300
2022-05-03,156.2560272216797,157.46117291588328,153.15991957685017,154.95291204808,88966500
2022-05-04,162.66384887695312,163.11454143572888,156.04049519291306,156.44221048032446,108256500
2022-05-05,153.60084533691406,160.76306880958393,151.81763007952642,160.5377225238718,130525300
2022-05-06,154.3269500732422,156.44639806349898,151.28514888506098,153.08079107355962,116124600
2022-05-09,149.2049102783203,152.90412873322438,148.6456204167706,152.02101820173502,131577900
2022-05-10,151.6089324951172,153.79707304983472,150.05859659800515,152.59997843272657,115366700
2022-05-11,143.7493438720703,152.53129738037643,143.07229678522884,150.6179132038416,142689800
2022-05-12,139.88333129882812,143.45498708775622,136.19393338715008,140.08939498593494,182602000
2022-05-13,144.34788513183594,145.31930242919321,140.422988536555,141.8751960845671,113990900
2022-05-16,142.80735778808594,144.75019240669823,141.47289233038416,142.81717961196202,86643800
2022-05-17,146.43792724609375,146.95797495332027,143.92598033573168,146.06505720231044,78336300
2022-05-18,138.1759796142578,144.59317839270622,137.27324030149254,144.09275951105042,109742900
2022-05-19,134.7711639404297,139.00023828873597,134.03524571353756,137.2536602280289,136095600
2022-05-20,135.00662231445312,138.0582299092985,130.1201304167111,136.47845848613497,137426100
2022-05-23,140.42300415039062,140.57018180016163,135.06551311431642,135.202883911534,117726300
2022-05-24,137.72462463378906,139.30439614103204,134.7515166065387,138.16617251433556,104132700
2022-05-25,137.88162231445312,139.12776621000188,135.742545873108,135.8308524536192,92482700
2022-05-26,141.08038330078125,141.62986633656274,134.56505664226245,134.81036263839988,90601500
2022-05-27,146.83038330078125,146.8696256795322,142.5326166713653,142.6601806038178,90978500
2022-05-31,146.0453643798828,147.83119909756292,144.08291654363944,146.27105666109873,103718400
2022-06-01,145.91783142089844,148.89093902040028,144.90715690011942,147.08547543452738,74286600
2022-06-02,148.3708953857422,148.429766433254,144.1025647736461,145.05435330119587,72348100
2022-06-03,142.65036010742188,145.19172685572278,141.7476357595722,144.14180991397814,88570300
2022-06-06,143.39608764648438,145.78046996633253,142.17936438712687,144.2693764860653,71598400
2022-06-07,145.91783142089844,146.20237980048756,141.39438806442126,141.63969407079793,67808200
2022-06-08,145.18191528320312,147.05604181726716,144.6913032640919,145.79026939576806,53950200
2022-06-09,139.96180725097656,145.17210490927135,139.85387199936835,144.31844471982856,69473000
2022-06-10,134.55526733398438,138.11710068108783,134.48657445941151,137.6461172993445,91437900
2022-06-13,129.4038543701172,132.6615109809625,128.97211331960065,130.37525676148604,122207100
2022-06-14,130.26731872558594,131.37610685696256,129.01135295389076,130.63038185886012,84784300
2022-06-15,132.88719177246094,134.76133366612893,129.67859928442957,131.7685967366082,91533000
2022-06-16,127.61801147460938,129.90426555728718,126.61715864214314,129.60008846415832,108123900
2022-06-17,129.08987426757812,130.5813394854212,127.37273163941983,127.62785955501533,134520300
2022-06-21,133.31890869140625,134.48656772231706,130.8167993077871,130.91491273074396,81000500
2022-06-22,132.80868530273438,135.17342395812105,131.39572023105475,132.25918724085466,73409200
2022-06-23,135.67385864257812,135.9878425646897,133.0834276529192,134.25108671150673,72433800
2022-06-24,139.0001983642578,139.24550436943025,137.14568556404583,137.27323450557805,89116800
2022-06-27,139.0001983642578,140.79584011879487,138.32315139441545,140.02066475796738,70207900
2022-06-28,134.8594207763672,140.72713574825013,134.74167869464102,139.46136345282662,67083400
2022-06-29,136.61582946777344,138.02879459026983,134.1038981265762,134.87907356263912,66242400
2022-06-30,134.1529541015625,135.77196780465343,131.2583461315228,134.67300165333307,98964500
2022-07-01,136.32144165039062,136.42937688810812,133.11284998534265,133.48570492012948,71051600
2022-07-05,138.902099609375,138.9511638153359,134.3590266331402,135.18326636531972,73353800
2022-07-06,140.23654174804688,141.41400763305737,138.43109305954474,138.69602774966668,74064300
2022-07-07,143.60215759277344,143.79839942455877,140.58979232323185,140.5995991745189,66253700
2022-07-08,144.2792205810547,144.77965457747027,142.27752951227805,142.53264245103242,64547800
2022-07-11,142.14991760253906,143.88668829327412,141.08038702449986,142.93489980535588,63141600
2022-07-12,143.12135314941406,145.66272006961017,142.32656399441228,143.02322474684678,77588800
2022-07-13,142.75831604003906,143.70028289937923,139.45158026337106,140.30525550924634,71185600
2022-07-14,145.68235778808594,146.1533412106034,140.5603662797928,141.37478416032295,78140700
2022-07-15,147.3504180908203,148.02746510063992,145.4174054581408,146.96774129904725,76259900
2022-07-18,144.30862426757812,148.7241323716371,143.9455611978647,147.90971463576915,81420900
2022-07-19,148.16485595703125,148.3905333334654,144.1516525247905,145.14268358851726,82982400
2022-07-20,150.16653442382812,150.83377461851506,147.5466677906739,148.28258588894056,64823400
2022-07-21,152.4331817626953,152.6490522792443,149.08720372847873,151.59913522400217,65086600
2022-07-22,151.19679260253906,153.34567541649065,150.52956751320949,152.47238671293337,66675400
2022-07-25,150.0782012939453,152.1289557716175,149.4207830391442,151.11829629325123,53623900
2022-07-26,148.75357055664062,150.21558479499407,147.96858832963514,149.4011670445513,55138700
2022-07-27,153.8461151123047,154.37598449377768,149.3030578563077,149.71517016840275,78620700
2022-07-28,154.3956298828125,154.68017830567564,151.51082841353704,154.03256675700305,81378700
2022-07-29,159.45872497558594,160.55770616166393,156.50524578988953,158.21258113398608,101786900
2022-08-01,158.4774932861328,160.51844113720935,157.8691391572039,157.98688125382472,67829400
2022-08-02,157.00564575195312,159.36059231885778,156.63279081571793,157.09396729027588,59907000
2022-08-03,163.01075744628906,163.4621121282082,157.73176722636683,157.82007379818262,82507500
2022-08-04,162.69679260253906,164.05088687619767,161.34269832888046,162.89303446062004,55474100
2022-08-05,162.47079467773438,162.96208826310027,160.16170882927858,160.368058732092,56697000
2022-08-08,161.99913024902344,164.88793871959618,161.3407986917232,163.47301089783898,60276900
2022-08-09,162.0482635498047,162.9326009401167,160.40734488370262,161.16394115258205,63135500
2022-08-10,166.29307556152344,166.39132529301642,163.99380994682684,164.76022682069504,70170500
2022-08-11,165.5560760498047,168.01254335724568,165.26129697429445,167.0987297224726,57149200
2022-08-12,169.10325622558594,169.1720295303759,166.4502588992338,166.8629587003345,68039400
2022-08-15,170.17425537109375,170.37076978453467,168.36629877849532,168.53333677957454,54091700
2022-08-16,170.01705932617188,170.6852264080059,168.6709196812625,169.77141253005902,56377100
2022-08-17,171.51055908203125,173.08268924248625,169.56504107416526,169.76155547008622,79542000
2022-08-18,171.11753845214844,171.8544787813878,170.1054749327735,170.72450960712317,62290100
2022-08-19,168.53335571289062,170.71470043124475,168.3270058100883,170.01705694310306,70346300
2022-08-22,164.65211486816406,166.90223255698254,164.22959465128477,166.73519456201245,69026800
2022-08-23,164.31805419921875,165.77229405857466,163.74815182078322,164.1706721156108,54147100
2022-08-24,164.61277770996094,165.18267989573337,163.35506771138927,164.40644286266408,53841500
2022-08-25,167.0692901611328,167.17737534622174,165.41855096314578,165.841056236527,51218200
2022-08-26,160.77090454101562,168.07153485537452,160.71195171096292,167.59989722186273,78961000
2022-08-29,158.56991577148438,160.0634374134409,157.03708224821386,158.3439099366534,73314000
2022-08-30,156.14292907714844,159.72936621122975,154.9736479587286,159.30686092942906,77906200
2022-08-31,154.48233032226562,157.78382326299328,154.403721562595,157.51852057324083,87991100
2022-09-01,155.20944213867188,155.66142374222144,151.97672265788725,153.91242016030444,74229900
2022-09-02,153.09689331054688,157.56766760419046,152.2715237467297,156.9682888748041,76957800
2022-09-06,151.8391876220703,154.3546082697241,151.01381803326322,153.74540904842692,73714800
2022-09-07,153.24424743652344,153.94187568438204,150.93516240637726,152.12409905857882,87449600
2022-09-08,151.77040100097656,153.6373103822705,150.02138227376568,151.94725947173376,84923800
2022-09-09,154.6297149658203,155.07189112050955,152.0553417641127,152.76280561990976,68028800
2022-09-12,160.5841827392578,161.39973173078485,156.5261087123494,156.81105233922636,104956000
2022-09-13,151.1612091064453,157.74454025448654,150.69939192954584,157.11568505512628,122656600
2022-09-14,152.60556030273438,154.36439914916104,150.93516566698943,152.09461094592444,87965400
2022-09-15,149.71676635742188,152.5368010537083,148.7440148881969,151.9570633678186,90481100
2022-09-16,148.07586669921875,148.71455728301882,145.78643705402317,148.57699569456918,162278800
2022-09-19,151.79002380371094,151.86863255679214,146.50371634850782,146.7100512063952,81474200
2022-09-20,154.16790771484375,155.3273682721185,150.41443284470995,150.7288529156578,107689800
2022-09-21,151.0432891845703,155.97588059110078,150.92538353116046,154.60024966459952,101696800
2022-09-22,150.080322265625,151.780193333908,148.28218651419172,149.72659039660394,86652500
2022-09-23,147.810546875,148.8324456934816,145.9731140864417,148.55732254844892,96029900
2022-09-26,148.14466857910156,151.0924300246352,147.03434030349507,147.0539962445305,93339400
2022-09-27,149.11740112304688,152.02586530633175,147.33892101138343,150.08034720002962,84442700
2022-09-28,147.2308349609375,148.01690757279204,142.31789987820665,145.06914652315353,146691400
2022-09-29,139.9989776611328,144.16515152497595,138.2303182381293,143.55595244325275,128138200
2022-09-30,135.79354858398438,140.60823487907734,135.59703414181732,138.819918971248,124925300
2022-10-03,139.9695281982422,140.57874239032802,135.29241903979042,135.8033685254817,114311700
2022-10-04,143.5559844970703,143.67389015390162,141.74801279814906,142.50460908002574,87830100
2022-10-05,143.85073852539062,144.81368463210958,140.51976901629106,141.56132388640066,79471000
2022-10-06,142.8976287841797,144.97088807825529,142.69129389793306,143.27101666436323,68402200
2022-10-07,137.6505889892578,140.60818501990053,137.0217340014585,140.05792378662625,85925600
2022-10-10,137.97486877441406,139.4192729060871,136.15709176712548,137.97486877441406,74899000
2022-10-11,136.5599365234375,138.88867789955424,135.8131758038938,137.4639147607023,77033700
2022-10-12,135.9310760498047,137.9159059012539,135.7542175942047,136.70732814205923,70433700
2022-10-13,140.5001220703125,141.08966528093347,132.0302118420066,132.63942598399592,113224000
2022-10-14,135.97039794921875,142.00348171103434,135.78370401470698,141.79713183786654,88598000
2022-10-17,139.93023681640625,140.41169491464842,137.82750095740744,138.61357366022068,85250900
2022-10-18,141.24685668945312,144.14548483681097,138.1615346456643,142.95656316967438,99136600
2022-10-19,141.35498046875,142.42599680685538,139.03607431855443,139.22276826600364,61758300
2022-10-20,140.89315795898438,143.34962560942563,140.16603813694184,140.52960554450746,64522000
2022-10-21,144.7056121826172,145.2755145225026,140.16604940438248,140.38221977444553,86548600
2022-10-24,146.84762573242188,147.6140424012265,143.45770354454174,144.62698448602487,75981900
2022-10-25,149.68731689453125,149.83471395703802,146.75921150175503,147.476495894735,74732300
2022-10-26,146.74937438964844,149.34340346890698,145.4621728259598,148.33134005875115,88194300
2022-10-27,142.2786102294922,146.45460526216635,141.6202786941001,145.49167413504986,109180200
2022-10-28,153.02810668945312,154.75745443354808,145.24601935139384,145.6193922207591,164762400
2022-10-31,150.6698760986328,151.55421333060897,149.27460445858512,150.4930176480896,97943200
2022-11-01,148.02671813964844,152.74313850206963,146.53319676946654,152.37958612806426,80379300
2022-11-02,142.5045928955078,149.5202635488904,142.47511648464766,146.35633217647393,93604600
2022-11-03,136.4617156982422,140.31345573900342,136.33397456392473,139.5863358104831,97918500
2022-11-04,136.1959228515625,140.4182062307737,132.2590557307122,139.84735869609568,140814800
2022-11-07,136.72743225097656,136.95379796987663,133.52872680415337,134.94600177423487,83374600
2022-11-08,137.2982635498047,139.19779504119253,135.31999290082103,138.1939045722533,89908500
2022-11-09,132.74136352539062,136.36329048249235,132.4657839221066,136.31407662091405,74917800
2022-11-10,144.5519561767578,144.5519561767578,137.2982811810409,139.0108242882595,118854000
2022-11-11,147.33731079101562,147.6424157179768,142.09143135008082,143.51855829432515,93979700
2022-11-14,145.939697265625,147.90813128864986,145.10310679865555,146.61880940644215,73374100
2022-11-15,147.6719207763672,151.16589433590542,146.2152837355369,149.81752177217496,89868300
2022-11-16,146.44163513183594,147.50459125268796,144.96530968920132,146.77628031248196,64218300
2022-11-17,148.34120178222656,149.08920136807347,143.84332244877638,144.1189020339811,80389400
2022-11-18,148.9021759033203,150.28992540848853,147.60301733738748,149.90608139833125,74829600
2022-11-21,145.6739501953125,147.99670287508093,145.3885338782466,147.790025718782,58724100
2022-11-22,147.8096923828125,148.04590985414606,144.6109873377189,145.79205967642807,51804100
2022-11-23,148.6856689453125,149.43366845656658,146.98296272757275,147.09122719796105,58301400
2022-11-25,145.7723846435547,146.5302359602774,144.79800437919693,145.96922504559745,35195900
2022-11-28,141.9438018798828,144.32560563619245,141.1170630589414,142.84927987681326,69246000
2022-11-29,138.94192504882812,142.52447466230237,138.13487484288268,142.01267756953146,83763800
2022-11-30,145.69363403320312,146.3727461321645,138.33169544585772,139.16827084330671,111380900
2022-12-01,145.96923828125,146.77630352615344,144.29607218523327,145.87082558028513,71250400
2022-12-02,145.4771270751953,145.66413072697534,143.35121453595042,143.6563344518848,65447400
2022-12-05,144.3157501220703,148.53803463745106,143.46932286260514,145.4377569527139,68826400
2022-12-06,140.6544647216797,144.97517704731527,139.68008441838234,144.74881132681773,64727200
2022-12-07,138.71554565429688,141.10718574311466,137.7903792762826,139.9458168978351,69721100
2022-12-08,140.39854431152344,141.25482328488022,138.8730200272998,140.1131279990439,62128300
2022-12-09,139.9163055419922,143.2724894333561,138.6761823933455,140.09345741010685,76097000
2022-12-12,142.20950317382812,142.21933993621704,138.83363144766497,140.44774653895632,70462700
2022-12-13,143.17408752441406,147.60306524114876,141.96350448686977,147.1404819226305,93886200
2022-12-14,140.94972229003906,144.3452679150581,138.9320744491566,143.05594605605327,82291200
2022-12-15,134.34561157226562,139.5619643292127,133.88302841156911,138.88285224146853,98931900
2022-12-16,132.3870086669922,135.47744910553232,131.61932069307161,134.53260929976452,160156900
2022-12-19,130.28079223632812,133.0661279935264,129.24737645818792,132.97755207276447,79592600
2022-12-20,130.21192932128906,131.146932591331,127.8399624333377,129.31628812854967,77432800
2022-12-21,133.3121795654297,134.65071518492888,130.6547968699711,130.8811625578248,85928000
2022-12-22,130.14300537109375,132.4362327068824,128.24347383297044,132.2295555538223,77852100
2022-12-23,129.7788543701172,130.33001348787815,127.59389142616514,128.8536879861786,63814900
2022-12-27,127.97772979736328,129.33595400462013,126.68840798575984,129.30642869732836,69007800
2022-12-28,124.05072021484375,128.9619612841453,123.883405115354,127.62342547026658,85438400
2022-12-29,127.56439208984375,128.4206562494189,125.71406645421771,125.9699575201466,75703700
2022-12-30,127.87931823730469,127.8990067839709,125.41878304163788,126.38331908581098,77034200
2023-01-03,123.09601593017578,128.83399514878522,122.21021915687207,128.2237854341601,112117500
2023-01-04,124.36566162109375,126.62936374107429,123.10586505340991,124.88729543343348,89113600
2023-01-05,123.04682922363281,125.75342648367807,122.79093816187682,125.12352808569513,80962700
2023-01-06,127.57420349121094,128.23362708296847,122.91886125861728,124.02118700839063,87754700
2023-01-09,128.09584045410156,131.30439758356596,127.83994943275363,128.41079711233908,70790800
2023-01-10,128.6667022705078,129.18833615231142,126.09789493911427,128.20411901412172,63896200
2023-01-11,131.3831329345703,131.4028064616691,128.40095662151043,129.1784814447806,69458900
2023-01-12,131.3043975830078,132.14097304777255,129.36548883237654,131.76698078856714,71379600
2023-01-13,132.63307189941406,132.7905502170586,129.58200833933589,129.94616380817476,57809700
2023-01-17,133.79443359375,135.12311725700644,132.01300359662682,132.70195234994011,63646600
2023-01-18,133.0759735107422,136.42230495988363,132.8988066595986,134.66056331872014,69672800
2023-01-19,133.1350555419922,134.0995841255356,131.6587298451973,131.9638347529944,58280400
2023-01-20,135.69398498535156,135.84162653742413,132.1015991542997,133.14486670992753,80223600
2023-01-23,138.8828582763672,141.0579844042408,135.72351517113088,135.94004410758743,81760300
2023-01-24,140.28042602539062,140.90048744485267,138.08562666123444,138.0954634232415,66435100
2023-01-25,139.62103271484375,140.18202862963406,136.61916767862735,138.6663409653264,65799300
2023-01-26,141.6878662109375,141.97328249331738,139.6603668579937,140.91032647908082,54105100
2023-01-27,143.6267852783203,144.9062704324847,140.82177572822627,140.90051489349364,70555800
2023-01-30,140.7430419921875,143.2527985417942,140.59541543784155,142.6721140707524,64015300
2023-01-31,142.01266479492188,142.06187864867766,140.03439402480078,140.4477633640219,65874500
2023-02-01,143.13465881347656,144.29604258311244,139.0895417079852,141.69771052689384,77663600
2023-02-02,148.43960571289062,148.7939093931277,145.831421817907,146.5498959772077,118339000
2023-02-03,152.06153869628906,154.8960886893848,145.496812581912,145.6936529941079,154357300
2023-02-06,149.3352508544922,150.6836384438328,148.40024764766747,150.1620046015634,69858300
2023-02-07,152.2091522216797,152.77999988075524,148.2624474794368,148.2624474794368,83322600
2023-02-08,149.5222625732422,152.14028370808583,148.7840997356859,151.45133472995892,64120100
2023-02-09,148.4888153076172,151.89421276586904,148.04592065726195,151.35289040745275,56007100
2023-02-10,148.853515625,149.17880490718028,147.08908410868764,147.32566223415182,57450700
2023-02-13,151.6529998779297,152.05713357186568,148.76483299254943,148.79440338379132,62199000
2023-02-14,151.01226806640625,151.5741355635304,148.7056873791277,149.9476888936107,61707600
2023-02-15,153.1118621826172,153.279432747917,150.696851620169,150.923562968411,65573800
2023-02-16,151.51499938964844,154.09758049199988,151.16013965459408,151.31784339392544,68167900
2023-02-17,150.37158203125,150.81515300249052,148.69586111717868,150.17444104857563,59144100
2023-02-21,146.35968017578125,149.1394173925265,146.29068760704538,148.05511953332274,58867200
2023-02-22,146.78353881835938,147.8086807909047,145.0585291708209,146.74410160351695,51011300
2023-02-23,147.26651000976562,148.19308888929672,145.13736699227027,147.94665897626774,48394200
2023-02-24,144.61497497558594,145.08811632211885,143.63910684752537,145.00925692421464,55469600
2023-02-27,145.8076629638672,147.039812645864,145.34437348016522,145.60067024018994,44998500
2023-02-28,145.30494689941406,146.95109701970668,144.7332276594082,144.95008720013072,50547000
2023-03-01,143.2349395751953,145.1275197577975,142.93922063146897,144.73323786008925,55479000
2023-03-02,143.82635498046875,144.61493369350907,141.8450488958328,142.31820514818978,52238100
2023-03-03,148.87326049804688,148.9521198871165,145.22610023869615,145.9259528752422,70732300
2023-03-06,151.6332550048828,154.06798373466975,151.26854354881283,151.59381779613093,87558000
2023-03-07,149.43511962890625,151.83041139396585,148.9718301446463,151.50512207262017,56182000
2023-03-08,150.68698120117188,151.278419098267,149.66183922588297,150.62784041964048,47204800
2023-03-09,148.4395294189453,152.33311931510104,148.08466971716794,151.36711819838627,53833600
2023-03-10,146.37936401367188,148.7845223003039,145.50207415084836,148.06495118697146,68572400
2023-03-13,148.3212432861328,150.95311305935627,145.59079552733544,145.69922529511118,84457100
2023-03-14,150.4109649658203,151.2093955139033,147.95653254628945,149.11967456920323,73695900
2023-03-15,150.80526733398438,151.06154904978908,147.7791005346977,149.03096880678774,77167900
2023-03-16,153.62442016601562,154.22570978036399,149.47453364061312,149.98711209240733,76161100
2023-03-17,152.7865753173828,154.50173325502132,152.07685582876627,153.85115455030763,98944600
2023-03-20,155.1522674560547,155.5662829465371,151.94867858194203,152.85555389921097,73641400
2023-03-21,157.00543212890625,157.1237136794573,154.30455474450915,155.07342994575768,73938300
2023-03-22,155.5761260986328,159.8245751633318,155.5564074952064,157.02513511228065,75701800
2023-03-23,156.6604461669922,159.24304236266408,155.428296373163,156.56188320802048,67622100
2023-03-24,157.96157836914062,158.0502895303303,155.59585715875076,156.59142861861952,59196500
2023-03-27,156.0197296142578,158.47417734472043,155.61558088418133,157.6560281012329,52390300
2023-03-28,155.39869689941406,156.22671283698608,153.75254688783264,155.71413440722972,45992200
2023-03-29,158.4741668701172,158.75016719414856,157.074446643704,157.09415020907082,51305700
2023-03-30,160.0414581298828,160.1498879032855,158.96702721945866,159.22330893800608,49501700
2023-03-31,162.54515075683594,162.64372872999678,159.59785887450244,160.1202890423036,68749800
2023-04-03,163.7970428466797,163.91532439911353,161.87489241518372,161.92418140899423,56976200
2023-04-04,163.2647705078125,164.45748300799937,162.75219201536794,164.22091988909426,46278300
2023-04-05,161.4214630126953,162.69304993016723,159.48946069965245,162.38747921010668,51511700
2023-04-06,162.30862426757812,162.60434321282244,159.686606015777,160.1104583059446,45390100
2023-04-10,159.71617126464844,159.71617126464844,157.7940207437735,159.11488161033475,47716900
2023-04-11,158.5037384033203,160.04145880285023,158.21787125365222,160.03160702009572,47644200
2023-04-12,157.81373596191406,159.7457382241708,157.49829842634344,158.9177372546322,50133100
2023-04-13,163.19573974609375,163.43231787231758,159.11486107428212,159.32186881483895,68445600
2023-04-14,162.8507537841797,163.9449032227771,161.48060404043056,162.23959735915352,49386500
2023-04-17,162.87046813964844,163.02818690758198,161.68760746192598,162.73246797792896,41516200
2023-04-18,164.09278869628906,165.01936778477705,163.28449117964493,163.72807715584273,49923000
2023-04-19,165.23619079589844,165.75862101045766,163.17602528319068,163.4323220199929,47720200
2023-04-20,164.27020263671875,165.47278202514906,163.19577163848064,163.71820194187683,52456400
2023-04-21,162.66348266601562,164.07305473489896,162.14105238473394,162.69305305620966,58337300
2023-04-24,162.96905517578125,163.23520373133107,161.54961626736943,162.643765839196,41949600
2023-04-25,161.43130493164062,163.93502612600452,161.39186772429704,162.8310249745858,48714100
2023-04-26,161.4214630126953,162.91976126426218,160.47518046288778,160.73146218660858,45498800
2023-04-27,166.00509643554688,166.15294840816836,162.83107706887154,162.83107706887154,64902300
2023-04-28,167.25692749023438,167.424513091262,165.4826438930684,166.08393356927388,55275900
2023-05-01,167.16819763183594,168.0159171618742,166.23176694003394,166.86262693627947,52472900
2023-05-02,166.13320922851562,167.91737470896658,165.1474894240389,167.66107793363267,48425700
2023-05-03,165.0587615966797,168.47921017635485,164.77290950021637,167.07949000013943,65136000
2023-05-04,163.4224395751953,164.6545890277647,161.96357883480147,162.53529798570008,81235400
2023-05-05,171.0914306640625,171.8110020654165,168.32154478042403,168.53840438755435,113453200
2023-05-08,171.0223846435547,171.36739258858663,169.65223472844943,170.0169462399646,55962800
2023-05-09,169.31707763671875,171.06179068201072,169.14950709207488,170.57879765359286,45326900
2023-05-10,171.08151245117188,171.54480192353225,169.44521410372417,170.5492304195713,53724500
2023-05-11,171.26881408691406,172.09681510347738,169.71137500858376,171.36739208260082,49514700
2023-05-12,170.34095764160156,171.8117019924622,168.79122976444327,171.3773829679925,45533100
2023-05-15,169.84742736816406,170.97270170588305,169.25517137496644,170.92334452950067,37266700
2023-05-16,169.84742736816406,170.9035986466086,169.58091066505557,169.76845889829133,42110300
2023-05-17,170.45941162109375,170.69630196545663,168.21872838992437,169.4920742376562,57951600
2023-05-18,172.78895568847656,172.97650394815378,170.35085843606825,170.76543166507685,65496700
2023-05-19,172.89749145507812,174.11159953538055,172.68033195301507,174.11159953538055,55809500
2023-05-22,171.94989013671875,172.45331220735133,171.2095777379714,171.73273062815065,43570900
2023-05-23,169.34397888183594,171.1404774028389,169.0675968111729,170.89370662105455,50747300
2023-05-24,169.62037658691406,170.19288666082696,168.317434571077,168.88006417332414,45143500
2023-05-25,170.7555389404297,171.65377326209193,169.47232768730396,170.18302884098296,56058300
2023-05-26,173.16403198242188,173.499651782114,170.87400634832463,171.08130048749632,54835000
2023-05-30,175.0098419189453,176.67801481811213,174.28927545149398,174.67423726963298,55964400
2023-05-31,174.96051025390625,177.03339115324283,174.47683402760893,175.03947872320146,99625300
2023-06-01,177.76382446289062,177.79343575638538,174.64463768008144,175.40469602373648,68901800
2023-06-02,178.6127166748047,179.43199760539318,176.94454352013497,178.69168514468382,61996900
2023-06-05,177.2604217529297,182.5610542820425,175.7403050283916,180.27102884609,121946500
2023-06-06,176.8951873779297,177.79342164547316,175.13816542041533,177.64536518975015,64848400
2023-06-07,175.52313232421875,178.8693435880805,175.0295907510138,176.13511905525095,61944600
2023-06-08,178.2376251220703,178.50412674833163,175.1677956906412,175.60209965770608,50214900
2023-06-09,178.62258911132812,179.87617397731293,178.2968498358667,179.1556074319137,48900000
2023-06-12,181.416015625,181.51472997018058,178.63244881890137,178.92857679274874,54274900
2023-06-13,180.9422149658203,181.7713612206094,180.08345742062403,180.4388079672042,54929100
2023-06-14,181.57395935058594,182.00827838693002,179.66889592317074,181.00144926283193,57462900
2023-06-15,183.60733032226562,184.11075236554325,181.40613912687283,181.58382192499832,65433200
2023-06-16,182.53143310546875,184.57470266619666,181.88983501651188,184.31805138125782,101256200
2023-06-20,182.62025451660156,183.69618663444365,182.02801364300083,182.02801364300083,49799100
2023-06-21,181.58380126953125,183.01506865418932,180.23148727317735,182.5116466681768,49515700
2023-06-22,184.58453369140625,184.63389085713814,181.29754526800113,181.36664831236425,51245300
2023-06-23,184.26866149902344,185.13729942612093,182.6202345686034,183.1532678644832,53117000
2023-06-26,182.8769073486328,185.6209974197008,182.83741558637178,184.4167547195407,48088700
2023-06-27,185.63087463378906,185.95661391553264,183.27174625542975,183.48890577659213,50730800
2023-06-28,186.80551147460938,187.4471095844542,185.17683008088284,185.50255431027165,51216800
2023-06-29,187.14111328125,187.6149240946042,186.49951518133068,186.63770623646846,46347300
2023-06-30,191.46453857421875,191.96794560784363,188.78953634841974,189.1547673916645,85213200
2023-07-03,189.97402954101562,191.37568580561538,189.28305928715224,191.27697146600818,31458200
2023-07-05,188.85862731933594,190.48730854754436,188.15779163185775,189.09553270560195,46920300
2023-07-06,189.3324432373047,189.53973735512338,186.7561552507634,187.38788795320247,45094300
2023-07-07,188.21702575683594,190.1813268348204,187.78272178125238,188.93760736945495,46815000
2023-07-10,186.17376708984375,187.5359467558433,184.62403920180722,186.8153651594175,59922200
2023-07-11,185.65061950683594,186.85486227702734,184.18974051380027,186.71667122446578,46638100
2023-07-12,187.31878662109375,189.22385000348103,186.03557542450565,187.22993768452707,60750200
2023-07-13,188.0788116455078,188.72042471252908,187.32863389417258,188.0393349477294,41342300
2023-07-14,188.22689819335938,188.71055932283986,187.18059240914323,187.77283329330808,41616200
2023-07-17,191.48423767089844,191.80997687013638,189.33238888669695,189.42122274239145,50520200
2023-07-18,191.22763061523438,191.8198865800326,189.93455398917624,190.85254922844402,48288200
2023-07-19,192.57992553710938,195.6694855056854,190.1615598085878,190.60575926840173,80507300
2023-07-20,190.63540649414062,193.93226116956544,190.01353918252775,192.57008136763105,59581200
2023-07-21,189.46078491210938,192.4516463256053,188.75994909054472,191.5928886113432,71951700
2023-07-24,190.2602996826172,192.3924031537896,189.76675804919924,190.91177825353577,45377800
2023-07-25,191.1190643310547,191.9284798692301,190.42810903120733,190.83281680029503,37283200
2023-07-26,191.98768615722656,193.11296042478057,190.8229351880455,191.1684052777898,47471900
2023-07-27,190.7241973876953,194.65278390019768,190.06285351948284,193.4880330742484,47460200
2023-07-28,193.30052185058594,194.09019149232068,191.63234868611636,192.15550162315532,48291400
2023-07-31,193.91249084472656,193.95198260711592,192.7378594315981,193.52752900074864,38824100
2023-08-01,193.08334350585938,194.1888718595327,192.75760424557473,193.7052107356477,35175100
2023-08-02,190.09246826171875,192.65887532596588,189.37190180440743,192.52068429221174,50389300
2023-08-03,188.70069885253906,189.885195713569,188.22690312046603,189.09554118067888,61235200
2023-08-04,179.63926696777344,184.9596445164711,179.57016391801557,183.12366926443607,115956800
2023-08-07,176.53982543945312,180.76454006954836,175.05920073091434,179.7774569305225,97576100
2023-08-08,177.4775848388672,177.94151520653074,175.2862586525361,177.3690050706545,67823000
2023-08-09,175.8883514404297,178.59294967088076,174.72358547458126,178.53372709089916,60378500
2023-08-10,175.67117309570312,178.41526279292168,175.30595718386297,177.16166309157035,54686900
2023-08-11,175.7305145263672,176.55090180538758,174.50488805624465,175.26597277471524,52036700
2023-08-14,177.3811492919922,177.60848075837384,175.2560457553654,175.90840396188517,43675600
2023-08-15,175.39443969726562,177.40092323969566,174.99907927707545,176.8078826094104,43622600
2023-08-16,174.5246124267578,176.4717779827851,174.45541607052797,175.07812294847426,46964900
2023-08-17,171.9844207763672,175.4537562487029,171.47044012349116,175.08804707675128,66062900
2023-08-18,172.46875,173.0716844916875,169.96805819399307,170.30411608587545,61172200
2023-08-21,173.80308532714844,174.08973444525807,171.7274205434044,173.0420157807921,46311900
2023-08-22,175.17697143554688,175.62175563939851,174.2083279343983,175.00894251773767,42038900
2023-08-23,179.0219268798828,179.44695366375947,176.264252478764,176.45205395893973,52722800
2023-08-24,174.3368377685547,179.0021629998802,173.97111355320405,178.57713623123834,54945800
2023-08-25,176.54100036621094,177.07473842454561,173.78332608108835,175.3252527852027,51449600
2023-08-28,178.1027069091797,178.49806733287568,176.48170504077262,178.003859262239,43820700
2023-08-29,181.9871368408203,182.75810006234997,177.42066005452457,177.6183402248088,53003900
2023-08-30,185.47628784179688,185.67398314097,182.6000082560471,182.7976884731864,60813900
2023-08-31,185.69375610351562,186.92927641629686,185.3082743692093,185.6641048225717,60794500
2023-09-01,187.26531982421875,187.7199827815663,186.09898099052413,187.29497110047913,45766500
2023-09-05,187.50254821777344,187.7793035443977,185.43676200045883,186.09899903788357,45280000
2023-09-06,180.79119873046875,186.66239298088038,179.3678770840619,186.21759365485326,81755800
2023-09-07,175.503173828125,176.1456533918577,171.52973657694065,173.15073850258275,112488800
2023-09-08,176.115966796875,178.15211655476327,175.7304851357375,176.2840107997074,65551300
2023-09-11,177.28231811523438,178.21143169284028,175.28571330476424,177.98410020535158,58953100
2023-09-12,174.2577667236328,178.043402311121,172.79491507430095,177.4108165912451,90370200
2023-09-13,172.19198608398438,175.24618840249718,171.96463950783718,174.46533118918654,84267900
2023-09-14,173.70425415039062,174.060084556446,171.56927171405846,171.98440467411754,60895800
2023-09-15,172.9827117919922,174.45545734300367,171.80650919609533,174.43568479625586,109259500
2023-09-18,175.9084014892578,177.30207170667876,174.12924962468128,174.4356561798522,67257600
2023-09-19,176.99569702148438,177.54920768301113,175.07816717117066,175.4636488877364,51826900
2023-09-20,173.45712280273438,177.6183455616589,173.36815390370754,177.183440124748,58436200
2023-09-21,171.91522216796875,174.25777881422758,171.84604087673065,172.52805046683002,63149100
2023-09-22,172.76522827148438,175.02870938713053,172.03381007438438,172.64662317617766,56725400
2023-09-25,174.0403289794922,174.92001880772483,172.13267784152856,172.18210166869468,46172700
2023-09-26,169.96804809570312,173.1705067749598,169.67152023376326,172.7949188930673,64588900
2023-09-27,168.4557647705078,171.03553164114703,167.0917606780329,170.62039864934732,66921800
2023-09-28,168.7127685546875,170.03724268196555,165.6783234920371,167.37840061261642,56294400
2023-09-29,169.22671508789062,171.06516950648842,168.3667828862352,170.027329658855,51861100
2023-10-02,171.7373046875,172.28093658205415,168.9499639274405,169.23661305458424,52164500
2023-10-03,170.40292358398438,171.61868620307462,168.84123947337378,170.26454593815689,49594600
2023-10-04,171.64833068847656,172.19196251916273,168.9894891655102,169.10809426237566,53020300
2023-10-05,172.8838653564453,173.41760341955526,170.67968657288918,171.77682905786853,48527900
2023-10-06,175.43402099609375,175.92822916434707,171.17393391683964,171.78676230125848,57266700
2023-10-09,176.91661071777344,176.9759132731787,173.76356081110382,174.76185568517045,42390800
2023-10-10,176.3235321044922,177.63812721273464,175.88862664528037,176.0368980965743,43698000
2023-10-11,177.71722412109375,177.76664794425923,175.54271164011269,176.13575227199846,47551100
2023-10-12,178.61669921875,180.2278073787141,176.96603088257305,177.98411345020415,56743100
2023-10-13,176.77821350097656,179.82252160984507,176.07643148158712,179.31843486264313,51427100
2023-10-16,176.64971923828125,177.00554962273654,174.46531311220224,174.7025383958498,52517000
2023-10-17,175.09791564941406,176.35320838797153,172.77514673671925,174.60370757241088,57549400
2023-10-18,173.80308532714844,175.52293478970745,173.08154578913502,173.54610256783715,54764400
2023-10-19,173.427490234375,175.7799102245973,173.16061367257353,174.00075828264139,59302900
2023-10-20,170.87738037109375,173.38795063159753,170.64015507731645,173.2792242572037,64244000
2023-10-23,170.9959716796875,171.9942664316387,167.96152725501383,168.93018581492106,55980100
2023-10-24,171.43092346191406,171.6582549852611,169.46396961859497,171.04544171274492,43816600
2023-10-25,169.1179962158203,171.05528327402416,168.6731969171006,169.88895954662036,57157000
2023-10-26,164.956787109375,169.39478149468584,163.7509180796386,168.39647143119544,70625300
2023-10-27,166.2713623046875,167.00279566914165,164.89746448966903,164.97653958977486,58499100
2023-10-30,168.3173828125,169.18719386762373,166.91383366211736,167.06210513671374,51131000
2023-10-31,168.79185485839844,168.92033872091713,165.95508983700142,167.38830552985596,44846000
2023-11-01,171.95472717285156,172.21170989502042,168.1493196629443,169.01913054110156,56934900
2023-11-02,175.51309204101562,175.72065102092634,173.42753301608946,173.48683558177822,77334800
2023-11-03,174.60366821289062,174.77171219338044,171.3419077055693,172.22159728105217,79829200
2023-11-06,177.15382385253906,177.35150406781844,174.16881791314302,174.33684685023218,63841300
2023-11-07,179.71383666992188,180.32664987384885,176.89684453064555,177.10440348202485,70530000
2023-11-08,180.77142333984375,181.32493395317235,179.4864793691692,180.23768527185777,49340300
2023-11-09,180.2969970703125,181.98718027395728,179.70394133589065,180.8406289798602,53763500
2023-11-10,184.4835205078125,184.65178594080095,181.6430332739287,182.07851182586327,66133400
2023-11-13,182.89993286132812,184.1172820619318,182.31600272709323,183.9094496896321,43627500
2023-11-14,185.5128173828125,186.17592689168708,184.38453902262373,185.7701387274506,60108400
2023-11-15,186.07691955566406,187.55160515956638,185.84928859059917,185.91857611582427,53790500
2023-11-16,187.75949096679688,188.9966390106662,186.71037673999564,187.6209309899597,54412900
2023-11-17,187.7396697998047,188.42257785422723,186.63119011836693,188.29390964052354,50922700
2023-11-20,189.48158264160156,189.93685974559065,187.92773262314063,187.93762437034974,46505100
2023-11-21,188.6798858642578,189.55084275358138,187.78914548337832,189.44197314241592,38134500
2023-11-22,189.34300231933594,190.9463411053134,188.8679417719912,189.52115946327928,39617700
2023-11-24,188.01678466796875,188.93721542830764,187.30418629136327,188.9075250877743,24048300
2023-11-27,187.83865356445312,188.70961061258598,186.95780476873864,187.96732179253766,40552600
2023-11-28,188.44235229492188,189.1153685705385,187.45263402635211,187.82873180101734,38415400
2023-11-29,187.4229736328125,190.11500896160672,187.02709230289176,188.93724161752115,43014200
2023-11-30,187.99697875976562,188.36318478193425,186.2550800746654,187.888109148078,48794400
2023-12-01,189.27374267578125,189.5904446947665,187.28439912721964,188.37309535289532,45704800
2023-12-04,187.48233032226562,188.09596593756666,185.52269231677565,188.02667840765253,43389500
2023-12-05,191.4313201904297,192.40123993854135,188.22462732075607,188.25433276481266,66628400
2023-12-06,190.34262084960938,192.7575206909756,190.1347733725338,192.45071045016567,41089700
2023-12-07,192.2725830078125,192.99507315570867,191.59956669458757,191.63916388460834,47477700
2023-12-08,193.69776916503906,193.97488907234165,191.67873543823174,192.2032849129047,53406400
2023-12-11,191.1937713623047,191.5005967167582,189.4518726145205,191.12449893522992,60943700
2023-12-12,192.70806884765625,192.71796059458774,189.7488055095461,191.09482308550778,52696900
2023-12-13,195.92465209960938,195.96423418895137,192.8466274130704,193.08415015292962,70404200
2023-12-14,196.07308959960938,197.56755876987646,194.14314196862804,195.9840185786185,66831600
2023-12-15,195.53866577148438,196.36011872958818,194.9745190512041,195.4990685795855,128538400
2023-12-18,193.87594604492188,194.60834313263763,192.3913683739152,194.07388671400844,55751900
2023-12-19,194.91513061523438,194.92502236186388,193.87592334681435,194.1431515248431,40714100
2023-12-20,192.8268280029297,195.6475162401682,192.8268280029297,194.87553713507947,52242800
2023-12-21,192.6783447265625,195.0536776254948,191.51048442189503,194.08375795359612,46482500
2023-12-22,191.60948181152344,193.4008696387368,190.98595440796598,193.17322354105164,37149600
2023-12-26,191.06512451171875,191.89648427525853,190.84738527337694,191.6193643540786,28919300
2023-12-27,191.1640625,191.51046990751823,189.12524544338694,190.51085997155874,48087700
2023-12-28,191.58969116210938,192.65858885458314,191.18390299052217,192.14393105407996,34049900
2023-12-29,190.55047607421875,192.40124458871406,189.75869835988954,191.90638540499626,42672100
