event_date,open_price,high_price,low_price,close_price,volume,dividends,dividend_yield,close_ma5,is_dividend_day
2015-01-02,24.648447308825244,24.65951201475294,23.75447343110175,24.192609786987305,212818400,0.0,0.0,24.192609786987305,0
2015-01-05,23.962463563184034,24.042124671645954,23.325176383724763,23.511051177978516,257142000,0.0,0.0,23.85183048248291,0
2015-01-06,23.575231527032173,23.772171094232995,23.152584838795235,23.513273239135742,263188400,0.0,0.0,23.738978068033855,0
2015-01-07,23.721282042947593,23.942562665319258,23.61064173176176,23.842987060546875,160423600,0.0,0.0,23.76498031616211,0
2015-01-08,24.170469908996377,24.816608567860907,24.05318982514442,24.759075164794922,237458000,0.0,0.0,23.963799285888673,0
2015-01-09,24.931677361721775,25.06002047662429,24.387327450645735,24.785633087158203,214798000,0.0,0.0,24.082403945922852,0
2015-01-12,24.916193490455274,24.922831637875944,24.075328281845096,24.174903869628906,198603200,0.0,0.0,24.21517448425293,0
2015-01-13,24.65729280767819,24.960447781897706,24.09966654067397,24.389543533325195,268367600,0.0,0.0,24.39042854309082,0
2015-01-14,24.12843047207833,24.44928658228224,24.00893877695945,24.29660415649414,195826400,0.0,0.0,24.481151962280272,0
2015-01-15,24.34086409285663,24.35414038758057,23.601787757118135,23.637191772460938,240056000,0.0,0.0,24.256775283813475,0
2015-01-16,23.68366137504563,23.805366375341244,23.278717488502334,23.453529357910156,314053200,0.0,0.0,23.990354537963867,0
2015-01-20,23.8629006107402,24.1129487851088,23.566385398242883,24.057628631591797,199599600,0.0,0.0,23.966899490356447,0
2015-01-21,24.10851943514098,24.57542161180635,23.958048567472943,24.241289138793945,194303600,0.0,0.0,23.937248611450194,0
2015-01-22,24.398396505882765,24.88742637071064,24.27890479360892,24.871936798095703,215185600,0.0,0.0,24.052315139770506,0
2015-01-23,24.849803832464627,25.17065992099816,24.679416881433152,25.000274658203125,185859200,0.0,0.0,24.324931716918947,0
2015-01-26,25.168448176577243,25.305642719304203,24.960445616732773,25.02682876586914,222460000,0.0,0.0,24.63959159851074,0
2015-01-27,24.87636428093233,24.88964226473819,24.12622319302464,24.150564193725586,382274800,0.0,0.0,24.6581787109375,0
2015-01-28,26.029228465091716,26.13765714169229,25.515857696533203,25.515857696533203,585908400,0.0,0.0,24.913092422485352,0
2015-01-29,25.739352750639867,26.374428518206834,25.571179064885065,26.310256958007812,337745600,0.0,0.0,25.200756454467772,0
2015-01-30,26.19961743530487,26.55366597735562,25.856631907802715,25.925230026245117,334982000,0.0,0.0,25.385747528076173,0
2015-02-02,26.12216403878419,26.36999712152441,25.686241178017728,26.250505447387695,250956400,0.0,0.0,25.630482864379882,0
2015-02-03,26.221745704792397,26.35230042157659,26.0248061463723,26.25493812561035,207662800,0.0,0.0,26.051357650756835,0
2015-02-04,26.221749575393172,26.666524028239085,26.17970572360188,26.45630645751953,280598800,0.0,0.0,26.239447402954102,0
2015-02-05,26.662901175243686,26.709554969732874,26.49184347674695,26.645130157470703,168984800,0.1175,0.00440981144793003,26.30642204284668,1
2015-02-06,26.662902250403082,26.713998377671132,26.314120800918854,26.42075538635254,174826400,0.0,0.0,26.405527114868164,0
2015-02-09,26.336346130625422,26.622923176725912,26.309687051846403,26.59626579284668,155559200,0.0,0.0,26.47467918395996,0
2015-02-10,26.69623341788492,27.1360988800661,26.694013099240877,27.10721778869629,248034000,0.0,0.0,26.645135116577148,0
2015-02-11,27.27383364044776,27.751464865884806,27.213852833020667,27.742578506469727,294247200,0.0,0.0,26.902389526367188,0
2015-02-12,28.004722155141266,28.320182004509522,27.89586721069229,28.093584060668945,297898000,0.0,0.0,27.192080307006837,0
2015-02-13,28.27574571104656,28.27574571104656,27.913635495070917,28.23131561279297,217088800,0.0,0.0,27.554192352294923,0
2015-02-17,28.32239504441379,28.631190468113697,28.195767412422946,28.39792823791504,252609600,0.0,0.0,27.914524841308594,0
2015-02-18,28.353501091632044,28.608978410609364,28.313513322619073,28.59564971923828,179566800,0.0,0.0,28.212211227416994,0
2015-02-19,28.542331765166118,28.664517086594802,28.509010036503504,28.535667419433594,149449600,0.0,0.0,28.370829010009764,0
2015-02-20,28.573428232665083,28.768924713134766,28.446802295850947,28.768924713134766,195793600,0.0,0.0,28.50589714050293,0
2015-02-23,28.884458519557107,29.546476364135742,28.804482959220064,29.546476364135742,283896400,0.0,0.0,28.768929290771485,0
2015-02-24,29.533131393210645,29.679753737991085,29.13991815577165,29.362071990966797,276912400,0.0,0.0,28.961758041381835,0
2015-02-25,29.22656176210634,29.235449814940566,28.469016273438623,28.611194610595703,298846800,0.0,0.0,28.96486701965332,0
2015-02-26,28.61119665484146,29.07327713106697,28.126902824541162,28.973308563232422,365150000,0.0,0.0,29.052395248413085,0
2015-02-27,28.879999180401377,29.006628496218763,28.4890096425942,28.537883758544922,248059200,0.0,0.0,29.00618705749512,0
2015-03-02,28.71339616650248,28.942214448908402,28.502350605714504,28.6778507232666,192386800,0.0,0.0,28.83246192932129,0
2015-03-03,28.648969002535093,28.77337464662942,28.45569280064609,28.737829208374023,151265200,0.0,0.0,28.707613372802733,0
2015-03-04,28.680069276765426,28.782258170449772,28.506789509388113,28.555660247802734,126665200,0.0,0.0,28.69650650024414,0
2015-03-05,28.56453758391316,28.60230332521728,27.93806390120728,28.08246421813965,226068400,0.0,0.0,28.518337631225585,0
2015-03-06,28.52454971055372,28.740039191507673,28.04914235660361,28.12467384338379,291368400,0.0,0.0,28.43569564819336,0
2015-03-09,28.426806439526047,28.784475968478535,27.782559935616113,28.244640350341797,354114000,0.0,0.0,28.349053573608398,0
2015-03-10,28.082466301280466,28.262410360171007,27.502644672745152,27.66037368774414,275426400,0.0,0.0,28.13356246948242,0
2015-03-11,27.713692602364425,27.718134933579027,27.127206577874272,27.156085968017578,275756000,0.0,0.0,27.85364761352539,0
2015-03-12,27.171636046173965,27.747015381976055,27.020571364853275,27.647045135498047,193450800,0.0,0.0,27.76656379699707,0
2015-03-13,27.635939424321684,27.858093275490027,27.231619482991277,27.45599365234375,207309200,0.0,0.0,27.632827758789062,0
2015-03-16,27.520418841684812,27.75812339782715,27.296044669322946,27.75812339782715,143497200,0.0,0.0,27.535524368286133,0
2015-03-17,27.969166425564687,28.28462444486475,27.913627970269644,28.222421646118164,204092400,0.0,0.0,27.647933959960938,0
2015-03-18,28.21354315504293,28.693396356113592,28.073586818847133,28.540109634399414,261083600,0.0,0.0,27.924738693237305,0
2015-03-19,28.602309713176652,28.71338664410161,28.30240233865916,28.324617385864258,183238000,0.0,0.0,28.060253143310547,0
2015-03-20,28.491232760007673,28.52455448333958,27.80477814097911,27.96917152404785,274780400,0.0,0.0,28.162888717651366,0
2015-03-23,28.240197930861452,28.402369291693496,28.106904265372904,28.260190963745117,150838800,0.0,0.0,28.26330223083496,0
2015-03-24,28.26463184776562,28.444574208412945,28.11578749716998,28.144668579101562,131369200,0.0,0.0,28.24775161743164,0
2015-03-25,28.111346845968825,28.173549649385247,27.409339904785156,27.409339904785156,206620800,0.0,0.0,28.02159767150879,0
2015-03-26,27.271612206915506,27.74257737236355,27.236066770708273,27.600399017333984,190291600,0.0,0.0,27.876753997802734,0
2015-03-27,27.67370566747833,27.70258505848325,27.304931149287167,27.380462646484375,158184800,0.0,0.0,27.75901222229004,0
2015-03-30,27.558186720925512,28.080247947451227,27.547078350082643,28.073583602905273,188398800,0.0,0.0,27.72169075012207,0
2015-03-31,28.011379353603317,28.100241236455535,27.62705412549918,27.64260482788086,168362400,0.0,0.0,27.62127799987793,0
2015-04-01,27.729241064729163,27.795887891861717,27.347136204954168,27.60261344909668,162485600,0.0,0.0,27.659932708740236,0
2015-04-02,27.775903378609527,27.893644680923035,27.58929490586355,27.840328216552734,128880400,0.0,0.0,27.707918548583983,0
2015-04-06,27.651495311418447,28.3268433490019,27.620393902014577,28.291297912597656,148776000,0.0,0.0,27.89008560180664,0
2015-04-07,28.35571479363924,28.462347683151513,27.986940316302068,27.99360466003418,140049200,0.0,0.0,27.874089813232423,0
2015-04-08,27.958057680622495,28.080242958588354,27.762562930776248,27.90251922607422,149316800,0.0,0.0,27.926072692871095,0
2015-04-09,27.958066080579393,28.12023916234062,27.693704110033863,28.115795135498047,129936000,0.0,0.0,28.02870903015137,0
2015-04-10,27.98027863651839,28.260192981167595,27.82699362210292,28.235755920410156,160752000,0.0,0.0,28.107794570922852,0
2015-04-13,28.517888945434937,28.56232242775019,28.126899385571637,28.18021583557129,145460400,0.0,0.0,28.085578155517577,0
2015-04-14,28.213543848237514,28.277968679310423,27.97139692324936,28.05803680419922,102098400,0.0,0.0,28.098464584350587,0
2015-04-15,28.082473184828803,28.24242255699414,27.993611292581647,28.164669036865234,115881600,0.0,0.0,28.150894546508788,0
2015-04-16,28.05358515850458,28.23575122986243,28.015819414480205,28.02914810180664,113476000,0.0,0.0,28.133565139770507,0
2015-04-17,27.891417382065,28.022487343944757,27.64926879695406,27.713693618774414,207828000,0.0,0.0,28.02915267944336,0
2015-04-20,27.89586396353667,28.4623553673972,27.80700206835276,28.34683609008789,188217200,0.0,0.0,28.06247673034668,0
2015-04-21,28.457917623512692,28.48013098094247,28.140235765089624,28.193553924560547,129740400,0.0,0.0,28.089580154418947,0
2015-04-22,28.211320800092256,28.6289694851199,28.062478106986084,28.57343101501465,150618000,0.0,0.0,28.171332550048827,0
2015-04-23,28.502344291255753,28.9733094454926,28.466798855894666,28.80669403076172,183083600,0.0,0.0,28.326841735839842,0
2015-04-24,28.988863053356024,29.019964463143953,28.70894697546523,28.942209243774414,178103600,0.0,0.0,28.572544860839844,0
2015-04-27,29.393172734907406,29.57534050279643,29.135473478292983,29.468704223632812,387816800,0.0,0.0,28.79691848754883,0
2015-04-28,29.870815877385294,29.888585206951774,28.784483405905128,29.004413604736328,475696000,0.0,0.0,28.959090423583984,0
2015-04-29,28.91554998584197,29.23322840880269,28.502343631285193,28.5778751373291,253544400,0.0,0.0,28.959979248046874,0
2015-04-30,28.577871557806247,28.577871557806247,27.675927455621842,27.802555084228516,332781600,0.0,0.0,28.759151458740234,0
2015-05-01,28.013596193482464,28.90887750637952,27.835874155497518,28.6467342376709,234050400,0.0,0.0,28.70005645751953,0
2015-05-04,28.76892171399243,29.006627945219055,28.49344973748465,28.591197967529297,203953200,0.0,0.0,28.524555206298828,0
2015-05-05,28.469018121505634,28.535664962892916,27.942514515164522,27.946958541870117,197085600,0.0,0.0,28.313064193725587,0
2015-05-06,28.11579517734717,28.15800495791627,27.404903422444445,27.77145767211914,288564000,0.0,0.0,28.151780700683595,0
2015-05-07,27.833920256290526,28.126158622234403,27.666608877322254,27.9432315826416,175763600,0.13,0.004652289396647891,28.179916000366212,1
2015-05-08,28.26001378329354,28.469711303710938,28.132857174567615,28.469711303710938,222201600,0.0,0.0,28.144511413574218,0
2015-05-11,28.41839260613247,28.456316106647098,28.025768130626794,28.17969512939453,168143200,0.0,0.0,28.062210845947266,0
2015-05-12,28.01907641863355,28.304620877619083,27.845072870312944,28.079309463500977,192640000,0.0,0.0,28.088681030273438,0
2015-05-13,28.141771708406623,28.373777003589282,28.079309071622678,28.11054039001465,138776800,0.0,0.0,28.15649757385254,0
2015-05-14,28.422853001376712,28.76639747619629,28.367082551285613,28.76639747619629,180814000,0.0,0.0,28.321130752563477,0
2015-05-15,28.793169192716487,28.88686313904668,28.601318711004723,28.72624397277832,152832000,0.0,0.0,28.372437286376954,0
2015-05-18,28.639252136953523,29.161262906321934,28.634789546355027,29.04302978515625,203531600,0.0,0.0,28.545104217529296,0
2015-05-19,29.154562149952394,29.196948238276978,28.920325569814313,29.016252517700195,178532800,0.0,0.0,28.73249282836914,0
2015-05-20,29.000640368191327,29.219259627089205,28.85340553091038,29.01402473449707,145819600,0.0,0.0,28.913189697265626,0
2015-05-21,29.016259873431665,29.3642670389056,28.96271900029755,29.310726165771484,158921600,0.0,0.0,29.022055435180665,0
2015-05-22,29.357564812372207,29.663185774227095,29.312945731377887,29.567258834838867,182384000,0.0,0.0,29.190258407592772,0
2015-05-26,29.58065318218476,29.649808007569362,28.804325932422774,28.91586685180664,282790400,0.0,0.0,29.16482582092285,0
2015-05-27,29.076482502617996,29.504799172350534,29.011790275005385,29.455720901489258,183332800,0.0,0.0,29.252719497680665,0
2015-05-28,29.41557110701242,29.43564765535413,29.246030136640115,29.397724151611328,122933200,0.0,0.0,29.329459381103515,0
2015-05-29,29.275033638301828,29.32411192334516,28.97833433470688,29.063106536865234,203538000,0.0,0.0,29.279935455322267,0
2015-06-01,29.063103230998106,29.310724221383353,29.01179535845598,29.121103286743164,128451200,0.0,0.0,29.190704345703125,0
2015-06-02,28.969410651865722,29.147876821742443,28.848947944475402,28.99172019958496,134670400,0.0,0.0,29.20587501525879,0
2015-06-03,29.147876617708278,29.210339266134035,28.97833222573062,29.02741050720215,123934000,0.0,0.0,29.120212936401366,0
2015-06-04,28.90694838439131,29.13003024869071,28.757483943785804,28.85787010192871,153800400,0.0,0.0,29.012242126464844,0
2015-06-05,28.889093320398054,28.931479407354722,28.634780202616195,28.699472427368164,142507200,0.0,0.0,28.93951530456543,0
2015-06-08,28.755248984037564,28.82440721657592,28.29347132651328,28.50986099243164,210699200,0.0,0.0,28.817266845703124,0
2015-06-09,28.26446588519156,28.572319885753103,28.02353881333458,28.425085067749023,224301600,0.0,0.0,28.703939819335936,0
2015-06-10,28.53662767749891,28.853403471979494,28.521012017263367,28.75078773498535,156349200,0.0,0.0,28.648615264892577,0
2015-06-11,28.81770601035133,29.040787815926894,28.66154942724008,28.68608856201172,141563600,0.0,0.0,28.61425895690918,0
2015-06-12,28.596858599647057,28.6280899177964,28.35592982936992,28.369314193725586,147544800,0.0,0.0,28.548227310180664,0
2015-06-15,28.130616300977774,28.384929431838998,28.04361452999784,28.31354331970215,175955600,0.0,0.0,28.508963775634765,0
2015-06-16,28.338085805401363,28.52101284575113,28.190852676329285,28.465242385864258,125976400,0.0,0.0,28.516995239257813,0
2015-06-17,28.492007468879212,28.52769967147499,28.273386558306026,28.398313522338867,131672400,0.0,0.0,28.446500396728517,0
2015-06-18,28.382698613475533,28.62362566779641,28.38046731888597,28.527700424194336,141628800,0.0,0.0,28.41482276916504,0
2015-06-19,28.489776005158664,28.514315138913368,28.197539396598714,28.242155075073242,218867600,0.0,0.0,28.38939094543457,0
2015-06-22,28.4407016444665,28.56785821776298,28.34923898043604,28.467472076416016,136157200,0.0,0.0,28.420176696777343,0
2015-06-23,28.438471107204354,28.467471131035477,28.304620653881102,28.338083267211914,121075600,0.0,0.0,28.394744873046875,0
2015-06-24,28.378241727875807,28.956024600203072,28.358165178471953,28.579015731811523,221123600,0.0,0.0,28.430885314941406,0
2015-06-25,28.74632161341256,28.822168610386743,28.442930221557617,28.442930221557617,127752400,0.0,0.0,28.41393127441406,0
2015-06-26,28.48085628540225,28.55224240156402,28.22208225255806,28.27562141418457,176267200,0.0,0.0,28.42062454223633,0
2015-06-29,27.987844499138156,28.21315761039988,27.769225272035214,27.780378341674805,196645600,0.0,0.0,28.283205795288087,0
2015-06-30,28.012375260236333,28.135070903443776,27.85398742208225,27.981143951416016,177482800,0.0,0.0,28.211817932128906,0
2015-07-01,28.309080294764073,28.318003770854787,28.106075043153183,28.242155075073242,120955200,0.0,0.0,28.14444580078125,0
2015-07-02,28.204239194381984,28.262240953644767,28.0570043520948,28.206470489501953,108844000,0.0,0.0,28.097153854370116,0
2015-07-06,27.87184450329126,28.15962026945185,27.851766253476693,28.10831069946289,112241600,0.0,0.0,28.063691711425783,0
2015-07-07,28.08376591446313,28.141767655400127,27.61083191524409,28.03915023803711,187787200,0.0,0.0,28.115446090698242,0
2015-07-08,27.769224820709265,27.804917025746732,27.33644555901804,27.343137741088867,243046400,0.0,0.0,27.98784484863281,0
2015-07-09,27.628677848889076,27.67552481800445,26.595809830060187,26.785429000854492,314380000,0.0,0.0,27.696499633789063,0
2015-07-10,27.20259329054447,27.62867861303297,27.039742839324095,27.501522064208984,245418000,0.0,0.0,27.555509948730467,0
2015-07-13,27.891924229647643,28.054774733668854,27.73353631586235,28.032466888427734,165762000,0.0,0.0,27.540341186523438,0
2015-07-14,28.117236068113243,28.190853485752687,27.894154222160562,28.021310806274414,127072400,0.0,0.0,27.5367733001709,0
2015-07-15,28.045845320408258,28.36485237559187,28.014614003283636,28.291234970092773,134596800,0.0,0.0,27.72639274597168,0
2015-07-16,28.496471156000958,28.681631176702723,28.40946938252491,28.668243408203125,144889600,0.0,0.0,28.102955627441407,0
2015-07-17,28.795404156613902,28.91586685180664,28.623630187654307,28.91586685180664,184658800,0.0,0.0,28.385824584960936,0
2015-07-20,29.21703569625736,29.66319948069564,29.156802632249523,29.462427139282227,235600800,0.0,0.0,28.671816635131837,0
2015-07-21,29.636422887586065,29.652036845843874,29.07202612218513,29.167949676513672,307025600,0.0,0.0,28.901144409179686,0
2015-07-22,27.21374646227475,27.996764003795565,27.21374646227475,27.934301376342773,461802400,0.0,0.0,28.829757690429688,0
2015-07-23,28.152924920056645,28.351467603111896,27.898611782166114,27.920921325683594,203998000,0.0,0.0,28.68029327392578,0
2015-07-24,27.95661055225864,28.050304497921413,27.639834811029807,27.773683547973633,168649200,0.0,0.0,28.45185661315918,0
2015-07-27,27.4591386426935,27.575142134749033,27.242750720858233,27.387752532958984,177822000,0.0,0.0,28.03692169189453,0
2015-07-28,27.523834228515625,27.64206902230404,27.338677612162314,27.523834228515625,134472400,0.0,0.0,27.70809860229492,0
2015-07-29,27.472530155609952,27.550608462679147,27.2762170384309,27.43683624267578,148046800,0.0,0.0,27.608605575561523,0
2015-07-30,27.287371990556117,27.34314245339669,27.151291925066765,27.298526763916016,134513200,0.0,0.0,27.48412666320801,0
2015-07-31,27.34983124685656,27.3587547240426,26.972824122126944,27.059825897216797,171540000,0.0,0.0,27.34135513305664,0
2015-08-03,27.104432118358936,27.343129518318012,26.21656602108447,26.421802520751953,279904000,0.0,0.0,27.148165130615233,0
2015-08-04,26.194263793519244,26.2567264234046,25.264013122771626,25.5740966796875,496554400,0.0,0.0,26.75821762084961,0
2015-08-05,25.19708945065277,26.19872799073188,25.007470254866853,25.743640899658203,397250400,0.0,0.0,26.419578552246094,0
2015-08-06,25.98790328524178,26.10667156042228,25.57333416463095,25.799665451049805,211612000,0.13,0.0050388250284350185,26.11980628967285,1
2015-08-07,25.676407662488877,26.050640103544993,25.65847992994324,25.887052536010742,154681600,0.0,0.0,25.885251617431642,0
2015-08-10,26.113392450836592,26.888749139404773,26.113392450836592,26.828245162963867,219806400,0.0,0.0,25.966540145874024,0
2015-08-11,26.400227308211978,26.48314180457779,25.396298032277432,25.432151794433594,388331200,0.0,0.0,25.938151168823243,0
2015-08-12,25.21702611923066,25.86465067165119,24.56716017221928,25.82431411743164,404870000,0.0,0.0,25.95428581237793,0
2015-08-13,26.00358718267682,26.084260288357925,25.667449812233247,25.80414581298828,194143200,0.0,0.0,25.955181884765626,0
2015-08-14,25.618154243158163,26.06409609369782,25.5486863872077,25.98566436767578,171718000,0.0,0.0,25.974904251098632,0
2015-08-17,26.003584936240777,26.36437248612328,25.882575288173083,26.254568099975586,163538800,0.0,0.0,25.860168838500975,0
2015-08-18,26.0909821304365,26.317315099765885,25.996864079315262,26.10666847229004,138242800,0.0,0.0,25.995072174072266,0
2015-08-19,26.017030824945476,26.1111488736232,25.698821207216227,25.77277183532715,193146000,0.0,0.0,25.98476371765137,0
2015-08-20,25.564374295756885,25.624878285335786,25.015348760661098,25.24392318725586,274006400,0.0,0.0,25.87271919250488,0
2015-08-21,24.746435653712144,25.07585058188817,23.67527807072019,23.699928283691406,513102000,0.0,0.0,25.41557197570801,0
2015-08-24,21.25956678468572,24.381162265078455,20.616423395872122,23.108322143554688,648825200,0.0,0.0,24.786322784423827,0
2015-08-25,24.898814636838587,24.898814636838587,23.193477641585982,23.24725914001465,414406400,0.0,0.0,24.21444091796875,0
2015-08-26,23.99797069717231,24.625427915268247,23.54082529818865,24.580610275268555,387098400,0.0,0.0,23.97600860595703,0
2015-08-27,25.149802236992745,25.37613353297059,24.654558272511903,25.304424285888672,338464400,0.0,0.0,23.988108825683593,0
2015-08-28,25.136353531757695,25.39181781054846,24.995176443904853,25.38733673095703,212657600,0.0,0.0,24.325590515136717,0
2015-08-31,25.104980426809615,25.665209398967942,25.098257952693018,25.26856803894043,224917200,0.0,0.0,24.757639694213868,0
2015-09-01,24.683687496818415,25.071364966794416,24.05847179313516,24.139144897460938,307383600,0.0,0.0,24.936016845703126,0
2015-09-02,24.701612595527404,25.1744441986084,24.455110519919423,25.1744441986084,247555200,0.0,0.0,25.054783630371094,0
2015-09-03,25.208063358035563,25.273050126560126,24.65903962729395,24.732990264892578,212935600,0.0,0.0,24.940496826171874,0
2015-09-04,24.41925998608582,24.75091457032204,24.316178063434936,24.486486434936523,199985200,0.0,0.0,24.760326766967772,0
2015-09-08,25.042239566152308,25.223753238727728,24.721788467969912,25.1677303314209,219374400,0.0,0.0,24.740159225463866,0
2015-09-09,25.49265595887787,25.550918532625268,24.59852941702481,24.683685302734375,340043200,0.0,0.0,24.849067306518556,0
2015-09-10,24.710580821331632,25.38509703901559,24.627668020705055,25.22599220275879,251571200,0.0,0.0,24.859376907348633,0
2015-09-11,25.05120076999505,25.593502044677734,25.04447829538313,25.593502044677734,199662000,0.0,0.0,25.031479263305663,0
2015-09-14,26.124607065106794,26.194074935086245,25.73916912260709,25.840009689331055,233453600,0.0,0.0,25.30218391418457,0
2015-09-15,25.978948929004062,26.113403597128276,25.64057000830577,26.05738067626953,173364800,0.0,0.0,25.480113983154297,0
2015-09-16,26.050646601160878,26.115633365585964,25.869132965490092,26.086502075195312,148694000,0.0,0.0,25.760677337646484,0
2015-09-17,25.918441289537128,26.104436061327306,25.483702937582372,25.528520584106445,256450400,0.0,0.0,25.821183013916016,0
2015-09-18,25.145316081669108,25.61366837467434,25.069125764829042,25.423189163208008,297141200,0.0,0.0,25.78712043762207,0
2015-09-21,25.47248759346132,25.853444276933047,25.470247908799738,25.817588806152344,200888000,0.0,0.0,25.78263626098633,0
2015-09-22,25.407506422361248,25.586780396323462,25.214787498741032,25.411989212036133,201384800,0.0,0.0,25.653557968139648,0
2015-09-23,25.46352696558956,25.707787689733248,25.389578039640703,25.61815071105957,143026800,0.0,0.0,25.5598876953125,0
2015-09-24,25.37837420753811,25.882580317621645,25.181174211080297,25.77053451538086,200878000,0.0,0.0,25.608290481567384,0
2015-09-25,26.09322655456149,26.149249454783625,25.550923581051936,25.705547332763672,224607600,0.0,0.0,25.664762115478517,0
2015-09-28,25.512821824236045,25.67416800871761,25.196853637695312,25.196853637695312,208436000,0.0,0.0,25.54061508178711,0
2015-09-29,25.28425655693261,25.436638918856183,24.17052099091989,24.439430236816406,293461600,0.0,0.0,25.346103286743165,0
2015-09-30,24.688173132561975,24.995179264556597,24.365482365385784,24.71730613708496,265892000,0.0,0.0,25.165934371948243,0
2015-10-01,24.441668701677433,24.564919755253936,24.047267039915706,24.55595588684082,255716400,0.0,0.0,24.923018646240234,0
2015-10-02,24.204131643026145,24.876406372152566,24.101049723055393,24.735227584838867,232079200,0.0,0.0,24.728954696655272,0
2015-10-05,24.623186357849537,24.957084099471995,24.441672694460394,24.82486915588379,208258800,0.0,0.0,24.65455780029297,0
2015-10-06,24.791249789767882,25.0399915694046,24.59853090266767,24.943632125854492,192787200,0.0,0.0,24.755398178100585,0
2015-10-07,25.039996903892536,25.046719378879786,24.51786473357705,24.82486915588379,187062400,0.0,0.0,24.77691078186035,0
2015-10-08,24.692644781324603,24.692644781324603,24.248942825835584,24.538021087646484,247918400,0.0,0.0,24.773323822021485,0
2015-10-09,24.65007587545633,25.161004447325563,24.535788681322458,25.125150680541992,211064400,0.0,0.0,24.85130844116211,0
2015-10-12,25.2618438812079,25.266324960425933,24.972765545678314,25.00861930847168,121868800,0.0,0.0,24.888058471679688,0
2015-10-13,24.833831735097373,25.199100437782125,24.802459046998475,25.05120086669922,132197200,0.0,0.0,24.909572219848634,0
2015-10-14,24.939151420302792,24.99069152478597,24.551472245882195,24.697132110595703,177849600,0.0,0.0,24.884024810791015,0
2015-10-15,24.858485425215335,25.12067223086072,24.759884557581096,25.066890716552734,150694000,0.0,0.0,24.989798736572265,0
2015-10-16,25.048956409505504,25.098256830400224,24.76884193595193,24.883129119873047,156930400,0.0,0.0,24.941394424438478,0
2015-10-19,24.829354486535475,25.042240861439396,24.67473070727215,25.03775978088379,119036800,0.0,0.0,24.9472225189209,0
2015-10-20,24.950360844315636,25.584540556883663,24.833833950934338,25.494903564453125,195871200,0.0,0.0,25.03596305847168,0
2015-10-21,25.546445849709382,25.900511035845174,25.479217676757816,25.492664337158203,167180800,0.0,0.0,25.19506950378418,0
2015-10-22,25.62039304175565,25.882579803466797,25.568851221488128,25.882579803466797,166616400,0.0,0.0,25.358207321166994,0
2015-10-23,26.151494316720495,26.718447615335435,26.068581502175736,26.684833526611328,237467600,0.0,0.0,25.718548202514647,0
2015-10-26,26.460731895077686,26.471935447301785,25.752601742690196,25.833274841308594,265335200,0.0,0.0,25.87765121459961,0
2015-10-27,25.86016474322925,26.115628968824417,25.54419484280834,25.669687271118164,279537600,0.0,0.0,25.912607955932618,0
2015-10-28,26.203022652182554,26.7341201933811,26.008062405738933,26.72739601135254,342205600,0.0,0.0,26.159554290771485,0
2015-10-29,26.599669991881104,27.04561346922825,26.503310543623737,27.00975799560547,204909200,0.0,0.0,26.384989929199218,0
2015-10-30,27.112836131292795,27.16437794000668,26.767734939442647,26.778940200805664,197461200,0.0,0.0,26.403811264038087,0
2015-11-02,27.070264209002307,27.195754949768546,26.803594675190933,27.155418395996094,128813200,0.0,0.0,26.668239974975585,0
2015-11-03,27.068026604130726,27.67307328574472,27.047857469579135,27.466909408569336,182076000,0.0,0.0,27.02768440246582,0
2015-11-04,27.59238945447578,27.747013157168112,27.254012475379568,27.33916664123535,179544400,0.0,0.0,27.150038528442384,0
2015-11-05,27.42244355228266,27.611487144117117,27.046609074697137,27.213146209716797,158210800,0.13,0.004777102911885355,27.190716171264647,1
2015-11-06,27.255905022265036,27.41343990989622,27.145630600923205,27.244651794433594,132169200,0.0,0.0,27.283858489990234,0
2015-11-09,27.222138551746127,27.413431346111466,27.01734326180236,27.134368896484375,135485600,0.0,0.0,27.27964859008789,0
2015-11-10,26.308443957325128,26.571753032227548,26.119400355881204,26.279186248779297,236511600,0.0,0.0,27.042103958129882,0
2015-11-11,26.18916708098192,26.425469434694342,25.928107280307252,26.130653381347656,180872000,0.0,0.0,26.800401306152345,0
2015-11-12,26.16440866008837,26.290436569106728,26.027127523335597,26.04288101196289,130102400,0.0,0.0,26.566348266601562,0
2015-11-13,25.925854906970567,26.00912433211974,25.266455906955873,25.282209396362305,183249600,0.0,0.0,26.173859786987304,0
2015-11-16,25.066155716913013,25.709801096849837,24.980637037068714,25.696298599243164,152426800,0.0,0.0,25.886245727539062,0
2015-11-17,25.862834824273246,25.892092524100093,25.502753925259924,25.586023330688477,110467600,0.0,0.0,25.747613143920898,0
2015-11-18,26.05187660473649,26.441213460203453,25.993362926047432,26.396203994750977,186698800,0.0,0.0,25.800723266601562,0
2015-11-19,26.474979060688888,26.94983644140062,26.276934951724414,26.731536865234375,173183200,0.0,0.0,25.93845443725586,0
2015-11-20,26.826059597565344,26.9880964780301,26.74729214650655,26.84856605529785,137148400,0.0,0.0,26.25172576904297,0
2015-11-23,26.841807516150237,26.94533239262618,26.407459413897218,26.499731063842773,129930000,0.0,0.0,26.412412261962892,0
2015-11-24,26.4052139204153,26.85981583506874,26.35795345282768,26.75404167175293,171212800,0.0,0.0,26.646015930175782,0
2015-11-25,26.82829835897051,26.83280033526577,26.537982699957805,26.5627384185791,85553200,0.0,0.0,26.679322814941408,0
2015-11-27,26.62126215040447,26.64826886737804,26.465976532559118,26.51323699951172,52185600,0.0,0.0,26.635662841796876,0
2015-11-30,26.553745347418406,26.873318811641276,26.499733632240492,26.623512268066406,156721200,0.0,0.0,26.590652084350587,0
2015-12-01,26.72478363198333,26.738286131114823,26.299437739327033,26.407461166381836,139409600,0.0,0.0,26.572198104858398,0
2015-12-02,26.407464317353075,26.580754422891076,26.12390149974809,26.16891098022461,133546400,0.0,0.0,26.455171966552733,0
2015-12-03,26.22967370928731,26.283685425226995,25.7053048875768,25.925853729248047,166278000,0.0,0.0,26.327795028686523,0
2015-12-04,25.946108370159006,26.837309381309492,25.90559915524301,26.787797927856445,231108000,0.0,0.0,26.38270721435547,0
2015-12-07,26.776547530739133,26.97459163578406,26.513236764336625,26.61901092529297,128336800,0.0,0.0,26.381806945800783,0
2015-12-08,26.44796808912663,26.69102335444192,26.299435460545904,26.607755661010742,137238000,0.0,0.0,26.42186584472656,0
2015-12-09,26.474981983845083,26.48623521319984,25.898852354517487,26.0203800201416,185445600,0.0,0.0,26.39215965270996,0
2015-12-10,26.114901416642635,26.317447529515086,25.99562473822935,26.14415740966797,116850800,0.0,0.0,26.435820388793946,0
2015-12-11,25.92360896284671,25.968618447785566,25.396989060652793,25.471256256103516,187544800,0.0,0.0,26.17251205444336,0
2015-12-14,25.24620856494125,25.358734008408273,24.70833708252904,25.313724517822266,257274800,0.0,0.0,25.91145477294922,0
2015-12-15,25.192192373234604,25.385736239096286,24.834360633512954,24.865867614746094,213292400,0.0,0.0,25.56307716369629,0
2015-12-16,24.996390745011965,25.20343705615663,24.485526216013525,25.057153701782227,224954000,0.0,0.0,25.370431900024414,0
2015-12-17,25.210184263281878,25.261946691270026,24.526031494140625,24.526031494140625,179091200,0.0,0.0,25.046806716918944,0
2015-12-18,24.51028622435749,24.647565648243024,23.812627291848816,23.862138748168945,385813200,0.0,0.0,24.72498321533203,0
2015-12-21,24.143453726208655,24.163709194553643,23.758616997670288,24.154706954956055,190362400,0.0,0.0,24.493179702758788,0
2015-12-22,24.170458468498886,24.24247466238895,23.956659158792924,24.132200241088867,131157600,0.0,0.0,24.346446228027343,0
2015-12-23,24.141199125031314,24.49677980942645,24.12544563734299,24.442768096923828,130629600,0.0,0.0,24.223569107055663,0
2015-12-24,24.530542102280638,24.530542102280638,24.29423802825616,24.31224250793457,54281600,0.0,0.0,24.18081130981445,0
2015-12-28,24.213212969373373,24.235719421321342,23.89589225752135,24.03992462158203,106816800,0.0,0.0,24.21636848449707,0
2015-12-29,24.071436621428216,24.62731244741854,24.048931881781158,24.472026824951172,123724800,0.0,0.0,24.279832458496095,0
2015-12-30,24.436015035892215,24.463020031640784,24.1209435884826,24.152450561523438,100855200,0.0,0.0,24.283882522583006,0
2015-12-31,24.08269128701408,24.087191548411436,23.58982938942201,23.688852310180664,163649200,0.0,0.0,24.133099365234376,0
2016-01-04,23.092462030579718,23.7136027006519,22.955180909349973,23.7091007232666,270597600,0.0,0.0,24.012471008300782,0
2016-01-05,23.799129836013698,23.8216345799287,23.04746074384094,23.114974975585938,223164000,0.0,0.0,23.827481079101563,0
2016-01-06,22.631107847818445,23.038450962466055,22.475823963727517,22.662614822387695,273829600,0.0,0.0,23.46559867858887,0
2016-01-07,22.20801021652656,22.534333148639544,21.70164598028158,21.706146240234375,324377600,0.0,0.0,22.976337814331053,0
2016-01-08,22.17876222974189,22.304790157866496,21.775920997198742,21.82093048095703,283192000,0.0,0.0,22.60275344848633,0
2016-01-11,22.273278273971293,22.293532022104593,21.906444365766593,22.17425537109375,198957600,0.0,0.0,22.295784378051756,0
2016-01-12,22.628859360355968,22.660366336017216,22.244020968919553,22.496078491210938,196616800,0.0,0.0,22.172005081176756,0
2016-01-13,22.577100767646975,22.77289562148932,21.89744796924307,21.917701721191406,249758400,0.0,0.0,22.0230224609375,0
2016-01-14,22.045970344281354,22.613099172143322,21.546357425403254,22.397048950195312,252680400,0.0,0.0,22.16120300292969,0
2016-01-15,21.64988316778061,21.989710307796816,21.460841347057062,21.859180450439453,319335600,0.0,0.0,22.16885299682617,0
2016-01-19,22.147247282759277,22.201258987245012,21.49234871249039,21.753408432006836,212350800,0.0,0.0,22.08468360900879,0
2016-01-20,21.402325136073646,22.09773281894118,21.02423982233035,21.78266143798828,289337600,0.0,0.0,21.94200019836426,0
2016-01-21,21.843431179047542,22.02797277549586,21.366324558328266,21.672393798828125,208646000,0.0,0.0,21.8929386138916,0
2016-01-22,22.19675792537983,22.833652048076623,22.138245958525182,22.824649810791016,263202000,0.0,0.0,21.97845878601074,0
2016-01-25,22.847157496142078,22.84940848500449,22.32729067401783,22.379053115844727,207178000,0.0,0.0,22.0824333190918,0
2016-01-26,22.48932419350668,22.70312174465863,22.07072961131343,22.502826690673828,300308000,0.0,0.0,22.232316970825195,0
2016-01-27,21.6138779941135,21.74665713553977,21.006239833260953,21.02424430847168,533478800,0.0,0.0,22.080633544921874,0
2016-01-28,21.10751934480162,21.271805503136676,20.79244781263631,21.175033569335938,222715200,0.0,0.0,21.981161499023436,0
2016-01-29,21.33256602661787,21.906444549560547,21.233543122909527,21.906444549560547,257666000,0.0,0.0,21.797520446777344,0
2016-02-01,21.710650950198147,21.76466266143647,21.46984666288399,21.701648712158203,163774000,0.0,0.0,21.66203956604004,0
2016-02-02,21.47434679989208,21.61387891320668,21.217789026733964,21.262800216674805,149428800,0.0,0.0,21.414034271240233,0
2016-02-03,21.379834520132455,21.793927332992997,21.172788113702186,21.683652877807617,183857200,0.0,0.0,21.54591598510742,0
2016-02-04,21.690425556231386,22.02304554206714,21.538823789970284,21.857866287231445,185886800,0.13,0.005947515566784356,21.682482528686524,1
2016-02-05,21.839771695058854,21.930280836238957,21.19942327595188,21.274091720581055,185672400,0.0,0.0,21.556011962890626,0
2016-02-08,21.072709743355976,21.654228686840714,21.052346092950472,21.49810218811035,216085600,0.0,0.0,21.515302658081055,0
2016-02-09,21.335188239128584,21.70853740455084,21.253730176624874,21.49357795715332,177324800,0.0,0.0,21.56145820617676,0
2016-02-10,21.70401287881343,21.801309921553056,21.292197849935643,21.330663681030273,169374400,0.0,0.0,21.490860366821288,0
2016-02-11,21.22205032873997,21.432483350272403,20.950522902652605,21.201684951782227,200298800,0.0,0.0,21.359624099731445,0
2016-02-12,21.31255889975809,21.382702662950162,21.0455578874008,21.267303466796875,161405600,0.0,0.0,21.35826644897461,0
2016-02-16,21.50035930142369,21.914437372145343,21.40758870231874,21.866920471191406,196231600,0.0,0.0,21.43203010559082,0
2016-02-17,21.87371537772114,22.222174489604072,21.75605468895267,22.201810836791992,179452800,0.0,0.0,21.573676681518556,0
2016-02-18,22.36472335718932,22.376037647567838,21.742475365374155,21.780942916870117,156084000,0.0,0.0,21.663732528686523,0
2016-02-19,21.722110031215855,21.894077218998742,21.676856325844767,21.73116111755371,141496800,0.0,0.0,21.76962776184082,0
2016-02-22,21.79225724382647,21.925758630555652,21.704011295953993,21.921232223510742,137123200,0.0,0.0,21.900413513183594,0
2016-02-23,21.81261837567614,21.835245227539495,21.394015574090567,21.42569351196289,127770400,0.0,0.0,21.81216812133789,0
2016-02-24,21.265040251819542,21.808091592422585,21.115699924731025,21.744735717773438,145022800,0.0,0.0,21.72075309753418,0
2016-02-25,21.733430082201536,21.89408302307129,21.55241176009324,21.89408302307129,110330800,0.0,0.0,21.743381118774415,0
2016-02-26,21.993635925463597,22.179178881360585,21.853348401686738,21.92801856994629,115964400,0.0,0.0,21.78275260925293,0
2016-02-29,21.91670641163121,22.226699678106144,21.869189498022948,21.87824058532715,140865200,0.0,0.0,21.774154281616212,0
2016-03-01,22.095466542598317,22.801434250203698,22.043423210305438,22.747129440307617,201628400,0.0,0.0,22.038441467285157,0
2016-03-02,22.742596911721996,22.828579641583378,22.545739670083616,22.79690170288086,132678400,0.0,0.0,22.24887466430664,0
2016-03-03,22.75843822137135,23.01412496042539,22.72902175646678,22.96660804748535,147822800,0.0,0.0,22.463379669189454,0
2016-03-04,23.16346320111344,23.475717911864166,22.937191221240052,23.308277130126953,184220400,0.0,0.0,22.739431381225586,0
2016-03-07,23.16799180560761,23.267552046038453,22.844422750525865,23.050331115722656,143315600,0.0,0.0,22.973849487304687,0
2016-03-08,22.80369391208277,23.02544125138635,22.717711165909574,22.860261917114258,126247600,0.0,0.0,22.996475982666016,0
2016-03-09,22.923617187232708,22.98471159775455,22.688294085500996,22.880626678466797,108806800,0.0,0.0,23.013220977783202,0
2016-03-10,22.946238041836498,23.13404243821632,22.661134916828235,22.891931533813477,134054400,0.0,0.0,22.998285675048827,0
2016-03-11,23.13404628662392,23.143097372800096,22.966605508160118,23.138572692871094,109632800,0.0,0.0,22.964344787597657,0
2016-03-14,23.059380528585958,23.285652530351765,23.029964063512647,23.197404861450195,100304400,0.0,0.0,22.993759536743163,0
2016-03-15,23.52323347933923,23.799285555257,23.498343424866768,23.663522720336914,160270800,0.0,0.0,23.154411697387694,0
2016-03-16,23.6703163295999,24.054978075986174,23.665789922427244,23.978046417236328,153214000,0.0,0.0,23.3738956451416,0
2016-03-17,23.876219495697473,24.091178920822344,23.749507734406702,23.939577102661133,137682800,0.0,0.0,23.583424758911132,0
2016-03-18,24.061767774463203,24.0979721292998,23.801556310929445,23.966733932495117,176820800,0.0,0.0,23.749057006835937,0
2016-03-21,23.96898886725636,24.35817691589159,23.790233811135852,23.96446418762207,142010800,0.0,0.0,23.902468872070312,0
2016-03-22,23.81512317625874,24.27671816992111,23.80607209093383,24.147743225097656,129777600,0.0,0.0,23.999312973022462,0
2016-03-23,24.093442565514504,24.22694221270348,23.96220439530553,24.014245986938477,102814000,0.0,0.0,24.00655288696289,0
2016-03-24,23.86490635855755,24.041398229347966,23.73366819390685,23.910160064697266,104532000,0.0,0.0,24.000669479370117,0
2016-03-28,23.98483542731281,24.02782766587806,23.772139164497705,23.801555633544922,77645600,0.0,0.0,23.96763381958008,0
2016-03-29,23.733673876423374,24.389863130469006,23.731410672679043,24.364973068237305,124760400,0.0,0.0,24.047735595703124,0
2016-03-30,24.584454768509033,24.98495547537294,24.573140477234638,24.790361404418945,182404400,0.0,0.0,24.176259231567382,0
2016-03-31,24.826567740913212,24.867296775912425,24.636498335477356,24.661388397216797,103553600,0.0,0.0,24.305687713623048,0
2016-04-01,24.61386824862732,24.88992036893003,24.48263007236564,24.887657165527344,103496000,0.0,0.0,24.501187133789063,0
2016-04-04,24.984951550434623,25.385453920701245,24.951010408261794,25.143342971801758,149424800,0.0,0.0,24.76954460144043,0
2016-04-05,24.779047078954108,25.055099193778993,24.758681701370815,24.846927642822266,106314800,0.0,0.0,24.86593551635742,0
2016-04-06,24.94196389766093,25.111667901594167,24.70890228215183,25.107141494750977,105616400,0.0,0.0,24.92929153442383,0
2016-04-07,24.878601435918707,24.98494953386156,24.464525059049166,24.559558868408203,127207600,0.0,0.0,24.90892562866211,0
2016-04-08,24.64328560848277,24.837877950218115,24.475843076973312,24.58671760559082,94326800,0.0,0.0,24.848737716674805,0
2016-04-11,24.656856459075357,25.02794234592997,24.625178521879334,24.668169021606445,117630000,0.0,0.0,24.753702926635743,0
2016-04-12,24.740580383866106,25.003056740270104,24.58671707657627,24.98948097229004,108929200,0.0,0.0,24.782213592529295,0
2016-04-13,25.070932363933803,25.419389642400777,25.070932363933803,25.35150909423828,133029200,0.0,0.0,24.831087112426758,0
2016-04-14,25.256483627763778,25.43071232450725,25.1908645344577,25.365093231201172,101895600,0.0,0.0,24.992193984985352,0
2016-04-15,25.367351251528262,25.41034347919359,24.82882457258405,24.855976104736328,187756000,0.0,0.0,25.04604568481445,0
2016-04-18,24.638752327446053,24.65232809193066,24.197522718516673,24.31970977783203,243286000,0.0,0.0,24.97635383605957,0
2016-04-19,24.41022105271326,24.437374312312617,24.036873659551965,24.190738677978516,129539600,0.0,0.0,24.816605377197266,0
2016-04-20,24.12964197683712,24.457735632396414,23.998403824086175,24.240514755249023,122444000,0.0,0.0,24.594406509399413,0
2016-04-21,24.19526735092348,24.19526735092348,23.876222971673943,23.978046417236328,126210000,0.0,0.0,24.316997146606447,0
2016-04-22,23.760822267809996,24.09344237092434,23.67257632939006,23.912424087524414,134732400,0.0,0.0,24.12828674316406,0
2016-04-25,23.758558745828626,23.905635883328365,23.647685955050544,23.776660919189453,112126400,0.0,0.0,24.019676971435548,0
2016-04-26,23.51192791373699,23.82644590332176,23.51192791373699,23.611486434936523,224064800,0.0,0.0,23.90382652282715,0
2016-04-27,21.72210768771083,22.33530447882034,21.649700731137848,22.133922576904297,458408400,0.0,0.0,23.4825080871582,0
2016-04-28,22.086400651904857,22.147493306306515,21.32612691758629,21.457365036010742,328970800,0.0,0.0,22.978371810913085,0
2016-04-29,21.267301404674168,21.43248069790953,20.932419864823252,21.21073341369629,274126000,0.0,0.0,22.438033676147462,0
2016-05-02,21.26278052732264,21.287670585909353,20.907533549506745,21.1881103515625,192640400,0.0,0.0,21.92032356262207,0
2016-05-03,21.31481660679629,21.66327561053489,21.197155954543828,21.536563873291016,227325200,0.0,0.0,21.505339050292967,0
2016-05-04,21.541098376416777,21.699489846523782,21.22884357024044,21.312564849853516,164102000,0.0,0.0,21.341067504882812,0
2016-05-05,21.399065538251588,21.41500094311543,21.09856809165568,21.226051330566406,143562000,0.1425,0.006713448383816636,21.294804763793945,1
2016-05-06,21.255648170316455,21.273858822090435,20.90961973417624,21.107675552368164,174799600,0.0,0.0,21.27419319152832,0
2016-05-09,21.17141384543927,21.34670328189043,21.07807667115257,21.123607635498047,131745600,0.0,0.0,21.26129264831543,0
2016-05-10,21.246541174809746,21.301176601729335,20.968808337989397,21.26702880859375,134747200,0.0,0.0,21.207385635375978,0
2016-05-11,21.280692133636997,21.30117977046872,21.048488495235805,21.059871673583984,114876400,0.0,0.0,21.15684700012207,0
2016-05-12,21.107675651787034,21.121334074889095,20.367814295389742,20.565868377685547,305258800,0.0,0.0,21.0248104095459,0
2016-05-13,20.48846500739972,20.868639441253695,20.48846500739972,20.606842041015625,177571200,0.0,0.0,20.92464370727539,0
2016-05-16,21.032550487061453,21.487849775426163,20.864090236678617,21.371747970581055,245039200,0.0,0.0,20.974271774291992,0
2016-05-17,21.52427836777203,21.55842443098928,21.17369764516445,21.282968521118164,187667600,0.0,0.0,20.977459716796876,0
2016-05-18,21.43549562122653,21.674526753374128,21.37402923236765,21.526554107666016,168249600,0.0,0.0,21.07079620361328,0
2016-05-19,21.544759817778345,21.544759817778345,21.30117479475683,21.44459342956543,121768400,0.0,0.0,21.246541213989257,0
2016-05-20,21.54475876994614,21.72460216875046,21.517440191717963,21.676795959472656,128104000,0.0,0.0,21.460531997680665,0
2016-05-23,21.824772004118582,22.125269464843562,21.779241033203313,21.952255249023438,152074400,0.0,0.0,21.57663345336914,0
2016-05-24,22.132101533906077,22.33015563826558,22.04559354641188,22.286903381347656,140560800,0.0,0.0,21.777420425415038,0
2016-05-25,22.462187175661384,22.705772195110654,22.334703946589983,22.678455352783203,152675200,0.0,0.0,22.007800674438478,0
2016-05-26,22.692116161484822,22.93114897797213,22.455360327707282,22.858301162719727,225324800,0.0,0.0,22.290542221069337,0
2016-05-27,22.637480465236077,22.871959313517372,22.59422647840904,22.844640731811523,145364800,0.0,0.0,22.524111175537108,0
2016-05-31,22.673901966435686,22.856022358466806,22.49633553946117,22.733091354370117,169228800,0.0,0.0,22.680278396606447,0
2016-06-01,22.541862338451534,22.660241101556068,22.384785297511208,22.414379119873047,116693200,0.0,0.0,22.705773544311523,0
2016-06-02,22.218609222824103,22.2732446616845,21.997788747358832,22.245927810668945,160766400,0.0,0.0,22.619268035888673,0
2016-06-03,22.26185096052874,22.371121778077825,22.184449206005507,22.291444778442383,114019600,0.0,0.0,22.505896759033202,0
2016-06-06,22.307389304787257,23.19522331053951,22.207224637192535,22.45308494567871,93170000,0.0,0.0,22.42758560180664,0
2016-06-07,22.59422878727063,22.735372201930687,22.52821017735685,22.544145584106445,89638000,0.0,0.0,22.389796447753906,0
2016-06-08,22.541859861473696,22.664790838807125,22.46445984064991,22.523649215698242,83392400,0.0,0.0,22.411650466918946,0
2016-06-09,22.423488151087273,22.76268560736526,22.414381957631843,22.685285568237305,106405600,0.0,0.0,22.499522018432618,0
2016-06-10,22.430319675347505,22.61699231836452,22.418938234975986,22.498615264892578,126851600,0.0,0.0,22.540956115722658,0
2016-06-13,22.466746550901703,22.564635978748562,22.104782671438503,22.1594181060791,152082000,0.0,0.0,22.482222747802734,0
2016-06-14,22.154864340465654,22.418938773768836,22.025104106674686,22.186735153198242,127727600,0.0,0.0,22.410740661621094,0
2016-06-15,22.268687704111798,22.403001894795192,22.0888442801829,22.1138858795166,117780800,0.0,0.0,22.328787994384765,0
2016-06-16,21.95681354707537,22.252758860929475,21.870307283667433,22.207229614257812,125307200,0.0,0.0,22.23317680358887,0
2016-06-17,21.99550960862422,22.0023388201696,21.695012142824737,21.701841354370117,244032800,0.0,0.0,22.073822021484375,0
2016-06-20,21.85436392148318,21.984124137793835,21.63354350813392,21.649478912353516,137647600,0.0,0.0,21.971834182739258,0
2016-06-21,21.613055249179165,21.934040306821196,21.55386586229536,21.83387565612793,142185600,0.0,0.0,21.901262283325195,0
2016-06-22,21.91127473065563,22.056970340567723,21.706389736457794,21.751920700073242,116876400,0.0,0.0,21.828869247436522,0
2016-06-23,21.8407036600755,21.920380674461924,21.683624876836088,21.877126693725586,128960800,0.0,0.0,21.76284866333008,0
2016-06-24,21.150922442058526,21.549309190682642,21.091733067379565,21.262470245361328,301245600,0.0,0.0,21.67497444152832,0
2016-06-27,21.171412823102244,21.18279599784611,20.829938422729626,20.952869415283203,181958400,0.0,0.0,21.535652542114256,0
2016-06-28,21.148646162391138,21.32166032813711,20.975631996645163,21.305723190307617,161779600,0.0,0.0,21.430022048950196,0
2016-06-29,21.392243839318272,21.524281089887545,21.314842033635447,21.49013328552246,146124000,0.0,0.0,21.37766456604004,0
2016-06-30,21.49923486383234,21.802007597523946,21.467364049759535,21.763307571411133,143345600,0.0,0.0,21.354900741577147,0
2016-07-01,21.738260716462143,21.961358097890752,21.7018376821071,21.829320907592773,104106000,0.0,0.0,21.46827087402344,0
2016-07-05,21.715503275406576,21.717780258564805,21.503788999251906,21.62444305419922,110820800,0.0,0.0,21.60258560180664,0
2016-07-06,21.535649865854843,21.776959601084386,21.483291435211964,21.747364044189453,123796400,0.0,0.0,21.69091377258301,0
2016-07-07,21.786070612908745,21.968191025990517,21.767859961063753,21.840707778930664,100558400,0.0,0.0,21.761028671264647,0
2016-07-08,21.96591273121933,22.056972932321376,21.86574807315307,22.009166717529297,115648400,0.0,0.0,21.810200500488282,0
2016-07-11,22.025102967911465,22.229987994048525,22.020550739254617,22.077463150024414,95179600,0.0,0.0,21.85982894897461,0
2016-07-12,22.12071895825232,22.24137301059324,22.109337516365553,22.177631378173828,96670000,0.0,0.0,21.97046661376953,0
2016-07-13,22.17534491369055,22.234532549949666,22.04558299455824,22.052413940429688,103568800,0.0,0.0,22.03147659301758,0
2016-07-14,22.170797838449396,22.535036907490163,22.154862433454767,22.4895076751709,155676000,0.0,0.0,22.161236572265626,0
2016-07-15,22.51909920028568,22.605607164408692,22.423486780092702,22.487228393554688,120548000,0.0,0.0,22.256848907470705,0
2016-07-18,22.46902162355876,22.79456071952793,22.446257004036756,22.726266860961914,145975600,0.0,0.0,22.386609649658205,0
2016-07-19,22.66479236081842,22.764958735037713,22.614709173708775,22.73536491394043,95119600,0.0,0.0,22.498156356811524,0
2016-07-20,22.764961753423556,22.869680369069854,22.705772366552605,22.755855560302734,105104000,0.0,0.0,22.638844680786132,0
2016-07-21,22.726260690682196,22.992610314115744,22.56690492363568,22.63520050048828,130808000,0.0,0.0,22.66798324584961,0
2016-07-22,22.596506521854337,22.60561271698975,22.38023829525389,22.459917068481445,113254800,0.0,0.0,22.662520980834962,0
2016-07-25,22.366580140036312,22.500892612033855,22.06380566125077,22.1594181060791,161531600,0.0,0.0,22.5491512298584,0
2016-07-26,22.041040955787416,22.302838423366524,21.949980740521315,22.006893157958984,224959200,0.0,0.0,22.40345687866211,0
2016-07-27,23.737030470996775,23.75524286154649,23.391003734698042,23.436532974243164,369379200,0.0,0.0,22.539592361450197,0
2016-07-28,23.409212413656437,23.77800371125491,23.406935430991453,23.752962112426758,159479200,0.0,0.0,22.76314468383789,0
2016-07-29,23.718817369635584,23.800771381822965,23.602715562898634,23.723369598388672,110934800,0.0,0.0,23.015835189819335,0
2016-08-01,23.768902834521718,24.16501277327869,23.768902834521718,24.142248153686523,152671600,0.0,0.0,23.41240119934082,0
2016-08-02,24.142241818714755,24.14679404670702,23.675559423802557,23.784832000732422,135266400,0.0,0.0,23.76798896789551,0
2016-08-03,23.859959975674617,24.0944388443081,23.850853780982273,24.083057403564453,120810400,0.0,0.0,23.897293853759766,0
2016-08-04,24.16544864727516,24.261579012946477,24.09678310251717,24.23182487487793,109634800,0.1425,0.005880696180985331,23.99306640625,1
2016-08-05,24.32337678608829,24.639236198825742,24.30277817025099,24.600326538085938,162213600,0.0,0.0,24.168457794189454,0
2016-08-08,24.609485258853,24.80403709411621,24.52708903271134,24.80403709411621,112148800,0.0,0.0,24.30081558227539,0
2016-08-09,24.771996258580785,24.93450290293659,24.72164174276166,24.904747009277344,105260800,0.0,0.0,24.524798583984374,0
2016-08-10,24.881859368478118,24.925347677433617,24.664421316176433,24.71935272216797,96034000,0.0,0.0,24.652057647705078,0
2016-08-11,24.838367228321207,24.932210039226604,24.68501613103632,24.703327178955078,109938000,0.0,0.0,24.746358108520507,0
2016-08-12,24.6689960458263,24.820059581873906,24.6689960458263,24.760549545288086,74641600,0.0,0.0,24.778402709960936,0
2016-08-15,24.75139387983984,25.07183025301336,24.73766146618195,25.05809783935547,103472800,0.0,0.0,24.82921485900879,0
2016-08-16,25.092430377750215,25.22976150751289,24.996299983906624,25.03520965576172,135177600,0.0,0.0,24.855307388305665,0
2016-08-17,24.971123892877344,25.03292325340463,24.797172400960832,24.99859046936035,101424000,0.0,0.0,24.91115493774414,0
2016-08-18,25.000875976442813,25.085561518440528,24.952809038364844,24.966543197631836,87938800,0.0,0.0,24.963798141479494,0
2016-08-19,24.895584519963077,25.106158049597234,24.80174346819954,25.03062629699707,101472400,0.0,0.0,25.01781349182129,0
2016-08-22,24.91618537887745,24.971116769936508,24.685013228240997,24.836076736450195,103280800,0.0,0.0,24.973409271240236,0
2016-08-23,24.854388436650385,25.021473689483713,24.840656024118577,24.913898468017578,85030800,0.0,0.0,24.949147033691407,0
2016-08-24,24.84981806852593,24.891017063169663,24.64611241340915,24.726221084594727,94700400,0.0,0.0,24.894673156738282,0
2016-08-25,24.57972882831137,24.69188093452572,24.417222216300257,24.620927810668945,100344800,0.0,0.0,24.825550079345703,0
2016-08-26,24.58430747167917,24.70790267255723,24.33253494260801,24.47673225402832,111065200,0.0,0.0,24.714771270751953,0
2016-08-29,24.403492465114848,24.591176350488606,24.327960698184036,24.449268341064453,99881200,0.0,0.0,24.637409591674803,0
2016-08-30,24.215813165674433,24.376030508077367,24.147147592508567,24.26158905029297,99455600,0.0,0.0,24.506947708129882,0
2016-08-31,24.183768038038835,24.39205056887319,24.179189402148264,24.284475326538086,118649600,0.0,0.0,24.418598556518553,0
2016-09-01,24.29362528048776,24.444688797948064,24.174606968198237,24.428667068481445,106806000,0.0,0.0,24.380146408081053,0
2016-09-02,24.65068095243993,24.719346502330282,24.449264683659027,24.657548904418945,107210000,0.0,0.0,24.41630973815918,0
2016-09-06,24.696465800132074,24.788019311384804,24.60720160687611,24.65068817138672,107521600,0.0,0.0,24.456593704223632,0
2016-09-07,24.68044063237792,24.893301774270007,24.506489159826664,24.801748275756836,169457200,0.0,0.0,24.564625549316407,0
2016-09-08,24.547686247936387,24.552263136701015,24.087631219518045,24.151718139648438,212008000,0.0,0.0,24.538074111938478,0
2016-09-09,23.950308056629332,24.19750202362435,23.604694366455078,23.604694366455078,186228000,0.0,0.0,24.373279571533203,0
2016-09-12,23.494826106333228,24.197496422009813,23.46735953427949,24.13340950012207,181171200,0.0,0.0,24.268451690673828,0
2016-09-13,24.60720134069664,24.900171176545893,24.5454019791184,24.707908630371094,248704800,0.0,0.0,24.279895782470703,0
2016-09-14,24.886436721019322,25.87063207350197,24.856680828536582,25.582239151000977,443554800,0.0,0.0,24.435993957519532,0
2016-09-15,26.06060819161827,26.48861986063888,25.975920886534766,26.451997756958008,359934400,0.0,0.0,24.896049880981444,0
2016-09-16,26.348994552349193,26.580164975590975,26.101800653078442,26.3032169342041,319547600,0.0,0.0,25.43575439453125,0
2016-09-19,26.365020681676523,26.591614254034297,25.9209873158799,25.996519088745117,188092000,0.0,0.0,25.80837631225586,0
2016-09-20,25.875210034920507,26.120114644327742,25.75161307135455,25.99422836303711,138057200,0.0,0.0,26.065640258789063,0
2016-09-21,26.05831262755603,26.090356087477158,25.735588710853925,25.989648818969727,144012800,0.0,0.0,26.147122192382813,0
2016-09-22,26.172754940092023,26.307796736816936,26.09264628757944,26.234554290771484,124296000,0.0,0.0,26.10363349914551,0
2016-09-23,26.188775638778342,26.273462923090836,25.531882967818554,25.797386169433594,209924800,0.0,0.0,26.002467346191406,0
2016-09-26,25.552483716270608,25.953028742676437,25.53188509596385,25.8362979888916,119477600,0.0,0.0,25.9704231262207,0
2016-09-27,25.86376074247659,25.90495972324331,25.712697230919463,25.88435935974121,98429600,0.0,0.0,25.948449325561523,0
2016-09-28,26.02168946023276,26.239127449892997,25.96217943558065,26.08119773864746,118564400,0.0,0.0,25.96675910949707,0
2016-09-29,25.9003847630911,26.046869650892393,25.58910393995395,25.67607879638672,143548000,0.0,0.0,25.85506401062012,0
2016-09-30,25.740169900974752,25.94845417150556,25.589108099851238,25.875211715698242,145516400,0.0,0.0,25.870629119873048,0
2016-10-03,25.79738119106249,25.875202254160495,25.69896151334979,25.75389289855957,86807200,0.0,0.0,25.85414810180664,0
2016-10-04,25.877496222342135,26.163599804302354,25.77907652029831,25.8637638092041,118947200,0.0,0.0,25.85002899169922,0
2016-10-05,25.955320378887826,26.01483041993061,25.792813734635274,25.875211715698242,85812400,0.0,0.0,25.808831787109376,0
2016-10-06,26.023982245396795,26.170467146015195,25.8935190762136,26.06747055053711,115117200,0.0,0.0,25.88711013793945,0
2016-10-07,26.163603093580928,26.220823817166742,25.98049782584907,26.106382369995117,97433600,0.0,0.0,25.933344268798827,0
2016-10-10,26.326106405350398,26.722074530767596,26.257442593485038,26.561857223510742,144944000,0.0,0.0,26.094937133789063,0
2016-10-11,26.93951422421971,27.166109532262723,26.59618990489879,26.61907958984375,256164000,0.0,0.0,26.246000289916992,0
2016-10-12,26.85940029446563,27.003597597873863,26.722070942935716,26.85711097717285,150347200,0.0,0.0,26.442380142211913,0
2016-10-13,26.731234742138586,26.880008979956983,26.486330103110024,26.774723052978516,140769600,0.0,0.0,26.583830642700196,0
2016-10-14,26.980715062800435,27.047091311969947,26.809052891366903,26.923494338989258,142608800,0.0,0.0,26.747253036499025,0
2016-10-17,26.85482547052972,26.97155446787286,26.72893920331153,26.905179977416992,94499600,0.0,0.0,26.815917587280275,0
2016-10-18,27.049376049096928,27.05624225539342,26.882290795519253,26.886869430541992,98214000,0.0,0.0,26.86947555541992,0
2016-10-19,26.836516840135722,26.953247594229147,26.046871627343243,26.8067626953125,80138400,0.0,0.0,26.85940589904785,0
2016-10-20,26.7472462905892,26.866264587780144,26.625938676268433,26.79302215576172,96503200,0.0,0.0,26.863065719604492,0
2016-10-21,26.735805515536914,26.75869519784017,26.61449788277504,26.687740325927734,92770800,0.0,0.0,26.815914916992188,0
2016-10-24,26.80218568949886,26.948670597321588,26.779297750071155,26.928071975708008,94154800,0.0,0.0,26.820493316650392,0
2016-10-25,26.996731708443775,27.090574516004875,26.85024682278932,27.065397262573242,192516000,0.0,0.0,26.856198883056642,0
2016-10-26,26.16360365468382,26.481750744944865,25.93472075543196,26.456573486328125,264536800,0.0,0.0,26.786161041259767,0
2016-10-27,26.410799097834698,26.518374345961796,26.11553993156182,26.202516555786133,138248000,0.0,0.0,26.66805992126465,0
2016-10-28,26.062891508815476,26.36959369845516,25.966759381906105,26.0285587310791,151446800,0.0,0.0,26.53622360229492,0
2016-10-31,26.01254298236975,26.14529548881585,25.909544625476876,25.98736572265625,105677600,0.0,0.0,26.34808235168457,0
2016-11-01,25.969053738668325,26.040006879184247,25.29842676886926,25.51815414428711,175303200,0.0,0.0,26.038633728027342,0
2016-11-02,25.497551955515803,25.71498998256789,25.45864228688336,25.541038513183594,113326800,0.0,0.0,25.855526733398438,0
2016-11-03,25.53183617062324,25.642263021474122,25.202853178991276,25.267269134521484,107730400,0.1425,0.005639707213365173,25.668477249145507,1
2016-11-04,24.968191409954677,25.363891402462773,24.871567483003545,25.039508819580078,123348000,0.0,0.0,25.4706672668457,0
2016-11-07,25.324789577434114,25.423714605283607,25.18215296012447,25.40070915222168,130240000,0.0,0.0,25.35333595275879,0
2016-11-08,25.377696072141084,25.70207867743133,25.237360559169108,25.55023956298828,97016800,0.0,0.0,25.359753036499022,0
2016-11-09,25.27876923832055,25.610053278444553,24.857764485066493,25.508827209472656,236705600,0.0,0.0,25.353310775756835,0
2016-11-10,25.557135154909577,25.557135154909577,24.347031680638093,24.797945022583008,228538000,0.0,0.0,25.25944595336914,0
2016-11-11,24.643818762813076,25.04642034728978,24.51268574550595,24.945194244384766,136575600,0.0,0.0,25.24058303833008,0
2016-11-14,24.779541480975045,24.80254692483894,23.94443175781599,24.319425582885742,204702000,0.0,0.0,25.02432632446289,0
2016-11-15,24.517282287264077,24.772646821194414,24.422959414978134,24.64151382446289,129058000,0.0,0.0,24.84258117675781,0
2016-11-16,24.547189871652037,25.359296151320716,24.524184420842918,25.304080963134766,235362000,0.0,0.0,24.801631927490234,0
2016-11-17,25.262666214510148,25.386897734297026,25.03721037709193,25.29487419128418,110528000,0.0,0.0,24.90101776123047,0
2016-11-18,25.24196582461165,25.43061332773471,25.22816290530128,25.3201847076416,113715600,0.0,0.0,24.976015853881837,0
2016-11-21,25.333994049958743,25.76420149629619,25.308687523091397,25.704387664794922,117058400,0.0,0.0,25.25300827026367,0
2016-11-22,25.75499298387835,25.86312052717091,25.628462134121555,25.72048568725586,103862000,0.0,0.0,25.468802642822265,0
2016-11-23,25.61926238079961,25.653771436366686,25.382302890551035,25.58935546875,109705600,0.0,0.0,25.525857543945314,0
2016-11-25,25.566350086251393,25.736594304478434,25.524939567656112,25.718189239501953,45903600,0.0,0.0,25.610520553588866,0
2016-11-28,25.635364040606053,25.874624580847378,25.626161509611773,25.667572021484375,108776000,0.0,0.0,25.679998016357423,0
2016-11-29,25.485829595852017,25.77340214817063,25.322488596759477,25.642269134521484,114115200,0.0,0.0,25.667574310302733,0
2016-11-30,25.67447127436906,25.812505717013426,25.368493727118555,25.426008224487305,144649200,0.0,0.0,25.608678817749023,0
2016-12-01,25.39150476644213,25.522637770046657,25.083226101264454,25.18905258178711,148347600,0.0,0.0,25.528618240356444,0
2016-12-02,25.11543167252432,25.327084613245596,25.041813182047214,25.283374786376953,106112000,0.0,0.0,25.441655349731445,0
2016-12-05,25.306373051169036,25.31327450844146,24.903771661718622,25.101621627807617,137298000,0.0,0.0,25.328465270996094,0
2016-12-06,25.191348802396664,25.389198805553196,25.12003139028318,25.29487419128418,104782000,0.0,0.0,25.258986282348634,0
2016-12-07,25.1361368988208,25.580148897147293,25.113131450477074,25.543338775634766,119994800,0.0,0.0,25.282452392578126,0
2016-12-08,25.504228164722253,25.86541912823378,25.44441259761754,25.79410171508789,108273200,0.0,0.0,25.403462219238282,0
2016-12-09,25.83780824536823,26.387646614869272,25.83780824536823,26.215103149414062,137610400,0.0,0.0,25.5898078918457,0
2016-12-12,26.063271667134355,26.45667064611745,25.87922456055831,26.06557273864746,105497600,0.0,0.0,25.782598114013673,0
2016-12-13,26.18980742186041,26.66832858441168,26.169103039974875,26.50038719177246,174935200,0.0,0.0,26.023700714111328,0
2016-12-14,26.465878133426276,26.732744557215963,26.452075212169248,26.50038719177246,136127200,0.0,0.0,26.21511039733887,0
2016-12-15,26.544092897640045,26.854672619230723,26.509585599866277,26.64531898498535,186098000,0.0,0.0,26.38535385131836,0
2016-12-16,26.79485573729359,26.801757196511677,26.606208246118552,26.679826736450195,177404400,0.0,0.0,26.478298568725585,0
2016-12-19,26.640711740854886,27.00420197375097,26.629208141088593,26.833959579467773,111117600,0.0,0.0,26.63197593688965,0
2016-12-20,26.856976715603903,27.031821327990908,26.843173794037757,26.905288696289062,85700000,0.0,0.0,26.71295623779297,0
2016-12-21,26.870772051742385,27.008806485032228,26.866169909350997,26.930585861206055,95132800,0.0,0.0,26.798995971679688,0
2016-12-22,26.767247589780606,26.804057711784225,26.6039066225968,26.75344467163086,104343600,0.0,0.0,26.82062110900879,0
2016-12-23,26.592408103864674,26.80636215209961,26.592408103864674,26.80636215209961,56998000,0.0,0.0,26.845928192138672,0
2016-12-27,26.80636215499572,27.100837921736478,26.799460694600874,26.976606369018555,73187600,0.0,0.0,26.874457550048827,0
2016-12-28,27.03641507988799,27.151444078578333,26.732738593553627,26.861572265625,83623600,0.0,0.0,26.865714263916015,0
2016-12-29,26.790251860249484,26.942090974031995,26.778750014031598,26.85466957092285,60158000,0.0,0.0,26.850531005859374,0
2016-12-30,26.83626755694915,26.96279841092744,26.555596500366864,26.64531898498535,122345200,0.0,0.0,26.828905868530274,0
2017-01-03,26.64071913486251,26.762649603333717,26.401458585981693,26.72123908996582,115127600,0.0,0.0,26.811881256103515,0
2017-01-04,26.652222419559344,26.804061561829098,26.62921696760427,26.69133186340332,84472400,0.0,0.0,26.75482635498047,0
2017-01-05,26.668327718739967,26.88458283916623,26.643021193787806,26.827068328857422,88774400,0.0,0.0,26.747925567626954,0
2017-01-06,26.86617203276788,27.183653185150572,26.79485461689209,27.12613868713379,127007600,0.0,0.0,26.80221939086914,0
2017-01-09,27.13534082970417,27.47582744741152,27.133041513413918,27.374601364135742,134247600,0.0,0.0,26.94807586669922,0
2017-01-10,27.323991499898003,27.464327038866397,27.215865699974678,27.402212142944336,97848400,0.0,0.0,27.084270477294922,0
2017-01-11,27.31708513812776,27.590854706860362,27.284877160065474,27.5494441986084,110354400,0.0,0.0,27.255892944335937,0
2017-01-12,27.35389396855466,27.44591751090735,27.195153401876347,27.43441390991211,108344800,0.0,0.0,27.377362060546876,0
2017-01-13,27.40221048203356,27.51954056188967,27.33319237501152,27.386106491088867,104447600,0.0,0.0,27.42935562133789,0
2017-01-17,27.225065050993486,27.662175636930506,27.19745921211967,27.606962203979492,137759200,0.0,0.0,27.475827789306642,0
2017-01-18,27.606955383205886,27.72198436396924,27.540238363738784,27.60465431213379,94852000,0.0,0.0,27.516316223144532,0
2017-01-19,27.468917880202063,27.627656662335223,27.462016422961852,27.556339263916016,102389200,0.0,0.0,27.517695236206055,0
2017-01-20,27.710487610163064,27.710487610163064,27.54484731131003,27.606962203979492,130391600,0.0,0.0,27.552204895019532,0
2017-01-23,27.60695924284487,27.793305656069048,27.554045132006674,27.625364303588867,88200800,0.0,0.0,27.600056457519532,0
2017-01-24,27.50343936847828,27.629970237284365,27.491935764403387,27.60006332397461,92844000,0.0,0.0,27.598676681518555,0
2017-01-25,27.7035842916051,28.090081806735956,27.671376311611134,28.03946876525879,129510400,0.0,0.0,27.685639572143554,0
2017-01-26,27.991155606248086,28.168301243893303,27.975051616935176,28.053272247314453,105350400,0.0,0.0,27.785026168823244,0
2017-01-27,28.099282181284575,28.147594147568313,27.97505065861076,28.055570602416992,82251600,0.0,0.0,27.874747848510744,0
2017-01-30,27.82091088008753,27.981950759887695,27.758795999365482,27.981950759887695,121510000,0.0,0.0,27.946065139770507,0
2017-01-31,27.87152869592351,27.92674212772511,27.749598229560107,27.917539596557617,196804000,0.0,0.0,28.00956039428711,0
2017-02-01,29.224268361259686,30.020270610409472,29.21966797340711,29.61996841430664,447940000,0.0,0.0,28.32566032409668,0
2017-02-02,29.44282226256012,29.76720311498404,29.396809611547503,29.569353103637695,134841600,0.0,0.0,28.62887649536133,0
2017-02-03,29.51874097170494,29.721193131971837,29.484233676389646,29.695886611938477,98029200,0.0,0.0,28.956939697265625,0
2017-02-06,29.70739378273852,30.022572152503574,29.654477909689444,29.974258422851562,107383600,0.0,0.0,29.355401229858398,0
2017-02-07,30.031768532103786,30.38835911942221,30.01106415545851,30.2595272064209,152735200,0.0,0.0,29.823798751831056,0
2017-02-08,30.2181168864143,30.418266204420902,30.188208225873115,30.376853942871094,92016400,0.0,0.0,29.975175857543945,0
2017-02-09,30.41845127554744,30.60329635703919,30.295992158254823,30.596364974975586,113399600,0.1425,0.004657416007311624,30.180578231811523,1
2017-02-10,30.605600090348965,30.716505696098103,30.510866529409288,30.52703857421875,80262000,0.0,0.0,30.346808624267577,0
2017-02-13,30.748862679899332,30.919844998644407,30.672613950957338,30.797382354736328,92141600,0.0,0.0,30.511433410644532,0
2017-02-14,30.838976324893203,31.213285087974555,30.788143835385,31.197113037109375,132904800,0.0,0.0,30.698950576782227,0
2017-02-15,31.31262508124424,31.48591661069046,31.104673130533655,31.310312271118164,142492400,0.0,0.0,30.88564224243164,0
2017-02-16,31.347295215836816,31.400436986802053,31.155518752514713,31.273359298706055,90338400,0.0,0.0,31.021041107177734,0
2017-02-17,31.21559341039314,31.384262905527905,31.21559341039314,31.35884666442871,88792800,0.0,0.0,31.187402725219727,0
2017-02-21,31.476681219848377,31.59683103435728,31.418917360553394,31.585277557373047,98028800,0.0,0.0,31.34498176574707,0
2017-02-22,31.522899807157962,31.68232866440956,31.448963881341438,31.68001937866211,83347600,0.0,0.0,31.441563034057616,0
2017-02-23,31.74239806487526,31.765501493928575,31.492857761966008,31.54599952697754,83152800,0.0,0.0,31.488700485229494,0
2017-02-24,31.40274867152735,31.576040267944336,31.25718260233658,31.576040267944336,87106400,0.0,0.0,31.549236679077147,0
2017-02-27,31.686943299266535,31.756260637263946,31.488235477341306,31.63842010498047,81029600,0.0,0.0,31.6051513671875,0
2017-02-28,31.67308258194368,31.75626268778631,31.5852803797691,31.65228843688965,93931600,0.0,0.0,31.61855354309082,0
2017-03-01,31.860232400519113,32.3824163916019,31.79322787856917,32.29923629760742,145658400,0.0,0.0,31.742396926879884,0
2017-03-02,32.3477714603339,32.41246672120439,32.06126135817369,32.10747528076172,104844000,0.0,0.0,31.85469207763672,0
2017-03-03,32.06586918347313,32.308478066569165,32.02196809193067,32.29692459106445,84432400,0.0,0.0,31.998868942260742,0
2017-03-06,32.2021981053339,32.29462240405926,32.024287940837276,32.19526672363281,87000000,0.0,0.0,32.110238265991214,0
2017-03-07,32.130571306357986,32.343141903855376,32.06818534575366,32.23685836791992,69785200,0.0,0.0,32.227152252197264,0
2017-03-08,32.10516099742172,32.30155958253522,32.07512617986917,32.11671447753906,74828800,0.0,0.0,32.19064788818359,0
2017-03-09,32.05662904255546,32.068178992623274,31.666144833241777,32.042762756347656,88623600,0.0,0.0,32.17770538330078,0
2017-03-10,32.174471721726356,32.19988796249569,32.0335277548467,32.14905548095703,78451200,0.0,0.0,32.1481315612793,0
2017-03-13,32.082050798304046,32.21605985740259,32.07511941682055,32.16291809082031,69686800,0.0,0.0,32.1416618347168,0
2017-03-14,32.18602176003566,32.26688904429549,32.07973471209646,32.11439514160156,61236400,0.0,0.0,32.11716918945312,0
2017-03-15,32.21142788478592,32.521041214317535,32.12362572169116,32.454036712646484,102767200,0.0,0.0,32.18463363647461,0
2017-03-16,32.51412208555673,32.58343942329321,32.40783503094396,32.5071907043457,76928000,0.0,0.0,32.27751922607422,0
2017-03-17,32.57881991544937,32.57881991544937,32.3223482133878,32.345455169677734,175540000,0.0,0.0,32.31679916381836,0
2017-03-20,32.44017128178275,32.69433358919256,32.40089229347851,32.68509292602539,86168000,0.0,0.0,32.421234130859375,0
2017-03-21,32.8352917141338,32.99472054637454,32.28537858857916,32.310794830322266,158119600,0.0,0.0,32.460514068603516,0
2017-03-22,32.31310613499406,32.71745317302266,32.292308464990825,32.67586135864258,103440800,0.0,0.0,32.504878997802734,0
2017-03-23,32.63887213848022,32.71281153069821,32.488687595770784,32.5603141784668,81385200,0.0,0.0,32.51550369262695,0
2017-03-24,32.694343799918045,32.749798373115034,32.42863146197127,32.495635986328125,89582400,0.0,0.0,32.54553985595703,0
2017-03-27,32.20682392784006,32.62965588865848,32.028910217133244,32.55109786987305,94300400,0.0,0.0,32.518740844726565,0
2017-03-28,32.55803025555578,33.28123154879322,32.49102218845944,33.22578048706055,133499200,0.0,0.0,32.70173797607422,0
2017-03-29,33.19804055798778,33.38519840692117,33.084825660277524,33.299705505371094,116760000,0.0,0.0,32.826506805419925,0
2017-03-30,33.31587881516693,33.38750542533572,33.15645002446834,33.255802154541016,84829200,0.0,0.0,32.96560440063477,0
2017-03-31,33.2072908029711,33.33437201036823,33.04323987603545,33.19342803955078,78646800,0.0,0.0,33.1051628112793,0
2017-04-03,33.20497241728746,33.2997024499063,33.052475010205114,33.202659606933594,79942800,0.0,0.0,33.23547515869141,0
2017-04-04,33.0986925024719,33.477623291318075,33.080207643793266,33.44989776611328,79565600,0.0,0.0,33.28029861450195,0
2017-04-05,33.32283317913818,33.60934334305565,33.22809955329111,33.2766227722168,110871600,0.0,0.0,33.275682067871095,0
2017-04-06,33.33899058109066,33.39213587503724,33.14490484195315,33.19342803955078,84596000,0.0,0.0,33.263207244873044,0
2017-04-07,33.209595422953385,33.313569659625706,33.10331190124426,33.119483947753906,66688800,0.0,0.0,33.24841842651367,0
2017-04-10,33.17956349994475,33.24425874286062,33.01782186702875,33.08020782470703,75733600,0.0,0.0,33.22392807006836,0
2017-04-11,33.02706638137571,33.121799961435954,32.36162556132028,32.72438430786133,121517600,0.0,0.0,33.07882537841797,0
2017-04-12,32.717450050383505,32.844527715419915,32.58112466824049,32.7636604309082,81400000,0.0,0.0,32.97623291015625,0
2017-04-13,32.789074157625386,32.89767048263503,32.59036636352539,32.59036636352539,71291600,0.0,0.0,32.855620574951175,0
2017-04-17,32.689732341739536,32.78215666047726,32.54878834058837,32.77060317993164,66328400,0.0,0.0,32.78584442138672,0
2017-04-18,32.673553715856414,32.81911625943817,32.60423637215595,32.625030517578125,58790000,0.0,0.0,32.69480895996094,0
2017-04-19,32.782144510931275,32.809870033463476,32.451733423043436,32.50487518310547,69313600,0.0,0.0,32.65090713500977,0
2017-04-20,32.6296492538494,33.0224427935341,32.615786491662185,32.911537170410156,93278400,0.0,0.0,32.68048248291016,0
2017-04-21,32.91154005220847,32.96699110581275,32.7752181779293,32.87226104736328,69283600,0.0,0.0,32.73686141967774,0
2017-04-24,33.156437949662354,33.26041213706256,33.08249855601151,33.188785552978516,68537200,0.0,0.0,32.82049789428711,0
2017-04-25,33.25119785952204,33.47994054817826,33.241953665168516,33.39445114135742,75486000,0.0,0.0,32.97438201904297,0
2017-04-26,33.38058726596684,33.41062560817669,33.1287376254248,33.19805145263672,80164800,0.0,0.0,33.11301727294922,0
2017-04-27,33.253499487413826,33.30895406388303,33.11255552381096,33.22346115112305,56985200,0.0,0.0,33.175402069091795,0
2017-04-28,33.2927774759267,33.341300669562116,33.103313848608956,33.19111251831055,83441600,0.0,0.0,33.23917236328125,0
2017-05-01,33.526149553957254,34.01136391757358,33.49380192971616,33.86811065673828,134411600,0.0,0.0,33.375037384033206,0
2017-05-02,34.08992393605431,34.217005155060875,33.928185805330884,34.08299255371094,181408800,0.0,0.0,33.5127456665039,0
2017-05-03,33.63935976585729,34.07836720551908,33.33436842652095,33.97901153564453,182788000,0.0,0.0,33.66893768310547,0
2017-05-04,33.854242838931896,33.99749607838162,33.690191931153905,33.85655212402344,93487600,0.0,0.0,33.795555877685544,0
2017-05-05,33.90969733385166,34.42264072641439,33.90969733385166,34.41802215576172,109310800,0.0,0.0,34.04093780517578,0
2017-05-08,34.434186938092864,35.51321526304212,34.434186938092864,35.35378646850586,195009600,0.0,0.0,34.3380729675293,0
2017-05-09,35.55250547264491,35.78587376314534,35.45546259441152,35.58023452758789,156521600,0.0,0.0,34.63752136230469,0
2017-05-10,35.49705680381628,35.5686834431231,35.14585146445079,35.411563873291016,103222800,0.0,0.0,34.924031829833986,0
2017-05-11,35.369801601438134,35.745658910310475,35.337320455257014,35.71781539916992,109020400,0.1575,0.004409564197581364,35.29628448486328,1
2017-05-12,35.89182166148487,36.29087775902097,35.88486166886803,36.216636657714844,130108000,0.0,0.0,35.65600738525391,0
2017-05-15,36.19573587867911,36.344221550660954,35.973009140795185,36.12381362915039,104038800,0.0,0.0,35.81001281738281,0
2017-05-16,36.179494373501626,36.2073343286072,35.89644302933688,36.07044982910156,80194000,0.0,0.0,35.90805587768555,0
2017-05-17,35.63661487281056,35.86166408215146,34.73409921788966,34.85938262939453,203070800,0.0,0.0,35.79761962890625,0
2017-05-18,35.09602929903596,35.57628645594224,35.063548155767805,35.39067840576172,134272800,0.0,0.0,35.73219223022461,0
2017-05-19,35.5855666531375,35.72477002721877,35.411559780401745,35.511322021484375,107843200,0.0,0.0,35.591129302978516,0
2017-05-22,35.7294001152807,35.863965813263476,35.47651105501651,35.727081298828125,91865600,0.0,0.0,35.511782836914065,0
2017-05-23,35.93822574135767,35.93822574135767,35.569331941676616,35.68301773071289,79675600,0.0,0.0,35.434296417236325,0
2017-05-24,35.69228325002992,35.768846686765585,35.420832996246155,35.57627868652344,76712000,0.0,0.0,35.57767562866211,0
2017-05-25,35.666760503466904,35.81060856307925,35.504354829883454,35.699241638183594,76942400,0.0,0.0,35.63938827514649,0
2017-05-26,35.72941471552804,35.78509819474404,35.56932781043888,35.63893127441406,87710400,0.0,0.0,35.66491012573242,0
2017-05-30,35.59484499988018,35.82917297765768,35.57396502506591,35.65284729003906,80507600,0.0,0.0,35.65006332397461,0
2017-05-31,35.7224401700159,35.76884128036938,35.353546563465706,35.441707611083984,97804800,0.0,0.0,35.60180130004883,0
2017-06-01,35.536842864976805,35.57396518048359,35.31643486944589,35.539161682128906,65616400,0.0,0.0,35.59437789916992,0
2017-06-02,35.63195153711291,36.0658073425293,35.4718647207335,36.0658073425293,111082800,0.0,0.0,35.66769104003906,0
2017-06-05,35.80828223069591,35.833803372295485,35.604116638077066,35.713157653808594,101326800,0.0,0.0,35.68253631591797,0
2017-06-06,35.706203171247324,36.149341452740536,35.6783632089096,35.83380889892578,106499600,0.0,0.0,35.718728637695314,0
2017-06-07,35.9660592065226,36.18878600667422,35.84077228378099,36.04726028442383,84278400,0.0,0.0,35.839839172363284,0
2017-06-08,36.01941991941855,36.08670101408541,35.822210729231124,35.95909881591797,85003200,0.0,0.0,35.92382659912109,0
2017-06-09,36.00550242241281,36.00550242241281,33.87797883138676,34.56472396850586,259530800,0.0,0.0,35.623609924316405,0
2017-06-12,33.81301798022594,33.89421906626686,33.06362580621396,33.738773345947266,289229200,0.0,0.0,35.22873306274414,0
2017-06-13,34.14246648535844,34.20974757944908,33.67612584014028,34.01021957397461,136661600,0.0,0.0,34.86401519775391,0
2017-06-14,34.22133663456883,34.22133663456883,33.3721826182651,33.678436279296875,126124800,0.0,0.0,34.39025039672852,0
2017-06-15,33.25153985910825,33.520667675588555,32.994009663374705,33.476585388183594,128661600,0.0,0.0,33.89374771118164,0
2017-06-16,33.35826702540767,33.52531385516667,32.991692234557526,33.0079345703125,201444400,0.0,0.0,33.58238983154297,0
2017-06-19,33.330438043573054,34.04502670838691,33.330438043573054,33.95222091674805,130165600,0.0,0.0,33.62507934570313,0
2017-06-20,34.07517181859464,34.07517181859464,33.62739600173428,33.64363479614258,99600400,0.0,0.0,33.551762390136716,0
2017-06-21,33.7619614847194,33.88956718362495,33.55083237745546,33.843162536621094,85063200,0.0,0.0,33.58470764160156,0
2017-06-22,33.81997579978962,34.035742616466905,33.66916772366512,33.78749465942383,76425200,0.0,0.0,33.64688949584961,0
2017-06-23,33.671488172430905,34.14246645112893,33.66684699830492,33.938297271728516,141757600,0.0,0.0,33.83296203613281,0
2017-06-26,34.14478369189126,34.40231397122722,33.7294889013404,33.831573486328125,102769600,0.0,0.0,33.80883255004883,0
2017-06-27,33.643631922358225,33.91044446075563,33.321139476257,33.34666061401367,99047600,0.0,0.0,33.749437713623045,0
2017-06-28,33.52299386950965,33.898847453269674,33.214421362527546,33.833885192871094,88329600,0.0,0.0,33.747582244873044,0
2017-06-29,33.57403270895201,33.67147608955907,33.0102488509387,33.335060119628906,125997600,0.0,0.0,33.65709533691406,0
2017-06-30,33.51371791447777,33.63204483576465,33.3582722231546,33.41395568847656,92096400,0.0,0.0,33.55222702026367,0
2017-07-03,33.61348197207128,33.710925376297865,33.20050602741556,33.29330825805664,57111200,0.0,0.0,33.444573974609376,0
2017-07-05,33.33740783478674,33.592615871408036,33.112358591656495,33.43021011352539,86278400,0.0,0.0,33.46128387451172,0
2017-07-06,33.181946800684734,33.29331019195842,33.040421089620494,33.114662170410156,96515200,0.0,0.0,33.317439270019534,0
2017-07-07,33.15409752635443,33.58331575868507,33.15409752635443,33.45106887817383,76806800,0.0,0.0,33.340641021728516,0
2017-07-10,33.434838750141466,33.861734736524554,33.26315070466669,33.65524673461914,84362400,0.0,0.0,33.38889923095703,0
2017-07-11,33.57867804222174,33.838530656946226,33.49747697651507,33.764286041259766,79127200,0.0,0.0,33.48309478759766,0
2017-07-12,33.84318140267704,33.91510368937792,33.59957457099455,33.81302261352539,99538000,0.0,0.0,33.55965728759766,0
2017-07-13,33.75733476658762,34.45104347027611,33.74341478259706,34.28399658203125,100797600,0.0,0.0,33.793524169921874,0
2017-07-14,34.33039962475415,34.64593226014043,34.18191388693586,34.57864761352539,80528400,0.0,0.0,34.019039916992185,0
2017-07-17,34.527606707527475,35.01018267036603,34.46960441447506,34.69929122924805,95174000,0.0,0.0,34.227848815917966,0
2017-07-18,34.61576944547624,34.83153982687053,34.492804861523275,34.81993865966797,71475200,0.0,0.0,34.43897933959961,0
2017-07-19,34.91273417035607,35.13082332697542,34.7897696101649,35.038021087646484,83692000,0.0,0.0,34.68397903442383,0
2017-07-20,35.14938813106929,35.2050716045532,34.845456694516386,34.88025665283203,68974800,0.0,0.0,34.80323104858398,0
2017-07-21,34.79904758976671,34.90345098095028,34.54151733675225,34.864009857177734,105010400,0.0,0.0,34.860303497314455,0
2017-07-24,34.93594138266693,35.36747858219408,34.77817330554504,35.28627395629883,85972800,0.0,0.0,34.97770004272461,0
2017-07-25,35.21898362396672,35.69228065092934,35.21898362396672,35.43707275390625,75415600,0.0,0.0,35.10112686157227,0
2017-07-26,35.578612452194825,35.713174673654315,35.51132780128562,35.60413360595703,63124000,0.0,0.0,35.214349365234376,0
2017-07-27,35.671407062358746,35.72709053321311,34.17494874241261,34.931297302246094,129905200,0.0,0.0,35.22455749511719,0
2017-07-28,34.775847185583764,34.85472943749042,34.61344150807646,34.68536376953125,68854800,0.0,0.0,35.18882827758789,0
2017-07-31,34.77816410050082,34.87792985848564,34.367510525584244,34.5067138671875,79383600,0.0,0.0,35.03291625976563,0
2017-08-01,34.59256504206811,34.85241415241093,34.43247816509669,34.81297302246094,141474400,0.0,0.0,34.90809631347656,0
2017-08-02,36.954419546336645,37.06346413718461,36.23055208383855,36.45792007446289,279747200,0.0,0.0,35.078853607177734,0
2017-08-03,36.43703093410931,36.47415324084323,35.96605273047904,36.093658447265625,108389200,0.0,0.0,35.31132583618164,0
2017-08-04,36.20966776094429,36.5182367982239,36.12150315590527,36.28390884399414,82239600,0.0,0.0,35.63103485107422,0
2017-08-07,36.439351475487854,36.87088857620592,36.348868061152366,36.845367431640625,87481200,0.0,0.0,36.09876556396485,0
2017-08-08,36.79665353312838,37.54604211525849,36.720090086877995,37.1400260925293,144823600,0.0,0.0,36.56417617797852,0
2017-08-09,36.949780083645464,37.41612079297304,36.914980123328064,37.36739730834961,104526000,0.0,0.0,36.74607162475586,0
2017-08-10,37.24394126576149,37.26723470908686,36.016454281468874,36.17716979980469,163217200,0.1575,0.004353574391572508,36.76277389526367,1
2017-08-11,36.47531517491972,36.9341683844951,36.351867717935605,36.68028259277344,105028400,0.0,0.0,36.84204864501953,0
2017-08-14,37.10884856633273,37.31614740550101,36.97608234424056,37.232295989990234,88490800,0.0,0.0,36.91943435668945,0
2017-08-15,37.42096606058106,37.77966166110587,37.299846542421186,37.63991165161133,117862000,0.0,0.0,37.01941146850586,0
2017-08-16,37.719094761600296,37.85185741693669,37.30216564642129,37.488502502441406,110686400,0.0,0.0,37.04363250732422,0
2017-08-17,37.38835604433153,37.43261145636436,36.76412798432432,36.7687873840332,111762400,0.0,0.0,37.161956024169925,0
2017-08-18,36.768780302249695,37.15076926095145,36.503251435275054,36.68492889404297,109712400,0.0,0.0,37.16288528442383,0
2017-08-21,36.684934979566464,36.77577372401931,36.12825579092864,36.61738967895508,105474000,0.0,0.0,37.039904022216795,0
2017-08-22,36.854964926847224,37.26723470592403,36.806053671580756,37.21599197387695,86418400,0.0,0.0,36.95512008666992,0
2017-08-23,37.050622350639216,37.37670924800208,37.00636693869412,37.262577056884766,77596400,0.0,0.0,36.909934997558594,0
2017-08-24,37.36739856702638,37.43960683877667,36.92951086030106,37.09721374511719,79275600,0.0,0.0,36.97562026977539,0
2017-08-25,37.18571195968431,37.39767021433604,37.097204692244226,37.23462677001953,101920400,0.0,0.0,37.0855598449707,0
2017-08-28,37.29985002932449,37.73308185201082,37.25093521127621,37.60963439941406,103864000,0.0,0.0,37.2840087890625,0
2017-08-29,37.29052877524253,37.99394528318715,37.26723533152812,37.94503402709961,118067600,0.0,0.0,37.42981719970703,0
2017-08-30,38.15234072332967,38.17330269453287,37.87516503492764,38.04752731323242,109078400,0.0,0.0,37.58680725097656,0
2017-08-31,38.115069771003085,38.320040729401555,38.077801677825,38.19892120361328,107140400,0.0,0.0,37.80714874267578,0
2017-09-01,38.385246164315454,38.41785484717344,38.112729981699495,38.21055603027344,66364400,0.0,0.0,38.00233459472656,0
2017-09-05,38.14069688008228,38.25715702322757,37.39768059816229,37.7517204284668,117874000,0.0,0.0,38.03075180053711,0
2017-09-06,37.89846464159858,37.9636820431044,37.38836860161374,37.712127685546875,86606800,0.0,0.0,37.984170532226564,0
2017-09-07,37.75404277191512,37.788982942143555,37.351091731330314,37.56071853637695,87714000,0.0,0.0,37.88680877685547,0
2017-09-08,37.46755420442734,37.53509951790412,36.92484955709291,36.948143005371094,114446000,0.0,0.0,37.636653137207034,0
2017-09-11,37.38370265901643,37.74472978180447,37.24162115472234,37.61662292480469,126323200,0.0,0.0,37.51786651611328,0
2017-09-12,37.875162629389486,38.189606393791436,36.980749707380006,37.467552185058594,286856000,0.0,0.0,37.46103286743164,0
2017-09-13,37.23694981866018,37.25791533696274,36.78042823433006,37.185707092285156,179629600,0.0,0.0,37.3557487487793,0
2017-09-14,37.03199022957224,37.127484826851486,36.822359881166186,36.866615295410156,95042800,0.0,0.0,37.21692810058594,0
2017-09-15,36.91086994556379,37.49317053339173,36.80139715072568,37.239288330078125,196458400,0.0,0.0,37.27515716552735,0
2017-09-18,37.292856552023125,37.383695295624975,36.80139474584889,36.95745086669922,113077600,0.0,0.0,37.14332275390625,0
2017-09-19,37.153113083393784,37.21367463162102,36.9038902285617,36.971435546875,83242400,0.0,0.0,37.04409942626953,0
2017-09-20,36.77810477619086,36.861956205442226,35.83012123973316,36.351863861083984,211805600,0.0,0.0,36.8773307800293,0
2017-09-21,36.28898466884421,36.28898466884421,35.578577019183264,35.72764587402344,150046800,0.0,0.0,36.64953689575195,0
2017-09-22,35.296730433842086,35.4667647623346,35.068469601363695,35.37825393676758,186581600,0.0,0.0,36.277330017089845,0
2017-09-25,34.93569686789998,35.364269119012555,34.74237270423862,35.066131591796875,177549200,0.0,0.0,35.89906616210938,0
2017-09-26,35.35263520916742,35.85108440127797,35.331673239677386,35.66940689086914,146640000,0.0,0.0,35.6386604309082,0
2017-09-27,35.82312863998077,36.03741480448484,35.76256711139289,35.923282623291016,102016800,0.0,0.0,35.55294418334961,0
2017-09-28,35.84409641492313,35.93493516844684,35.56692075430234,35.7020149230957,88022000,0.0,0.0,35.54781799316406,0
2017-09-29,35.68571600201449,35.90000222315323,35.40388091253344,35.89767074584961,105199200,0.0,0.0,35.65170135498047,0
2017-10-02,35.93027574081998,35.97453115605567,35.571580127050126,35.825462341308594,74795200,0.0,0.0,35.803567504882814,0
2017-10-03,35.872037388099464,36.12359162123133,35.84874750141396,35.981510162353516,64921200,0.0,0.0,35.865988159179686,0
2017-10-04,35.78354017706002,35.837110840962715,35.51102390318841,35.748600006103516,80655200,0.0,0.0,35.831051635742185,0
2017-10-05,35.91164256334408,36.20512435397174,35.88136534751433,36.193477630615234,85135200,0.0,0.0,35.929344177246094,0
2017-10-06,36.09564795285132,36.21676746633701,36.00014980656297,36.17251205444336,69630400,0.0,0.0,35.98431243896484,0
2017-10-09,36.29130674360093,36.505592965768344,36.21677410523374,36.29829406738281,65051600,0.0,0.0,36.078878784179686,0
2017-10-10,36.34952776101765,36.80139354150929,36.12592634750615,36.312259674072266,62468000,0.0,0.0,36.14502868652344,0
2017-10-11,36.328563239038075,36.563811357429444,36.2773205116134,36.46365737915039,67622400,0.0,0.0,36.28804016113281,0
2017-10-12,36.41707953274286,36.65465560938733,36.27266657277076,36.33555603027344,64500400,0.0,0.0,36.31645584106445,0
2017-10-13,36.50558531838799,36.6336921510215,36.431052695634285,36.56614685058594,65576800,0.0,0.0,36.39518280029297,0
2017-10-16,36.778103705580264,37.26723762098803,36.719873646797474,37.239288330078125,96486000,0.0,0.0,36.58338165283203,0
2017-10-17,37.216001056225664,37.469883301638944,37.087894194844225,37.37671661376953,75989200,0.0,0.0,36.79627304077148,0
2017-10-18,37.36505477057717,37.432603612919934,37.17406207150014,37.211326599121094,65496800,0.0,0.0,36.945806884765624,0
2017-10-19,36.51025169959222,36.587115813870575,36.10730063450979,36.330902099609375,170336800,0.0,0.0,36.94487609863281,0
2017-10-20,36.477650282788275,36.743179296875,36.326253501296044,36.393798828125,95896400,0.0,0.0,36.910406494140624,0
2017-10-23,36.54286693787585,36.72920389487764,36.21910785229195,36.37516403198242,87937200,0.0,0.0,36.73758163452148,0
2017-10-24,36.403105592236166,36.66630662132224,36.3821436219765,36.591773986816406,71028800,0.0,0.0,36.58059310913086,0
2017-10-25,36.54751710074563,36.696585917849305,36.16552803478742,36.43105697631836,84828400,0.0,0.0,36.424539184570314,0
2017-10-26,36.62205489253367,36.761808483170924,36.517241476596446,36.66398239135742,68002000,0.0,0.0,36.49115524291992,0
2017-10-27,37.10185976956351,38.1057488893798,36.96443769463346,37.97764205932617,177816800,0.0,0.0,36.80792388916016,0
2017-10-30,38.17330886149236,39.14691759005471,38.13371283590687,38.83247375488281,178803200,0.0,0.0,37.29938583374023,0
2017-10-31,39.10731191568161,39.51492238822658,38.88371044674246,39.372840881347656,144187200,0.0,0.0,37.85559921264648,0
2017-11-01,39.566164074081144,39.58247019850598,38.573925029770365,38.87206268310547,134551200,0.0,0.0,38.3438003540039,0
2017-11-02,38.80451121930693,39.247058228740606,38.49705481387086,39.156219482421875,165573600,0.0,0.0,38.842247772216794,0
2017-11-03,40.528114119819975,40.58867209133476,39.85730281777248,40.178733825683594,237594400,0.0,0.0,39.282466125488284,0
2017-11-06,40.14846209750659,40.75871556536482,39.997065357610694,40.58635330200195,140105200,0.0,0.0,39.63324203491211,0
2017-11-07,40.50715864248612,40.81927090225437,40.43495393878697,40.7167854309082,97446000,0.0,0.0,39.90203094482422,0
2017-11-08,40.681847524405,41.049861907958984,40.6049834233386,41.049861907958984,97638000,0.0,0.0,40.33759078979492,0
2017-11-09,40.78666147574387,41.01725378211168,40.327808339911776,40.96601104736328,117930400,0.0,0.0,40.6995491027832,0
2017-11-10,40.93327914112218,40.996394669735146,40.736923681944795,40.83042526245117,100582000,0.1575,0.003857417574948491,40.82988739013672,1
2017-11-13,40.556938922656,40.79069649569724,40.533561738608874,40.666805267333984,67928400,0.0,0.0,40.845977783203125,0
2017-11-14,40.44940432809518,40.55225821938238,40.01461514838106,40.05201721191406,99130000,0.0,0.0,40.7130241394043,0
2017-11-15,39.731771496107484,39.81358806625075,39.360097843562826,39.52372741699219,116632400,0.0,0.0,40.407797241210936,0
2017-11-16,40.014623372072364,40.175916683207014,39.8089191140793,39.99592590332031,94550000,0.0,0.0,40.21378021240234,0
2017-11-17,39.981897418561154,40.06371400342983,39.654638212802126,39.77385330200195,87598000,0.0,0.0,40.0024658203125,0
2017-11-20,39.806568420472395,39.86968395261924,39.63592642140843,39.73410415649414,65049600,0.0,0.0,39.81592559814453,0
2017-11-21,39.92112546147407,40.603697273647384,39.92112546147407,40.47279357910156,100525200,0.0,0.0,39.900080871582034,0
2017-11-22,40.524210357777335,40.907572609846746,40.451746085565624,40.898223876953125,102355600,0.0,0.0,40.17498016357422,0
2017-11-24,40.930948094323455,41.0244496868098,40.82575434420491,40.90055847167969,56106800,0.0,0.0,40.3559066772461,0
2017-11-27,40.91926357421964,40.92627601601087,40.51953655783263,40.694854736328125,82867200,0.0,0.0,40.54010696411133,0
2017-11-28,40.74395321169737,40.87719319814768,40.173584057546734,40.4564323425293,105715200,0.0,0.0,40.68457260131836,0
2017-11-29,40.35355624396361,40.421344345981424,39.074902500867005,39.617218017578125,166665600,0.0,0.0,40.513457489013675,0
2017-11-30,39.83928772337555,40.23901460485384,39.3741125962206,40.171226501464844,166108800,0.0,0.0,40.36805801391601,0
2017-12-01,39.727099097349935,40.12916241108595,39.38815132748786,39.98423385620117,159037200,0.0,0.0,40.184793090820314,0
2017-12-04,40.31850036895455,40.3512262825852,39.652293505718426,39.69203186035156,130169600,0.0,0.0,39.984228515625,0
2017-12-05,39.51906035805063,40.09410563907776,39.36477948181677,39.654640197753906,109400800,0.0,0.0,39.82387008666992,0
2017-12-06,39.154382186949924,39.7855267386817,38.91127595054929,39.507354736328125,114240000,0.0,0.0,39.80189743041992,0
2017-12-07,39.51204229074438,39.84164132481947,39.48399252337033,39.579833984375,102693200,0.0,0.0,39.68361892700195,0
2017-12-08,39.85332162553846,39.97253667893352,39.46294698774947,39.59151077270508,93420800,0.0,0.0,39.60507431030273,0
2017-12-11,39.55177233107214,40.414338164972506,39.45593089022615,40.362911224365234,141095200,0.0,0.0,39.73925018310547,0
2017-12-12,40.241371088693526,40.29747419909821,40.080081334138924,40.13618087768555,77636800,0.0,0.0,39.835558319091795,0
2017-12-13,40.32317623063898,40.566282506322544,40.206297458955966,40.269412994384766,95273600,0.0,0.0,39.987969970703126,0
2017-12-14,40.29981468278819,40.47046032377984,40.124496457253684,40.25774002075195,81906000,0.0,0.0,40.12355117797851,0
2017-12-15,40.58732854854576,40.71355606857073,40.3138326161104,40.666805267333984,160677200,0.0,0.0,40.338610076904295,0
2017-12-18,40.87952449840411,41.42184019960957,40.874848348339455,41.23950958251953,117684400,0.0,0.0,40.513929748535155,0
2017-12-19,40.91458750768088,40.99874037620498,40.69485481948698,40.800045013427734,109745600,0.0,0.0,40.64670257568359,0
2017-12-20,40.87717802562036,41.00574538016436,40.4984919693788,40.7556266784668,93902400,0.0,0.0,40.7439453125,0
2017-12-21,40.71354900872024,41.146001870600934,40.69718783621033,40.90990447998047,83799600,0.0,0.0,40.8743782043457,0
2017-12-22,40.83276406623033,41.00574592435399,40.79068942247038,40.90990447998047,65397600,0.0,0.0,40.922998046875,0
2017-12-26,39.92578395072854,40.08240105648227,39.66397311059487,39.87202072143555,132742000,0.0,0.0,40.6495002746582,0
2017-12-27,39.76216098850259,39.92111441163747,39.67099568597355,39.8790397644043,85992800,0.0,0.0,40.46529922485352,0
2017-12-28,39.97254423626185,40.171239596342964,39.85098930185255,39.99124526977539,65920800,0.0,0.0,40.31242294311524,0
2017-12-29,39.86033752972982,39.87669870309674,39.55645200818158,39.55878829956055,103999600,0.0,0.0,40.04219970703125,0
2018-01-02,39.776189634537445,40.27643070005527,39.565805677893536,40.2670783996582,102223600,0.0,0.0,39.9136344909668,0
2018-01-03,40.33019497342311,40.80238628352514,40.19695500765061,40.260066986083984,118071600,0.0,0.0,39.99124374389648,0
2018-01-04,40.33252097704683,40.54991732565844,40.22499451516484,40.44706344604492,89738400,0.0,0.0,40.10484848022461,0
2018-01-05,40.54290490942475,40.994055211711675,40.451739619141776,40.90756607055664,94640000,0.0,0.0,40.28811264038086,0
2018-01-08,40.7556266784668,41.050159881448366,40.65744537728277,40.7556266784668,82271200,0.0,0.0,40.52748031616211,0
2018-01-09,40.802395898148504,40.9216110079164,40.53591233695206,40.75096893310547,86336000,0.0,0.0,40.62425842285156,0
2018-01-10,40.47746402207704,40.74394752463994,40.44006195266457,40.741607666015625,95839600,0.0,0.0,40.72056655883789,0
2018-01-11,40.8117367825329,41.02212075365002,40.788363163647276,40.97303009033203,74670800,0.0,0.0,40.82575988769531,0
2018-01-12,41.18340176092249,41.45923751339591,41.05951054984298,41.396121978759766,101672400,0.0,0.0,40.92347106933594,0
2018-01-16,41.58546096764788,41.933760953052094,41.174049020608194,41.18573760986328,118263600,0.0,0.0,41.00949325561523,0
2018-01-17,41.176398125146065,41.901048082180715,40.923943066330935,41.86598587036133,137547200,0.0,0.0,41.232496643066405,0
2018-01-18,41.92909864045741,42.09974425280953,41.66729127565983,41.903385162353516,124773600,0.0,0.0,41.46485214233398,0
2018-01-19,41.75143564894141,41.97818075507873,41.47092730566695,41.716373443603516,129700400,0.0,0.0,41.613520812988284,0
2018-01-22,41.44521189759825,41.557414516297534,41.2815823355666,41.375083923339844,108434400,0.0,0.0,41.6093132019043,0
2018-01-23,41.44521681046371,41.94545785474811,41.33301417846406,41.384437561035156,130756400,0.0,0.0,41.64905319213867,0
2018-01-24,41.43351997804808,41.44520856729474,40.48680131877495,40.72523498535156,204420400,0.0,0.0,41.420903015136716,0
2018-01-25,40.79303486002607,40.89588876808735,39.86268067077133,39.998260498046875,166116000,0.0,0.0,41.03987808227539,0
2018-01-26,40.206293567865494,40.206293567865494,39.75280340692622,40.09175109863281,156572000,0.0,0.0,40.71495361328125,0
2018-01-29,39.77619070677116,39.77619070677116,39.05388063992829,39.261924743652344,202561600,0.0,0.0,40.29232177734375,0
2018-01-30,38.6938832793173,39.12399627428952,38.499864103281,39.030494689941406,184192800,0.0,0.0,39.821533203125,0
2018-01-31,39.00711972420556,39.37412077565685,38.92063057543217,39.138023376464844,129915600,0.0,0.0,39.50409088134766,0
2018-02-01,39.07724115522439,39.41618881952679,38.981399723422854,39.21983337402344,188923200,0.0,0.0,39.34840545654297,0
2018-02-02,38.803748014931365,38.990754742832486,37.42458008451683,37.51808166503906,346375200,0.0,0.0,38.83367156982422,0
2018-02-05,37.19082244248908,38.30818309023463,36.466172711856956,36.58071517944336,290954000,0.0,0.0,38.29742965698242,0
2018-02-06,36.19268205071455,38.27078653650845,35.99866285535439,38.109493255615234,272975200,0.0,0.0,38.11322937011719,0
2018-02-07,38.12352220639921,38.195986484247946,37.18381931919892,37.29368209838867,206434400,0.0,0.0,37.744361114501956,0
2018-02-08,37.469012196193795,37.63498169732029,36.23944823971693,36.26749801635742,217562000,0.0,0.0,37.15389404296875,0
2018-02-09,36.865999961496776,37.058460813619604,35.26292594672998,36.711090087890625,282690400,0.1575,0.004290256694174067,36.992495727539065,1
2018-02-12,37.20162151236903,38.46671121107945,36.96925678270433,38.189754486083984,243278000,0.0,0.0,37.31430358886719,0
2018-02-13,38.011387447072025,38.66857795561748,37.94097353876356,38.57234573364258,130196800,0.0,0.0,37.406874084472655,0
2018-02-14,38.26721478410091,39.32341248785229,38.22966380983118,39.283512115478516,162579600,0.0,0.0,37.804840087890625,0
2018-02-15,39.85151934431027,40.62606519891659,39.666099508224036,40.602596282958984,204588800,0.0,0.0,38.67185974121094,0
2018-02-16,40.454713937633706,41.03210351492394,40.31623556104345,40.47114181518555,160704400,0.0,0.0,39.42387008666992,0
2018-02-20,40.38195192353985,40.900660247326115,40.234083127038424,40.33501052856445,135722000,0.0,0.0,39.85292129516601,0
2018-02-21,40.56503256469426,40.86780765643654,40.13785756271119,40.15194320678711,149886400,0.0,0.0,40.16884078979492,0
2018-02-22,40.3232788393338,40.827905159769244,40.30215574641867,40.48757553100586,123967600,0.0,0.0,40.40965347290039,0
2018-02-23,40.76218681135434,41.22691276622604,40.73167328929835,41.191707611083984,135249600,0.0,0.0,40.52747573852539,0
2018-02-26,41.3912125284881,42.10473112126682,41.358353190295645,42.00615310668945,152648800,0.0,0.0,40.83447799682617,0
2018-02-27,42.03667940368092,42.360577669613704,41.816050816738084,41.870033264160156,155712400,0.0,0.0,41.141482543945315,0
2018-02-28,42.07421817804011,42.39342471689793,41.79022037577208,41.80664825439453,151128400,0.0,0.0,41.4724235534668,0
2018-03-01,41.90522615725141,42.19626857117151,40.52513035651895,41.0743522644043,195208000,0.0,0.0,41.589778900146484,0
2018-03-02,40.55799620973738,41.37948338697755,40.47584605945342,41.358360290527344,153816000,0.0,0.0,41.62310943603516,0
2018-03-05,41.12365304716473,41.71747068327421,40.96170213160757,41.50153732299805,113605600,0.0,0.0,41.522186279296875,0
2018-03-06,41.75735862101,41.83715935575729,41.33957409039291,41.46631622314453,95154000,0.0,0.0,41.44144287109375,0
2018-03-07,41.06027491477236,41.273862430596104,40.903019234965775,41.081398010253906,126814000,0.0,0.0,41.296392822265624,0
2018-03-08,41.187033472204966,41.571958884790014,41.090804805109556,41.52971267700195,95096400,0.0,0.0,41.387464904785155,0
2018-03-09,41.76911212607628,42.247920313816614,41.63532532601025,42.24322509765625,128740800,0.0,0.0,41.56443786621094,0
2018-03-12,42.31597330142616,42.80886700334209,42.29719960470139,42.651611328125,128828400,0.0,0.0,41.79445266723633,0
2018-03-13,42.85581986080046,43.0694074274701,42.069541274588886,42.24087905883789,126774000,0.0,0.0,41.949365234375,0
2018-03-14,42.3230244232332,42.369965835063375,41.73389842335402,41.88176727294922,117473600,0.0,0.0,42.109439086914065,0
2018-03-15,41.89584799922378,42.30424579003283,41.79492414608478,41.931053161621094,90975200,0.0,0.0,42.18970718383789,0
2018-03-16,41.931056957763644,42.0413712517957,41.68930527034882,41.7831916809082,157618800,0.0,0.0,42.09770050048828,0
2018-03-19,41.61888416294302,41.65408931941201,40.75984253110528,41.14476776123047,133787200,0.0,0.0,41.796331787109374,0
2018-03-20,41.13068389892578,41.49683183577984,41.060270007669395,41.13068389892578,78597600,0.0,0.0,41.574292755126955,0
2018-03-21,41.08373938702482,41.09547563260166,40.19653365868567,40.198883056640625,148219600,0.0,0.0,41.23771591186524,0
2018-03-22,39.90080183419946,40.52982452051389,39.57220842812468,39.63088607788086,165963200,0.0,0.0,40.77768249511719,0
2018-03-23,39.522916102330775,39.88202301847782,38.713165283203125,38.713165283203125,164115200,0.0,0.0,40.16367721557617,0
2018-03-26,39.44781747650699,40.628411664082556,39.06523800187792,40.55095672607422,150164800,0.0,0.0,40.04491500854492,0
2018-03-27,40.76454247240878,41.10956740172063,39.177899826116274,39.51118850708008,163690400,0.0,0.0,39.72101593017578,0
2018-03-28,39.2553627855558,39.90551239771122,38.77185933862034,39.07463455200195,166674000,0.0,0.0,39.49616622924805,0
2018-03-29,39.38677506898127,40.311535167834855,39.173187618454456,39.37973403930664,153594000,0.0,0.0,39.445935821533205,0
2018-04-02,39.112168481567124,39.652003498357566,38.60284698433149,39.12155532836914,150347200,0.0,0.0,39.52761383056641,0
2018-04-03,39.34688194941007,39.60741083952156,38.6990820303163,39.52291488647461,121112000,0.0,0.0,39.32200546264649,0
2018-04-04,38.69909250610223,40.37257697878735,38.67327419175449,40.27869415283203,138422000,0.0,0.0,39.47550659179687,0
2018-04-05,40.50635441106232,40.893625455435775,40.388999115021946,40.55799102783203,107732800,0.0,0.0,39.77217788696289,0
2018-04-06,40.128472267405044,40.482883990273784,39.47832289128992,39.520572662353516,140021200,0.0,0.0,39.80034561157227,0
2018-04-09,39.872643872253846,40.62606300601005,39.8656028397066,39.91254425048828,116070800,0.0,0.0,39.958543395996095,0
2018-04-10,40.60493471440127,40.839645319686824,40.259909838119526,40.663612365722656,113634400,0.0,0.0,40.186682891845706,0
2018-04-11,40.42421230284707,40.82087385529702,40.29981595084088,40.47350311279297,89726400,0.0,0.0,40.22564468383789,0
2018-04-12,40.70117504412537,41.074364121464306,40.61432966748776,40.87251281738281,91557200,0.0,0.0,40.28854904174805,0
2018-04-13,41.02273020718267,41.271522941878665,40.80445100533072,41.01099395751953,100497200,0.0,0.0,40.58663330078125,0
2018-04-16,41.08138802739284,41.35365312988194,41.03444663281858,41.26681137084961,86313600,0.0,0.0,40.857486724853516,0
2018-04-17,41.42408000955185,41.999120331657075,41.40530272955087,41.83482360839844,106421600,0.0,0.0,41.09172897338867,0
2018-04-18,41.733883804966865,41.97094376098303,41.515604704784465,41.74092483520508,83018000,0.0,0.0,41.34521331787109,0
2018-04-19,40.78331119064587,41.16589060178529,40.5251316881967,40.55799102783203,139235200,0.0,0.0,41.282308959960936,0
2018-04-20,40.041644796395914,40.18716427687505,38.82818738807481,38.89625549316406,261964400,0.0,0.0,40.859361267089845,0
2018-04-23,39.156785179595175,39.17790828234082,38.51367659415389,38.78359603881836,146062000,0.0,0.0,40.362718200683595,0
2018-04-24,38.88450280085499,39.039412648935595,37.84004139740122,38.243743896484375,134768000,0.0,0.0,39.64450225830078,0
2018-04-25,38.16863352002018,38.82582386282192,38.11934630361461,38.41038513183594,113528400,0.0,0.0,38.97839431762695,0
2018-04-26,38.52070932702644,38.89859360300027,38.3446763459467,38.54418182373047,111852000,0.0,0.0,38.57563247680664,0
2018-04-27,38.49254827406108,38.57000322169767,37.70157449520931,38.098236083984375,142623200,0.0,0.0,38.416028594970705,0
2018-04-30,38.053631107612816,39.25769406239759,37.98556302734298,38.788272857666016,169709600,0.0,0.0,38.41696395874023,0
2018-05-01,39.05819917447311,39.71304029620329,38.79062918324785,39.689571380615234,214277600,0.0,0.0,38.706129455566405,0
2018-05-02,41.128337096986456,41.71980880691432,40.79270266081835,41.44285202026367,266157600,0.0,0.0,39.31262283325195,0
2018-05-03,41.28090316830111,41.66113320985868,40.94291931740563,41.51795959472656,136272800,0.0,0.0,39.907378387451175,0
2018-05-04,41.83716129232139,43.24542478603207,41.81838401597067,43.146846771240234,224805200,0.0,0.0,40.917100524902345,0
2018-05-07,43.46371415611706,44.04814493310454,43.36279030101084,43.459022521972656,169805600,0.0,0.0,41.85125045776367,0
2018-05-08,43.41911505261652,43.70780808695571,43.10929534247727,43.66790771484375,113611200,0.0,0.0,42.646917724609374,0
2018-05-09,43.7852611249509,43.98476297690126,43.473095611593955,43.97537612915039,92844800,0.0,0.0,43.15342254638672,0
2018-05-10,44.064576659526814,44.681863204805836,44.04344998015062,44.604408264160156,111957200,0.0,0.0,43.770712280273436,0
2018-05-11,44.646809654593504,44.78110870210072,44.16615172774492,44.43475341796875,104848800,0.1825,0.004107145555267102,44.02829360961914,1
2018-05-14,44.53371098533184,44.65623212523947,44.26275443642257,44.33108139038086,83115200,0.0,0.0,44.20270538330078,0
2018-05-15,44.00830061465196,44.076631181678145,43.61246796024898,43.928192138671875,94780800,0.0,0.0,44.25476226806641,0
2018-05-16,43.84101955621875,44.40414099361598,43.82452472981287,44.338165283203125,76732400,0.0,0.0,44.32732009887695,0
2018-05-17,44.29573644198409,44.51014751846301,43.90932697002195,44.05776596069336,69176000,0.0,0.0,44.21799163818359,0
2018-05-18,44.104906917053825,44.250987512042556,43.85515483070127,43.89756393432617,73190800,0.0,0.0,44.11055374145508,0
2018-05-21,44.295752863411764,44.59498581760541,44.03893260593715,44.20857620239258,73603200,0.0,0.0,44.08605270385742,0
2018-05-22,44.385283144558365,44.503090985077776,44.00829661681228,44.09783172607422,60962800,0.0,0.0,44.11998062133789,0
2018-05-23,43.90698701129441,44.41355932680517,43.76797101632021,44.38057327270508,80233600,0.0,0.0,44.12846221923828,0
2018-05-24,44.47716553245859,44.493656757810164,43.873990067081564,44.33108139038086,92936000,0.0,0.0,44.18312530517578,0
2018-05-25,44.34992902647819,44.68450278963979,44.21327152965852,44.432395935058594,69844000,0.0,0.0,44.29009170532227,0
2018-05-29,44.20150444915725,44.472461051919346,44.02950240859062,44.272186279296875,90056400,0.0,0.0,44.30281372070313,0
2018-05-30,44.2297722871285,44.29574438476563,44.00829298997112,44.17793655395508,74762000,0.0,0.0,44.318834686279295,0
2018-05-31,44.111965976448204,44.349936508610654,43.857500621703196,44.02949905395508,109931200,0.0,0.0,44.248619842529294,0
2018-06-01,44.293396778992886,44.828241829945235,44.23684771666393,44.82353210449219,93770000,0.0,0.0,44.347109985351565,0
2018-06-04,45.153394518725605,45.57279019489144,45.085067544721014,45.19816207885742,105064800,0.0,0.0,44.50026321411133,0
2018-06-05,45.490310477406545,45.69529492083813,45.323021801643335,45.54685592651367,86264000,0.0,0.0,44.75519714355469,0
2018-06-06,45.622267652366574,45.72829399486384,45.219363236624766,45.70473098754883,83734400,0.0,0.0,45.06055603027344,0
2018-06-07,45.74242747573462,45.756563841147845,45.3183185372882,45.582210540771484,85388800,0.0,0.0,45.371098327636716,0
2018-06-08,45.04264641511956,45.238207849226285,44.71278592096952,45.16752243041992,106627200,0.0,0.0,45.43989639282226,0
2018-06-11,45.085073361177756,45.231153969750345,44.81647156094477,45.05679702758789,73234000,0.0,0.0,45.41162338256836,0
2018-06-12,45.09448614256514,45.381937568012425,45.0379370834704,45.30418395996094,67644400,0.0,0.0,45.36308898925781,0
2018-06-13,45.33716689476205,45.445551685104874,44.87064887374254,44.931907653808594,86553600,0.0,0.0,45.20852432250977,0
2018-06-14,45.13217896352785,45.13689228323737,44.81880971422139,44.955467224121094,86440400,0.0,0.0,45.08317565917969,0
2018-06-15,44.774043181267466,44.80467436726028,44.35700246014303,44.49365997314453,246876800,0.0,0.0,44.94840316772461,0
2018-06-18,44.267482185920976,44.583206384745495,44.10726162839729,44.47011184692383,73939600,0.0,0.0,44.8310661315918,0
2018-06-19,43.62188694452313,43.90227017955534,43.223695869239414,43.7514762878418,134314000,0.0,0.0,44.52052459716797,0
2018-06-20,43.90698086547268,44.10725202475832,43.76089670758285,43.94232177734375,82514800,0.0,0.0,44.322607421875,0
2018-06-21,44.11903902665944,44.37821773005367,43.57476734474176,43.697288513183594,102847600,0.0,0.0,44.0709716796875,0
2018-06-22,43.852795049886204,43.8598632336105,43.51822117116477,43.5700569152832,108801600,0.0,0.0,43.886251068115236,0
2018-06-25,43.21190629335723,43.5700430674738,42.58281297536606,42.92210006713867,126652400,0.0,0.0,43.5766487121582,0
2018-06-26,43.115310134188796,43.94938797353978,43.009280212947836,43.454593658447266,98276800,0.0,0.0,43.5172721862793,0
2018-06-27,43.64309432120707,44.126107216581914,43.360356205322596,43.390987396240234,101141200,0.0,0.0,43.407005310058594,0
2018-06-28,43.37684649918818,43.87399570915046,43.306161078797324,43.70670700073242,69460800,0.0,0.0,43.40888900756836,0
2018-06-29,43.89284718810203,44.104903475310294,43.09646856653667,43.61482238769531,90950800,0.0,0.0,43.417842102050784,0
2018-07-02,43.310881360931305,44.13082302172207,43.21663292019015,44.10254669189453,70925200,0.0,0.0,43.65393142700195,0
2018-07-03,44.24626602094871,44.283965391794474,43.244899402321124,43.334434509277344,55819200,0.0,0.0,43.62989959716797,0
2018-07-05,43.65016900130516,43.92112924889861,43.419266591740104,43.68315505981445,66416800,0.0,0.0,43.688333129882814,0
2018-07-06,43.6878565456575,44.39705840908352,43.636020811298415,44.28867721557617,69940800,0.0,0.0,43.804727172851564,0
2018-07-09,44.649171565377365,44.92719634335544,44.6020491482026,44.90363693237305,79026400,0.0,0.0,44.06249008178711,0
2018-07-10,44.93425948632133,45.06855852922152,44.80937989175197,44.84943771362305,63756400,0.0,0.0,44.21186828613281,0
2018-07-11,44.41355569937035,44.715143482285086,44.203857887887295,44.26747512817383,75326000,0.0,0.0,44.39847640991211,0
2018-07-12,44.65623911158645,45.09919773617647,44.60440337487018,45.00966262817383,72164400,0.0,0.0,44.663777923583986,0
2018-07-13,45.021441238162346,45.20050784745144,44.97902854938801,45.080345153808594,50055600,0.0,0.0,44.82211151123047,0
2018-07-16,45.12512144726553,45.3913647528247,44.865942730126086,44.98139572143555,60172400,0.0,0.0,44.83766326904297,0
2018-07-17,44.708081328191334,45.20758548689798,44.578491967618255,45.10862731933594,62138000,0.0,0.0,44.88950119018555,0
2018-07-18,45.18638360966393,45.191096930839265,44.750493078817286,44.86123275756836,65573600,0.0,0.0,45.008252716064455,0
2018-07-19,44.693942903525354,45.36780395227822,44.693942903525354,45.20994186401367,81147200,0.0,0.0,45.048308563232425,0
2018-07-20,45.1863706680151,45.33951940784949,44.80702931428614,45.10626220703125,82704800,0.0,0.0,45.05349197387695,0
2018-07-23,44.927192096118354,45.228783446987535,44.66330370871866,45.14631652832031,63957600,0.0,0.0,45.0864761352539,0
2018-07-24,45.34423421199465,45.62933074980564,45.24998938365914,45.47382354736328,74791600,0.0,0.0,45.159515380859375,0
2018-07-25,45.487955463759825,45.909709478060186,45.339516458198204,45.90264129638672,66839600,0.0,0.0,45.36779708862305,0
2018-07-26,45.85315976526376,46.17124231679987,45.61754412566942,45.758914947509766,76304000,0.0,0.0,45.47759170532227,0
2018-07-27,45.942707942491445,45.98983036478812,44.79054728056739,44.997886657714844,96096000,0.0,0.0,45.45591659545899,0
2018-07-30,45.21465391303347,45.28533934601686,44.547864608639095,44.74578094482422,84118000,0.0,0.0,45.37580947875976,0
2018-07-31,44.837666532786,45.27119853960078,44.61147388845953,44.83530807495117,157492000,0.0,0.0,45.24810638427734,0
2018-08-01,46.918150683987434,47.53781746675014,46.48932842822588,47.476558685302734,271742800,0.0,0.0,45.562889862060544,0
2018-08-02,47.259788264801436,49.097591083256724,47.2055976710928,48.86433029174805,249616000,0.0,0.0,46.183972930908205,0
2018-08-03,48.7795255427194,49.18243003322383,48.4143204328304,49.00571823120117,133789600,0.0,0.0,46.985539245605466,0
2018-08-06,49.008063284816416,49.30258289590306,48.7889424198688,49.26017379760742,101701600,0.0,0.0,47.88841781616211,0
2018-08-07,49.319074957057836,49.36148405297779,48.715895807364944,48.798362731933594,102349600,0.0,0.0,48.68102874755859,0
2018-08-08,48.548614122141466,48.96329644635382,48.1881224005045,48.83135223388672,90102000,0.0,0.0,48.95198745727539,0
2018-08-09,49.3685494382247,49.427453353804616,48.81956451359469,49.21540069580078,93970400,0.0,0.0,49.02220153808594,0
2018-08-10,49.02861861252826,49.44002903622106,48.86547303748079,49.06881332397461,98444800,0.1825,0.003719266630620391,49.034820556640625,1
2018-08-13,49.48967807024764,49.87744283435731,49.10900627803238,49.385643005371094,103563600,0.0,0.0,49.05991439819336,0
2018-08-14,49.69065012134938,49.78522547543453,49.241408169898676,49.59370803833008,82992000,0.0,0.0,49.21898345947265,0
2018-08-15,49.46840376274341,49.82779667275431,49.257970492029095,49.70957565307617,115230400,0.0,0.0,49.39462814331055,0
2018-08-16,50.06659332005974,50.553663261058226,50.00038984892316,50.437808990478516,114001600,0.0,0.0,49.6391098022461,0
2018-08-17,50.466183320989956,51.532535490008144,50.399979846645785,51.44505310058594,141708000,0.0,0.0,50.11435775756836,0
2018-08-20,51.568000978126,51.82335515995268,50.86103810842803,50.94379425048828,121150800,0.0,0.0,50.425988006591794,0
2018-08-21,51.26062646675485,51.35283870270329,50.60568111471057,50.844486236572266,104639200,0.0,0.0,50.676143646240234,0
2018-08-22,50.622235974791955,51.15659362058982,50.5607587429564,50.84685516357422,76072400,0.0,0.0,50.90359954833984,0
2018-08-23,50.75228695828093,51.3197500694594,50.74046774148476,50.95090103149414,75532800,0.0,0.0,51.00621795654297,0
2018-08-24,51.21334139829706,51.28427111585805,50.861041500529375,51.10930633544922,73905600,0.0,0.0,50.93906860351562,0
2018-08-27,51.34338303977495,51.71932859234506,51.14950246004533,51.530174255371094,82100400,0.0,0.0,51.05634460449219,0
2018-08-28,51.7831663768743,52.14492238496493,51.761887460591076,51.946311950683594,91107200,0.0,0.0,51.276709747314456,0
2018-08-29,52.05271233047196,52.84243146580002,51.87774753435485,52.72184371948242,109019200,0.0,0.0,51.65170745849609,0
2018-08-30,52.78568406644188,53.9702573574271,52.58470689450583,53.20655059814453,195175200,0.0,0.0,52.10283737182617,0
2018-08-31,53.55647918343615,54.11448247965439,53.43589505535609,53.82129669189453,173360400,0.0,0.0,52.64523544311523,0
2018-09-04,54.00573075280354,54.1877885378754,53.584864182715684,53.9939079284668,109560400,0.0,0.0,53.13798217773437,0
2018-09-05,54.14284956250599,54.30362837496612,53.22309041713026,53.6415901184082,133332000,0.0,0.0,53.477037811279295,0
2018-09-06,53.49027078929188,53.75508827339755,52.32461350158914,52.75020980834961,137160000,0.0,0.0,53.48271102905274,0
2018-09-07,52.4546669488255,53.28694031504542,52.185123173027854,52.324623107910156,150479200,0.0,0.0,53.30632553100586,0
2018-09-10,52.24186001307081,52.45465998116174,51.18260084633692,51.62238311767578,158066000,0.0,0.0,52.86654281616211,0
2018-09-11,51.54672703557977,53.033949464303724,51.2038868045044,52.92755126953125,142996000,0.0,0.0,52.653271484375,0
2018-09-12,53.18527027618349,53.19945622059127,51.97941449205581,52.270240783691406,197114800,0.0,0.0,52.37900161743164,0
2018-09-13,52.8495271742845,53.99154269031417,52.624907951969114,53.53284454345703,166825600,0.0,0.0,52.535528564453124,0
2018-09-14,53.37678363174455,53.63450455616086,52.613076951433094,52.92517852783203,127997200,0.0,0.0,52.6556396484375,0
2018-09-17,52.52559609238329,52.71475044000342,51.371761426756805,51.5159912109375,148780400,0.0,0.0,52.634361267089844,0
2018-09-18,51.49470294727404,52.454660523096074,51.3362872360447,51.601104736328125,126286800,0.0,0.0,52.36907196044922,0
2018-09-19,51.662574550544555,51.927388423487095,50.905960907981274,51.6318359375,108495200,0.0,0.0,52.241390991210935,0
2018-09-20,52.07398836223533,52.55632846390417,51.81626383542605,52.02433395385742,106435200,0.0,0.0,51.93968887329102,0
2018-09-21,52.20166425202721,52.3388010443892,51.376480376679865,51.463966369628906,384986800,0.0,0.0,51.64744644165039,0
2018-09-24,51.26535388953533,52.315153292233006,51.22042933428429,52.20402526855469,110773600,0.0,0.0,51.78505325317383,0
2018-09-25,51.95814923557718,52.68402818304509,51.946326409522726,52.53506851196289,98217600,0.0,0.0,51.97184600830078,0
2018-09-26,52.25368342754412,52.903898945307674,51.96049404071963,52.116546630859375,95938800,0.0,0.0,52.06878814697266,0
2018-09-27,52.9204526803586,53.53992959522191,52.85424559802705,53.18762969970703,120724800,0.0,0.0,52.30144729614258,0
2018-09-28,53.14978977495271,53.39805456934215,52.96773205250956,53.374412536621094,91717600,0.0,0.0,52.683536529541016,0
2018-10-01,53.896959816847335,54.24452988828253,53.518654734943205,53.73381423950195,94403200,0.0,0.0,52.98949432373047,0
2018-10-02,53.73144499079402,54.38166049673322,53.58485210395696,54.211421966552734,99152800,0.0,0.0,53.324765014648435,0
2018-10-03,54.393495051214735,55.202126440086474,54.32965468667187,54.87110900878906,114619200,0.0,0.0,53.875677490234374,0
2018-10-04,54.566089500033,54.93730520599613,53.60849859022037,53.90641784667969,128168000,0.0,0.0,54.01943511962891,0
2018-10-05,53.89931955853073,54.00571773627825,52.15437645532441,53.03157424926758,134322000,0.0,0.0,53.9508674621582,0
2018-10-08,52.539792771594776,53.1521768531415,52.064541912659315,52.90864181518555,118655600,0.0,0.0,53.78583297729492,0
2018-10-09,52.87788354358608,53.73616907381262,52.54922934016951,53.6415901184082,107564000,0.0,0.0,53.67186660766602,0
2018-10-10,53.308221027600226,53.5186542874467,51.0833006862872,51.15659713745117,167962400,0.0,0.0,52.92896423339844,0
2018-10-11,50.72154687603227,51.89902721215979,50.20137511528744,50.704994201660156,212497600,0.0,0.0,52.28867950439453,0
2018-10-12,52.11654858627355,52.698197531427574,51.27008573845108,52.516136169433594,161351600,0.0,0.0,52.18559188842774,0
2018-10-15,52.291520137503866,52.44993586441361,51.371760786579564,51.39303970336914,123164000,0.0,0.0,51.88247146606445,0
2018-10-16,51.764252977522055,52.72421066994395,51.251174194641926,52.525596618652344,116736000,0.0,0.0,51.65927276611328,0
2018-10-17,52.56105380461304,52.64144321335758,51.86118394400235,52.29860305786133,91541600,0.0,0.0,51.887673950195314,0
2018-10-18,51.5112625057011,51.95577469132143,50.36215405754023,51.076210021972656,130325200,0.0,0.0,51.961917114257815,0
2018-10-19,51.5585467461468,52.315160495072206,51.40958711776718,51.85409927368164,132314800,0.0,0.0,51.82950973510742,0
2018-10-22,51.96759627834825,52.81169612366842,51.76662270171441,52.170936584472656,115168400,0.0,0.0,51.98508911132812,0
2018-10-23,51.03128633927155,52.78568585733632,50.7641056774064,52.66273498535156,155071200,0.0,0.0,52.012516784667966,0
2018-10-24,52.63199757568536,53.017395633132395,50.72627177410019,50.85631561279297,163702000,0.0,0.0,51.7240592956543,0
2018-10-25,51.47578116524493,52.34352273336572,51.248795294149254,51.96994400024414,119423200,0.0,0.0,51.90280609130859,0
2018-10-26,51.04782749681985,52.06216571984942,50.28412082995475,51.14240646362305,189033600,0.0,0.0,51.760467529296875,0
2018-10-29,51.825720452520564,51.94394144771941,48.72832893518345,50.18244934082031,183742000,0.0,0.0,51.362770080566406,0
2018-10-30,49.92472253053314,50.87758341933534,49.48021406236967,50.433074951171875,146640000,0.0,0.0,50.91683807373047,0
2018-10-31,51.27954555631616,52.12364167690508,51.21806832318598,51.74769973754883,153435600,0.0,0.0,51.09511489868164,0
2018-11-01,51.79262026173322,52.57524269602282,51.26298888864335,52.54214096069336,233292800,0.0,0.0,51.209554290771486,0
2018-11-02,49.546428313026276,50.51583847534508,48.572284692079506,49.05699157714844,365314800,0.0,0.0,50.79247131347656,0
2018-11-05,48.305108099645274,48.32638701675462,46.85571728176754,47.66434860229492,264654800,0.0,0.0,50.28885116577148,0
2018-11-06,47.74236376500268,48.40440202496884,47.68798312025159,48.17978286743164,127531600,0.0,0.0,49.838192749023435,0
2018-11-07,48.699960659016895,49.66700760551551,48.264908230328544,49.64099884033203,133697600,0.0,0.0,49.41685256958008,0
2018-11-08,49.82131798374514,49.85453521515348,49.054946674562586,49.46779251098633,101450400,0.1825,0.0036892691332338808,48.80198287963867,1
2018-11-09,48.7702373142276,48.87937811740739,47.98725541404549,48.51398849487305,137463200,0.0,0.0,48.693382263183594,0
2018-11-12,47.21614498875257,47.41782343812402,45.97998201189665,46.07014465332031,204542000,0.0,0.0,48.374541473388675,0
2018-11-13,45.46747474101187,46.784303647550004,45.42476479992899,45.609832763671875,187531600,0.0,0.0,47.86055145263672,0
2018-11-14,46.006077416821554,46.14369273389911,44.11505882624037,44.32148361206055,243204000,0.0,0.0,46.79664840698242,0
2018-11-15,44.69872824786671,45.54814450930108,44.34519912826086,45.41527557373047,185915200,0.0,0.0,45.98614501953125,0
2018-11-16,45.19935533527785,46.2599389233287,44.9525992928305,45.91827392578125,147713200,0.0,0.0,45.46700210571289,0
2018-11-19,45.080754550646894,45.24684081701483,43.89204753663236,44.09846878051758,167701200,0.0,0.0,45.07266693115234,0
2018-11-20,42.32130943637899,43.05683851163266,41.64272573882717,41.99150848388672,271300800,0.0,0.0,44.349002075195315,0
2018-11-21,42.64399822705807,42.772124438484425,41.889490881307914,41.944061279296875,124496800,0.0,0.0,43.87351760864258,0
2018-11-23,41.507494383952164,41.90135851863127,40.83365689452534,40.87873458862305,94496000,0.0,0.0,42.966209411621094,0
2018-11-26,41.341405328689035,41.50986287918792,40.39708001756018,41.43156433105469,179994000,0.0,0.0,42.06886749267578,0
2018-11-27,40.693658680506765,41.467151357006,40.544182944086934,41.341400146484375,165549600,0.0,0.0,41.51745376586914,0
2018-11-28,41.932203103325314,43.01414023001662,41.50512170583987,42.93109893798828,184250000,0.0,0.0,41.70537185668945,0
2018-11-29,43.339196070830944,43.37241330983305,42.16235002257085,42.601295471191406,167080000,0.0,0.0,41.83681869506836,0
2018-11-30,42.77686405200895,42.78635675904082,42.003374967632006,42.37113952636719,158126000,0.0,0.0,42.13529968261719,0
2018-12-03,43.76627973529744,43.88016690063734,42.99516185628555,43.8516960144043,163210000,0.0,0.0,42.61932601928711,0
2018-12-04,42.9334627157085,43.27512777330079,41.823054898940676,41.922706604003906,165377200,0.0,0.0,42.73558731079102,0
2018-12-06,40.75297981442607,41.469527189200136,40.43504289397928,41.455291748046875,172393600,0.0,0.0,42.440425872802734,0
2018-12-07,41.16345841264806,41.400725443078066,39.93204194545113,39.97712326049805,169126400,0.0,0.0,41.915591430664065,0
2018-12-10,39.1490601674904,40.35674848800182,38.75282465963804,40.2404899597168,248104000,0.0,0.0,41.489461517333986,0
2018-12-11,40.729256594178395,40.76009884419869,39.62359143727057,40.010337829589844,189126800,0.0,0.0,40.72118988037109,0
2018-12-12,40.43028940365676,40.79093620431171,40.10286345370511,40.12184524536133,142510800,0.0,0.0,40.36101760864258,0
2018-12-13,40.45165022819319,40.9451659993989,40.22861867943218,40.560791015625,127594400,0.0,0.0,40.1821174621582,0
2018-12-14,40.09812804123451,40.1171098380698,39.21549440063509,39.26294708251953,162814800,0.0,0.0,40.0392822265625,0
2018-12-17,39.25582050641888,39.94389690996211,38.610454041222965,38.89754867553711,177151600,0.0,0.0,39.770693969726565,0
2018-12-18,39.239224006854776,39.74934669174223,39.00432833526614,39.40293884277344,135366000,0.0,0.0,39.64921417236328,0
2018-12-19,39.38632372817106,39.730360169185076,37.74680781733559,38.17388916015625,196189200,0.0,0.0,39.259622955322264,0
2018-12-20,38.057631813758896,38.46336004562786,36.847572080543415,37.21059036254883,259092000,0.0,0.0,38.58958282470703,0
2018-12-21,37.21770403005254,37.52615187290748,35.50226452935719,35.76325607299805,382978400,0.0,0.0,37.889644622802734,0
2018-12-24,35.15111176377815,35.95782190038735,34.7809757476291,34.837921142578125,148676800,0.0,0.0,37.077719116210936,0
2018-12-26,35.18670590567207,37.30549902473126,34.81182351446712,37.291263580322266,234330000,0.0,0.0,36.6553840637207,0
2018-12-27,36.97568792254167,37.19634811223778,35.606659957323785,37.04924011230469,212468400,0.0,0.0,36.43045425415039,0
2018-12-28,37.369540609642506,37.61155388635195,36.66960390643198,37.06821060180664,169165600,0.0,0.0,36.40197830200195,0
2018-12-31,37.61394158656188,37.81087365387044,37.12754345601977,37.4265022277832,140014000,0.0,0.0,36.73462753295898,0
2019-01-02,36.750281492025124,37.68986030291286,36.593684420142715,37.469200134277344,148158800,0.0,0.0,37.26088333129883,0
2019-01-03,34.16169817620422,34.57454401761466,33.69191057763836,33.73699188232422,365248800,0.0,0.0,36.55002899169922,0
2019-01-04,34.292195516680664,35.24600976737911,34.11899163910133,35.17720031738281,234428400,0.0,0.0,36.175621032714844,0
2019-01-07,35.281596415192155,35.312442278685964,34.61724819958452,35.098899841308594,219111200,0.0,0.0,35.781758880615236,0
2019-01-08,35.485649452234306,36.02187515169098,35.23889338251769,35.76799774169922,164101200,0.0,0.0,35.45005798339844,0
2019-01-09,35.89612398881753,36.66487039683081,35.50226350768915,36.375404357910156,180396400,0.0,0.0,35.231298828125,0
2019-01-10,36.183228413452056,36.53201129828324,35.79411056090405,36.491676330566406,143122800,0.0,0.0,35.78223571777344,0
2019-01-11,36.27337496621485,36.46793199596804,35.94831676050969,36.133384704589844,108092800,0.0,0.0,35.973472595214844,0
2019-01-14,35.79173197667657,35.891383692191056,35.40498556947879,35.59005355834961,129756800,0.0,0.0,36.071703338623045,0
2019-01-15,35.65411777539392,36.39438975385984,35.601918738921825,36.31846618652344,114843600,0.0,0.0,36.18179702758789,0
2019-01-16,36.32083304295525,36.98518137158213,36.30185124837653,36.762149810791016,122278800,0.0,0.0,36.25914611816406,0
2019-01-17,36.58656278438679,37.40750802029229,36.363531273228396,36.98042678833008,119284800,0.0,0.0,36.356896209716794,0
2019-01-18,37.36955746448795,37.459720094996186,37.008910562862575,37.20821762084961,135004000,0.0,0.0,36.57186279296875,0
2019-01-22,37.11093212681015,37.186855683764556,36.21168817452131,36.37303161621094,121576000,0.0,0.0,36.728458404541016,0
2019-01-23,36.57470818551413,36.80960382903162,35.99340473442524,36.520137786865234,92522400,0.0,0.0,36.768792724609376,0
2019-01-24,36.56521442488471,36.65300204893597,36.00289284093378,36.23066711425781,101766000,0.0,0.0,36.662496185302736,0
2019-01-25,36.890275378715764,37.519035156053725,36.615048386108995,37.431243896484375,134142000,0.0,0.0,36.75265960693359,0
2019-01-28,36.963826558158345,37.091952773285364,36.458450279667375,37.084835052490234,104768400,0.0,0.0,36.72798309326172,0
2019-01-29,37.07297716838964,37.51904038821024,36.565225817907695,36.70046615600586,166348800,0.0,0.0,36.793470001220705,0
2019-01-30,38.73383999592237,39.42191288765638,38.017292600660475,39.2083740234375,244439200,0.0,0.0,37.33111724853516,0
2019-01-31,39.41241268525057,40.098114016816574,39.04464819355946,39.4907112121582,162958400,0.0,0.0,37.98312606811523,0
2019-02-01,39.6140873572307,40.093363938630105,39.369699093915415,39.50968933105469,130672400,0.0,0.0,38.3988151550293,0
2019-02-04,39.72086886633868,40.72925360434192,39.69002299817537,40.63197326660156,125982000,0.0,0.0,39.10824279785156,0
2019-02-05,41.013969357855885,41.54070233089087,40.89296450420444,41.3271598815918,144406400,0.0,0.0,40.03358154296875,0
2019-02-06,41.43867685735861,41.656965666225744,41.01159918712273,41.341400146484375,112958400,0.0,0.0,40.46018676757812,0
2019-02-07,40.904829885716296,41.27022309791329,40.41606043860214,40.55842208862305,126966800,0.0,0.0,40.673728942871094,0
2019-02-08,40.26771162677322,40.66564643059835,40.13188767381337,40.606075286865234,95280000,0.1825,0.004494401360158855,40.8930061340332,1
2019-02-11,40.7585744212062,40.79670082315533,40.329661489113064,40.37255096435547,83973600,0.0,0.0,40.841121673583984,0
2019-02-12,40.5322157324539,40.74667043828146,40.436899701914584,40.720458984375,89134000,0.0,0.0,40.719781494140626,0
2019-02-13,40.83960316682641,41.09933254456883,40.48932446490647,40.55127716064453,89960800,0.0,0.0,40.56175689697265,0
2019-02-14,40.43928339998026,40.80862164255103,40.36064904112932,40.699012756347656,87342800,0.0,0.0,40.589875030517575,0
2019-02-15,40.80623995233979,40.91346730094003,40.44881303304922,40.608463287353516,98507200,0.0,0.0,40.590352630615236,0
2019-02-19,40.43927284620034,40.85150410234934,40.386849953980956,40.729976654052734,75891200,0.0,0.0,40.66183776855469,0
2019-02-20,40.791937772979175,41.29948509114437,40.7442815842349,40.992095947265625,104457600,0.0,0.0,40.716165161132814,0
2019-02-21,40.93729918557291,41.0731195307499,40.57987224909108,40.76096725463867,68998800,0.0,0.0,40.75810317993164,0
2019-02-22,40.884875678488214,41.223239403756004,40.83721948150898,41.21609115600586,75652800,0.0,0.0,40.86151885986328,0
2019-02-25,41.499645058988676,41.90710967168657,41.44960369528727,41.51632308959961,87493600,0.0,0.0,41.0430908203125,0
2019-02-26,41.392422020496234,41.77129368525542,41.26374629243125,41.540157318115234,68280800,0.0,0.0,41.205126953125,0
2019-02-27,41.273273603636405,41.69980140101289,41.158894387635335,41.6688232421875,111341600,0.0,0.0,41.34047241210938,0
2019-02-28,41.53776447622518,41.6783514880164,41.20416392486593,41.258968353271484,112861600,0.0,0.0,41.44007263183594,0
2019-03-01,41.52823291281517,41.73553931695009,41.197017519159516,41.692649841308594,103544800,0.0,0.0,41.53538436889649,0
2019-03-04,41.86422115680062,42.35508684168328,41.45437136174755,41.902347564697266,109744800,0.0,0.0,41.612589263916014,0
2019-03-05,41.9237931397582,41.938089634020294,41.59019251792692,41.82609558105469,78949600,0.0,0.0,41.669776916503906,0
2019-03-06,41.62115992759418,41.816554994525454,41.44721323244979,41.585418701171875,83241600,0.0,0.0,41.65309600830078,0
2019-03-07,41.43054036805001,41.56636432916655,40.98971605951243,41.10409164428711,99185600,0.0,0.0,41.6221206665039,0
2019-03-08,40.58462987503848,41.239912445241174,40.389234781584264,41.201786041259766,95997600,0.0,0.0,41.52394790649414,0
2019-03-11,41.816560802649775,42.681531325611424,41.78320110804429,42.62910842895508,128044000,0.0,0.0,41.6693000793457,0
2019-03-12,42.891222911242956,43.52744228144765,42.74110246755472,43.108062744140625,129870400,0.0,0.0,41.92569351196289,0
2019-03-13,43.427374341932726,43.67757393364114,43.1104553438934,43.298702239990234,124130000,0.0,0.0,42.268350219726564,0
2019-03-14,43.82053724326323,43.86819707283481,43.50123674636694,43.780029296875,94318000,0.0,0.0,42.80353775024414,0
2019-03-15,44.04690286026948,44.63784755758058,43.782406850290364,44.34952163696289,156171600,0.0,0.0,43.433084869384764,0
2019-03-18,44.273276908909104,44.890433115459594,44.27089173604565,44.802268981933594,104879200,0.0,0.0,43.86771697998047,0
2019-03-19,44.88090335634377,45.03340534638429,44.30186992001534,44.44722366333008,126585600,0.0,0.0,44.13554916381836,0
2019-03-20,44.375737368520994,45.152547444755115,44.018310490038075,44.835628509521484,124140800,0.0,0.0,44.44293441772461,0
2019-03-21,45.27884124565531,46.782416507691266,45.22879987925223,46.486942291259766,204136800,0.0,0.0,44.984317016601565,0
2019-03-22,46.54649663713052,47.106466705960244,45.459919822317524,45.52425765991211,169630800,0.0,0.0,45.21926422119141,0
2019-03-25,45.6338923023652,45.74588637945124,44.46391742674594,44.973846435546875,175381200,0.0,0.0,45.253579711914064,0
2019-03-26,45.669614876057764,45.9603222997937,43.98255993100992,44.5091667175293,199202000,0.0,0.0,45.265968322753906,0
2019-03-27,44.97620423962298,45.216870301717556,44.451979010109405,44.90948486328125,119393600,0.0,0.0,45.28073959350586,0
2019-03-28,45.02387105568849,45.169224796190974,44.685507385455566,44.96906661987305,83121600,0.0,0.0,44.97716445922852,0
2019-03-29,45.23357970184677,45.29315086982014,44.926190438980306,45.26217269897461,94256000,0.0,0.0,44.924747467041016,0
2019-04-01,45.66485430363971,45.67438408651486,44.88804792365926,45.569541931152344,111448000,0.0,0.0,45.04388656616211,0
2019-04-02,45.533811111682674,46.33683282315308,45.52428132586758,46.23198699951172,91062800,0.0,0.0,45.388450622558594,0
2019-04-03,46.048497688881305,46.822922617672326,46.024667775160154,46.54889678955078,93087200,0.0,0.0,45.7163330078125,0
2019-04-04,46.41545121424215,46.79194128270273,46.02228311605566,46.62990951538086,76457200,0.0,0.0,46.048501586914064,0
2019-04-05,46.81101654355472,46.96590374026455,46.687107513373874,46.942073822021484,74106400,0.0,0.0,46.384481811523436,0
2019-04-08,46.8038588026213,47.7117225101516,46.78479559908021,47.680747985839844,103526800,0.0,0.0,46.806723022460936,0
2019-04-09,47.73317206117505,48.33603179875124,47.473439087978925,47.537776947021484,143072800,0.0,0.0,47.06788101196289,0
2019-04-10,47.342384260292086,47.833253607870596,47.22324195607037,47.804656982421875,86781200,0.0,0.0,47.31903305053711,0
2019-04-11,47.859473670914376,47.89521491423747,47.2852067886217,47.40673065185547,83603200,0.0,0.0,47.47439727783203,0
2019-04-12,47.46629151971839,47.690279625122976,46.753822893813584,47.387657165527344,111042800,0.0,0.0,47.563513946533206,0
2019-04-15,47.31855093020654,47.62117335589848,47.182726978383926,47.47343444824219,70146400,0.0,0.0,47.52205123901367,0
2019-04-16,47.52824418170382,47.983364968636586,47.3137858769923,47.47820281982422,102785600,0.0,0.0,47.510136413574216,0
2019-04-17,47.54729995142792,48.46231543377523,47.32569705378426,48.40274429321289,115627200,0.0,0.0,47.62975387573242,0
2019-04-18,48.40036639173176,48.64579923684503,48.25739781446443,48.576698303222656,96783200,0.0,0.0,47.86374740600586,0
2019-04-22,48.33125277123576,48.83403328657246,48.21449203990602,48.73633575439453,77758000,0.0,0.0,48.1334831237793,0
2019-04-23,48.712505282193725,49.503611676128884,48.586214770717746,49.439273834228516,93292000,0.0,0.0,48.526651000976564,0
2019-04-24,49.410689482360645,49.67756704213216,49.33682184606203,49.363033294677734,70162400,0.0,0.0,48.90361709594727,0
2019-04-25,49.28439996099873,49.5060028744457,48.87693173068337,48.91505813598633,74172800,0.0,0.0,49.006079864501956,0
2019-04-26,48.8245100123111,48.84833992518488,48.16207915688333,48.681541442871094,74596400,0.0,0.0,49.02704849243164,0
2019-04-29,48.705379310244844,49.07948794297143,48.57670720353527,48.75542068481445,88818800,0.0,0.0,49.03086547851562,0
2019-04-30,48.386062610715946,48.467078489226644,47.44483931736575,47.81656265258789,186139600,0.0,0.0,48.7063232421875,0
2019-05-01,50.01117140720834,51.30505499845377,49.85628424061624,50.163673400878906,259309200,0.0,0.0,48.866451263427734,0
2019-05-02,50.00164001010491,50.671219159962654,49.59417537681596,49.837223052978516,127985200,0.0,0.0,49.05088424682617,0
2019-05-03,50.25183551985448,50.478205146321336,50.094566822586664,50.45676040649414,83569600,0.0,0.0,49.40592803955078,0
2019-05-06,48.6791498523468,49.76334529835149,48.49090665482442,49.67756271362305,129772400,0.0,0.0,49.5903564453125,0
2019-05-07,49.05803373574075,49.42499041337888,47.854695800035216,48.33841323852539,155054800,0.0,0.0,49.6947265625,0
2019-05-08,48.109657759852,48.92935733960514,48.073916525359294,48.34794235229492,105358000,0.0,0.0,49.331580352783206,0
2019-05-09,47.752234575494825,48.05723858660724,46.86105245762417,47.828487396240234,139634400,0.0,0.0,48.929833221435544,0
2019-05-10,47.223299584031466,47.56536064029775,46.11101077401089,47.165889739990234,164834800,0.1925,0.004081339312396906,48.27165908813477,1
2019-05-13,44.90065443085275,45.32403977104099,43.73813138927743,44.42464065551758,229722400,0.0,0.0,47.22107467651367,0
2019-05-14,44.5896940858481,45.37666791392155,44.350491826259756,45.127899169921875,146118800,0.0,0.0,46.57897186279297,0
2019-05-15,44.55619123871001,45.86701816748591,44.4963906935112,45.668479919433594,106178800,0.0,0.0,46.0430793762207,0
2019-05-16,45.4268958737944,46.039252991844464,45.17094773855048,45.467559814453125,132125600,0.0,0.0,45.57089385986328,0
2019-05-17,44.7140705245547,45.66370365738736,44.673406583972145,45.20922088623047,131516400,0.0,0.0,45.17956008911133,0
2019-05-20,43.89839107594167,44.09692935038118,43.12337459318291,43.7955322265625,154449200,0.0,0.0,45.05373840332031,0
2019-05-21,44.30503541950881,44.97001729820006,44.18064924329761,44.635135650634766,113459200,0.0,0.0,44.95518569946289,0
2019-05-22,44.17108734343066,44.422250430132046,43.666370461560184,43.72138595581055,118994400,0.0,0.0,44.56576690673828,0
2019-05-23,43.008562935243226,43.18557025463366,42.53254916971738,42.975074768066406,146118800,0.0,0.0,44.06726989746094,0
2019-05-24,43.10423430651815,43.568287143398116,42.72629440483175,42.81001663208008,94858800,0.0,0.0,43.58742904663086,0
2019-05-28,42.79806481034798,43.197532117519515,42.55647185928589,42.63301467895508,111792800,0.0,0.0,43.354925537109374,0
2019-05-29,42.2000441934054,42.90090841293389,42.09957972523513,42.42967987060547,113924800,0.0,0.0,42.91383438110351,0
2019-05-30,42.56603514665155,42.87221370220988,42.259856591093225,42.649757385253906,84873600,0.0,0.0,42.69950866699219,0
2019-05-31,42.15461188376971,42.575610183606656,41.858003426997364,41.877140045166016,108174400,0.0,0.0,42.47992172241211,0
2019-06-03,42.00391264942133,42.558859919788816,40.72896433762629,41.4537467956543,161584400,0.0,0.0,42.20866775512695,0
2019-06-04,41.96563498785348,43.01573251076257,41.74556939956014,42.97028350830078,123872000,0.0,0.0,42.27612152099609,0
2019-06-05,44.080184117507756,44.250019297013125,43.32908930449805,43.663970947265625,119093600,0.0,0.0,42.522979736328125,0
2019-06-06,43.79314204238784,44.36483519131341,43.570682084053516,44.30503463745117,90105200,0.0,0.0,42.854035186767575,0
2019-06-07,44.61359158388535,45.907676088508644,44.4365843292352,45.48428726196289,122737600,0.0,0.0,43.57546463012695,0
2019-06-10,45.88138407246512,46.73294351859347,45.83593505990151,46.06557083129883,104883600,0.0,0.0,44.49782943725586,0
2019-06-11,46.61094078992602,46.88363115164734,46.30954733221378,46.59897994995117,107731600,0.0,0.0,45.223568725585935,0
2019-06-12,46.39326612217786,46.87645558984888,46.259313473699386,46.45067596435547,73012800,0.0,0.0,45.78090972900391,0
2019-06-13,46.57267447769808,47.072606273434246,46.30955420885947,46.44111251831055,86698400,0.0,0.0,46.208125305175784,0
2019-06-14,45.81918104965697,46.30715192007323,45.520178306772145,46.10383224487305,75046000,0.0,0.0,46.332034301757815,0
2019-06-17,46.142094799698384,46.63485431092616,45.96747824641038,46.37890625,58676400,0.0,0.0,46.394701385498045,0
2019-06-18,46.8955931379687,47.90980815375586,46.69466416124891,47.46967697143555,106204000,0.0,0.0,46.56884078979492,0
2019-06-19,47.76390336299069,47.811746732774715,47.19699520042928,47.33094787597656,84496800,0.0,0.0,46.74489517211914,0
2019-06-20,47.928952089147415,47.98636194123762,47.36921971853001,47.711280822753906,86056000,0.0,0.0,46.99892883300781,0
2019-06-21,47.55339956808391,48.04376482331306,47.39791594328948,47.548614501953125,191202400,0.0,0.0,47.28788528442383,0
2019-06-24,47.49120806529403,47.87871815109603,47.40270441017317,47.50077819824219,72881600,0.0,0.0,47.51225967407227,0
2019-06-25,47.46490726173989,47.66344559461407,46.71381223914871,46.780792236328125,84281200,0.0,0.0,47.37448272705078,0
2019-06-26,47.30702234220642,48.07725375444767,47.20655785147097,47.7926025390625,104270000,0.0,0.0,47.46681365966797,0
2019-06-27,47.90979847039882,48.215980589624166,47.7375762751165,47.77824020385742,83598800,0.0,0.0,47.48020553588867,0
2019-06-28,47.52470316986103,47.72085077463874,47.13480596879721,47.34291076660156,124442400,0.0,0.0,47.43906478881836,0
2019-07-01,48.59871477331292,48.91446345681218,47.99592415477376,48.21120834350586,109012000,0.0,0.0,47.58115081787109,0
2019-07-02,48.17772417850372,48.58915232452939,48.16576333648064,48.49346923828125,67740800,0.0,0.0,47.92368621826172,0
2019-07-03,48.62502124767299,48.90249666609173,48.48389283052297,48.895320892333984,45448000,0.0,0.0,48.144229888916016,0
2019-07-05,48.64178034451634,49.055599226493996,48.534136409086,48.85227584838867,69062000,0.0,0.0,48.35903701782227,0
2019-07-08,48.0341982544595,48.17532669133114,47.46011437400138,47.84523010253906,101354400,0.0,0.0,48.45950088500977,0
2019-07-09,47.64908366307894,48.20164023244244,47.555794939029724,48.13705825805664,82312000,0.0,0.0,48.444670867919925,0
2019-07-10,48.28297103527144,48.73266874059022,48.21360034539757,48.613067626953125,71588400,0.0,0.0,48.468590545654294,0
2019-07-11,48.632195657197634,48.89053445503686,48.249474351089496,48.25904083251953,80767200,0.0,0.0,48.34133453369141,0
2019-07-12,48.42649079222815,48.79725497916496,48.36669023465564,48.62981414794922,70380800,0.0,0.0,48.29684219360352,0
2019-07-15,48.81878002796971,49.24455968604115,48.797252704231944,49.08668899536133,67789600,0.0,0.0,48.54513397216797,0
2019-07-16,48.938374549843836,49.301962895972956,48.677645042065016,48.916847229003906,67467200,0.0,0.0,48.70109176635742,0
2019-07-17,48.80921404901501,49.057982753514956,48.62263660815599,48.64177322387695,56430000,0.0,0.0,48.70683288574219,0
2019-07-18,48.797263107786286,49.24696454362219,48.72550169675803,49.194339752197266,74162400,0.0,0.0,48.89389266967773,0
2019-07-19,49.2254225596,49.39525773939744,48.40496070844038,48.45997619628906,83717200,0.0,0.0,48.8599250793457,0
2019-07-22,48.71353210630533,49.56987651762095,48.7039656231899,49.56748580932617,89111600,0.0,0.0,48.956084442138675,0
2019-07-23,49.86409602597792,49.97173629421098,49.5842262186613,49.95499038696289,73420800,0.0,0.0,49.16371307373047,0
2019-07-24,49.67512729577653,50.029145578681785,49.5555261792605,49.914329528808594,59966400,0.0,0.0,49.4182243347168,0
2019-07-25,49.96695653329002,50.050678778547585,49.450278810987754,49.519649505615234,55638400,0.0,0.0,49.48328628540039,0
2019-07-26,49.62968434831801,50.16788943836609,49.54835645514004,49.69187927246094,70475600,0.0,0.0,49.72966690063477,0
2019-07-29,49.8641061577897,50.385565347597584,49.85932109046995,50.15592956542969,86693600,0.0,0.0,49.847355651855466,0
2019-07-30,49.93585061510733,50.27073588947548,49.58900815053056,49.940635681152344,135742800,0.0,0.0,49.84448471069336,0
2019-07-31,51.76815294335434,52.952203406591565,50.54343853369576,50.95964813232422,277125600,0.0,0.0,50.053548431396486,0
2019-08-01,51.165354806371035,52.15326117014312,49.452669637980264,49.85691833496094,216071600,0.0,0.0,50.121002197265625,0
2019-08-02,49.163237997191345,49.378518561545334,48.23035068507519,48.80204391479492,163448400,0.0,0.0,49.94303512573242,0
2019-08-05,47.35964111669537,47.517511782159396,46.06555644186893,46.24734878540039,209572000,0.0,0.0,49.161318969726565,0
2019-08-06,46.9578021571624,47.37880053420239,46.41481192310508,47.12285232543945,143299200,0.0,0.0,48.59776229858399,0
2019-08-07,46.74249649475548,47.73518403134187,46.36216592386497,47.61079788208008,133457600,0.0,0.0,47.927992248535155,0
2019-08-08,47.88828556685008,48.68482942826137,47.6945323451434,48.66090774536133,108038000,0.0,0.0,47.68879013061523,0
2019-08-09,48.33435586806552,48.68491595492223,47.851730305039446,48.25992202758789,98478800,0.1925,0.00398881705382692,47.58036575317383,1
2019-08-12,47.93096696496544,48.514438725738295,47.818114477569125,48.1374626159668,89927600,0.0,0.0,47.95838851928711,0
2019-08-13,48.267116866849314,50.93715015941955,48.13745486807871,50.17599868774414,188874000,0.0,0.0,48.569017791748045,0
2019-08-14,48.78097206530071,49.56853618197208,48.644106979365894,48.682525634765625,146189600,0.0,0.0,48.783363342285156,0
2019-08-15,48.85300141700887,49.256386268391125,47.94297838198592,48.44001007080078,108909600,0.0,0.0,48.739183807373045,0
2019-08-16,49.04988469774485,49.74140568988817,48.944235250189195,49.58293151855469,110481600,0.0,0.0,49.00378570556641,0
2019-08-19,50.57218589365761,51.078820332819284,50.430521259871156,50.50735855102539,97654400,0.0,0.0,49.47776489257812,0
2019-08-20,50.63462823335315,51.22770292346297,50.50016660809505,50.509769439697266,107537200,0.0,0.0,49.54451904296875,0
2019-08-21,51.14126844537108,51.29973899908032,50.807514137227294,51.057228088378906,86141600,0.0,0.0,50.0194595336914,0
2019-08-22,51.189268512143016,51.489407284634304,50.603397042031474,51.01398849487305,89014800,0.0,0.0,50.53425521850586,0
2019-08-23,50.28645358396467,50.91554700309597,48.2623192659155,48.65610122680664,187272000,0.0,0.0,50.34888916015625,0
2019-08-26,49.42926854605089,49.748616731609175,49.237178943574676,49.58053970336914,104174400,0.0,0.0,50.163525390625,0
2019-08-27,49.90947864777375,50.07515584403641,48.86979745227065,49.02106857299805,103493200,0.0,0.0,49.86578521728516,0
2019-08-28,49.00665676017186,49.39563540929986,48.81937047253222,49.350013732910156,63755200,0.0,0.0,49.5243423461914,0
2019-08-29,50.06315640226348,50.26004923163214,49.621352927714746,50.185611724853516,83962000,0.0,0.0,49.3586669921875,0
2019-08-30,50.461749711640046,50.531380318643734,49.75101924277267,50.120792388916016,84573600,0.0,0.0,49.651605224609376,0
2019-09-03,49.56611865080238,49.69818045135938,49.03547532102372,49.390838623046875,80092000,0.0,0.0,49.61366500854492,0
2019-09-04,50.03675406819679,50.298474298793316,49.77983708566578,50.228843688964844,76752400,0.0,0.0,49.855220031738284,0
2019-09-05,50.90354224548307,51.376561303793046,50.78588651283309,51.21088409423828,95654800,0.0,0.0,50.227394104003906,0
2019-09-06,51.39577117230135,51.48461108870742,51.0259981022255,51.20608139038086,77449200,0.0,0.0,50.431488037109375,0
2019-09-09,51.585461226459756,51.96964040269282,50.680245133535024,51.42458724975586,109237600,0.0,0.0,50.692247009277345,0
2019-09-10,51.3501518092004,52.05127566981013,50.833914491991756,52.032066345214844,127111600,0.0,0.0,51.22049255371094,0
2019-09-11,52.36102145030546,53.71524770381324,52.27938090410862,53.686431884765625,177158400,0.0,0.0,51.912010192871094,0
2019-09-12,53.976971102844466,54.365949877044244,53.51115502500784,53.56637954711914,128906800,0.0,0.0,52.38310928344727,0
2019-09-13,52.82443080357143,53.01411692029238,52.10890090309722,52.5242919921875,159053200,0.0,0.0,52.646751403808594,0
2019-09-16,52.27938208778277,52.855650852329696,52.238563645662204,52.80042266845703,84632400,0.0,0.0,52.92191848754883,0
2019-09-17,52.814816696911045,53.02131230160538,52.6131206742353,52.992496490478516,73274800,0.0,0.0,53.11400451660156,0
2019-09-18,53.07894858894895,53.50874942392138,52.68996985697935,53.489540100097656,101360000,0.0,0.0,53.07462615966797,0
2019-09-19,53.307052941713785,53.72724727960935,52.91327096589523,53.05493927001953,88242400,0.0,0.0,52.972338104248045,0
2019-09-20,53.15578062057358,53.439109875358426,52.21694562055294,52.27937316894531,221652400,0.0,0.0,52.92335433959961,0
2019-09-23,52.57230672269813,52.786005382427604,52.26016166615533,52.51708221435547,76662000,0.0,0.0,52.866686248779295,0
2019-09-24,53.07174174905982,53.42230547207564,52.14971625438767,52.26736831665039,124763200,0.0,0.0,52.72166061401367,0
2019-09-25,52.476268656643114,53.18459549366252,52.13771121007937,53.07174301147461,87613600,0.0,0.0,52.638101196289064,0
2019-09-26,52.82442795501207,53.050132915210256,52.54349848236231,52.79801559448242,75334000,0.0,0.0,52.58671646118164,0
2019-09-27,52.95409870061891,53.05494858356497,52.17133785844145,52.54111099243164,101408000,0.0,0.0,52.63906402587891,0
2019-09-30,53.040529136604164,53.92413970007018,53.01411677472275,53.777671813964844,103909600,0.0,0.0,52.89118194580078,0
2019-10-01,54.04179631783716,54.798144667313224,53.832897210879736,53.92654037475586,139223200,0.0,0.0,53.223016357421876,0
2019-10-02,53.55917160743665,53.68403038252034,52.3274007167669,52.5747184753418,138449200,0.0,0.0,53.12361145019531,0
2019-10-03,52.44745522730388,53.054939558377036,51.65509168829448,53.021324157714844,114426000,0.0,0.0,53.1682731628418,0
2019-10-04,54.178666925160364,54.6228739131191,53.75847251204435,54.50761795043945,138478800,0.0,0.0,53.56157455444336,0
2019-10-07,54.32993665616627,55.20874044968746,54.22668698362583,54.519622802734375,122306000,0.0,0.0,53.709964752197266,0
2019-10-08,54.22187366190399,54.75972001542837,53.86410691411583,53.88091278076172,111820000,0.0,0.0,53.70083923339844,0
2019-10-09,54.512413024902344,54.694896109411246,54.17865880193493,54.512413024902344,74770400,0.0,0.0,54.08837814331055,0
2019-10-10,54.728513454537506,55.33119457436902,54.57724597451074,55.247154235839844,113013600,0.0,0.0,54.53354415893555,0
2019-10-11,55.93387975980706,57.06000139993357,55.78020880305277,56.716644287109375,166795600,0.0,0.0,54.97534942626953,0
2019-10-14,56.40208648570823,57.17764784685901,56.34686196781524,56.63499450683594,96427600,0.0,0.0,55.398423767089845,0
2019-10-15,56.75986191418055,57.06240057658288,56.39729547769647,56.50294494628906,87360000,0.0,0.0,55.922830200195314,0
2019-10-16,56.034714997954104,56.48372515630135,55.99389655879597,56.27482604980469,73903200,0.0,0.0,56.27531280517578,0
2019-10-17,56.44771784318485,56.70223502398383,56.070745319870674,56.49333953857422,67585200,0.0,0.0,56.524549865722655,0
2019-10-18,56.32765975363138,57.04559323208137,56.255625693832314,56.76466369628906,97433600,0.0,0.0,56.53415374755859,0
2019-10-21,57.03117766562347,57.864363302867055,56.983156188347394,57.749107360839844,87247200,0.0,0.0,56.75697631835938,0
2019-10-22,57.90517503559485,58.15488888679274,57.53540200940533,57.617042541503906,82293600,0.0,0.0,56.97979583740234,0
2019-10-23,58.130884866797174,58.40461130875165,57.91958597693626,58.390201568603516,75828800,0.0,0.0,57.40287094116211,0
2019-10-24,58.7095648437105,58.77919911574777,58.06126559430614,58.486263275146484,69275200,0.0,0.0,57.801455688476565,0
2019-10-25,58.38539050721004,59.24258485541128,58.3181597216179,59.20656967163086,73477200,0.0,0.0,58.28983688354492,0
2019-10-28,59.408277532037836,59.84768120784419,59.24020052419486,59.799659729003906,96572800,0.0,0.0,58.699947357177734,0
2019-10-29,59.78045888467337,59.967745243380165,58.24374936097542,58.4166259765625,142839600,0.0,0.0,58.85986404418945,0
2019-10-30,58.76957511884041,58.89923712839204,57.91718388272271,58.40940856933594,124522000,0.0,0.0,58.863705444335935,0
2019-10-31,59.36507144431984,59.82848412244298,56.96875995728241,59.730037689208984,139162000,0.0,0.0,59.11246032714844,0
2019-11-01,59.91731576023175,61.45162537567779,59.826076043549875,61.42521667480469,151125200,0.0,0.0,59.556189727783206,0
2019-11-04,61.78778354242281,61.9126459988458,61.319571313663445,61.82860565185547,103272000,0.0,0.0,59.961978912353516,0
2019-11-05,61.720540736224365,61.99427084278033,61.54526436432109,61.73975372314453,79897600,0.0,0.0,60.62660446166992,0
2019-11-06,61.65331800351261,61.82619827037496,61.317163964504836,61.766170501708984,75864400,0.0,0.0,61.29795684814453,0
2019-11-07,62.31286358586997,62.70060689193552,62.16113826391426,62.47903823852539,94940400,0.1925,0.0030810333421762244,61.847756958007814,1
2019-11-08,62.30081895457208,62.722274875332666,61.85768903983962,62.650028228759766,69986400,0.0,0.0,62.09271926879883,0
2019-11-11,62.20689807124033,63.21117067098467,62.20208407745483,63.146148681640625,81821200,0.0,0.0,62.35622787475586,0
2019-11-12,62.989594960966514,63.28823158323448,62.83787700281728,63.08833694458008,87388800,0.0,0.0,62.62594451904297,0
2019-11-13,62.88844372983046,63.767478813815906,62.87399440184441,63.69282150268555,102734400,0.0,0.0,63.01127471923828,0
2019-11-14,63.51942947548323,63.79157076632971,63.12205821124544,63.25210952758789,89182800,0.0,0.0,63.165888977050784,0
2019-11-15,63.50256731633181,64.00831588526924,63.341214024330995,64.00350189208984,100206400,0.0,0.0,63.4365837097168,0
2019-11-18,64.01311651070851,64.40567368628587,63.635016010866224,64.32620239257812,86703200,0.0,0.0,63.672594451904295,0
2019-11-19,64.51887757210454,64.54296223689062,63.91439437873861,64.13114166259766,76167200,0.0,0.0,63.88115539550781,0
2019-11-20,63.95050077197476,64.08054469809994,62.71262135582171,63.384544372558594,106234400,0.0,0.0,63.81949996948242,0
2019-11-21,63.50497200634929,63.58203998760828,62.900481512110325,63.10037612915039,121395200,0.0,0.0,63.789153289794925,0
2019-11-22,63.24004088124478,63.38213080488367,62.8185851019478,63.04496765136719,65325200,0.0,0.0,63.59744644165039,0
2019-11-25,63.26897510656946,64.16728114713578,63.22321643683277,64.15042114257812,84020400,0.0,0.0,63.56229019165039,0
2019-11-26,64.28768982373602,64.34067315372796,63.218395236341195,63.64948654174805,105207600,0.0,0.0,63.46595916748047,0
2019-11-27,63.9601500849875,64.53815268116317,63.89512810024147,64.50443267822266,65235600,0.0,0.0,63.689936828613284,0
2019-11-29,64.20579591584789,64.54295915794552,64.03721061999535,64.36233520507812,46617600,0.0,0.0,63.94232864379883,0
2019-12-02,64.36715170309243,64.60316965655018,63.44717925305146,63.618167877197266,94487200,0.0,0.0,64.05696868896484,0
2019-12-03,62.20928904177194,62.50310426103313,61.722811237581595,62.48384094238281,114430400,0.0,0.0,63.72365264892578,0
2019-12-04,62.874008927329,63.413470229056855,62.780080924112625,63.035362243652344,67181600,0.0,0.0,63.60082778930664,0
2019-12-05,63.52907910262776,64.03482780252034,63.27379775546852,63.96016311645508,74424400,0.0,0.0,63.491973876953125,0
2019-12-06,64.41773515061479,65.26546100190234,64.37437981221761,65.19561767578125,106075600,0.0,0.0,63.65863037109375,0
2019-12-09,65.02463432244109,65.2172969657752,63.798800431426635,64.28287506103516,128042400,0.0,0.0,63.79157180786133,0
2019-12-10,64.68744509771174,65.04146825890689,64.02756074204926,64.6585464477539,90420400,0.0,0.0,64.22651290893555,0
2019-12-11,64.73803916107421,65.28954641231785,64.66338184077233,65.21006774902344,78756800,0.0,0.0,64.66145401000976,0
2019-12-12,64.48998371818132,65.64116022447391,64.3792030714425,65.3762435913086,137310400,0.0,0.0,64.94467010498047,0
2019-12-13,65.37623737672222,66.30103115854632,65.2485967405498,66.26490783691406,133587600,0.0,0.0,65.15852813720703,0
2019-12-16,66.71045505717711,67.62321027270899,66.70564106368182,67.39923095703125,128186000,0.0,0.0,65.78179931640625,0
2019-12-17,67.32939453528536,67.85922045100963,67.14394921761478,67.53169250488281,114158400,0.0,0.0,66.35642852783204,0
2019-12-18,67.38477250929151,67.89052104298418,67.22100855730946,67.37032318115234,116028400,0.0,0.0,66.78847961425781,0
2019-12-19,67.31253704760239,67.71713300190731,67.18008240112675,67.4377670288086,98369200,0.0,0.0,67.2007843017578,0
2019-12-20,67.9699882290766,68.0711335089849,67.08613194245461,67.29806518554688,275978000,0.0,0.0,67.40741577148438,0
2019-12-23,67.560591164887,68.45648637288053,67.52205716835296,68.39627838134766,98572000,0.0,0.0,67.60682525634766,0
2019-12-24,68.56244109414793,68.61061041883474,68.13617123413715,68.46128845214844,48478800,0.0,0.0,67.79274444580078,0
2019-12-26,68.59375403067095,69.83644770700805,68.56485537418061,69.81958770751953,93121200,0.0,0.0,68.28259735107422,0
2019-12-27,70.11099839799601,70.79737094783557,69.38850252439819,69.79309844970703,146266000,0.0,0.0,68.7536636352539,0
2019-12-30,69.7112155576161,70.48910541724575,68.69009042144484,70.20732879638672,144114400,0.0,0.0,69.33551635742188,0
2019-12-31,69.82438857743935,70.72750817106555,69.72564661991683,70.72028350830078,100805600,0.0,0.0,69.8003173828125,0
2020-01-02,71.3440770033773,72.39410845813738,71.09120631601701,72.33390045166016,135480400,0.0,0.0,70.57483978271485,0
2020-01-03,71.56321309934685,72.38926493117573,71.40667380039741,71.63064575195312,146322800,0.0,0.0,70.93705139160156,0
2020-01-06,70.75404341628553,72.23997291016137,70.5035760497976,72.2014389038086,118387200,0.0,0.0,71.41871948242188,0
2020-01-07,72.21105649751387,72.46633779595872,71.6426965801033,71.86185455322266,108872000,0.0,0.0,71.74962463378907,0
2020-01-08,71.56562867701548,73.31888511458335,71.56562867701548,73.0178451538086,132079200,0.0,0.0,72.20913696289062,0
2020-01-09,73.99320238999518,74.76145686133366,73.74274246581768,74.56879425048828,170108400,0.0,0.0,72.65611572265625,0
2020-01-10,74.80239504412852,75.30091887725054,74.23643856809193,74.73736572265625,140644800,0.0,0.0,73.27745971679687,0
2020-01-13,75.05286332420356,76.36057889021191,74.93485068528152,76.3340835571289,121532000,0.0,0.0,74.10398864746094,0
2020-01-14,76.27147857331117,76.48100118582082,75.18051017572739,75.30332946777344,161954400,0.0,0.0,74.79228363037109,0
2020-01-15,75.10344034713454,75.98247543934815,74.54952248725758,74.9806137084961,121923600,0.0,0.0,75.1848373413086,0
2020-01-16,75.52249718552835,76.03065646802948,75.16124922768141,75.91986846923828,108829200,0.0,0.0,75.45505218505859,0
2020-01-17,76.16790890123319,76.7627640392473,75.86205500785368,76.76036071777344,137816400,0.0,0.0,75.85965118408203,0
2020-01-21,76.3894803308505,76.83019952815127,76.10288974668396,76.24016571044922,110843200,0.0,0.0,75.84086761474609,0
2020-01-22,76.72423213565071,77.06380603496487,76.4183782339569,76.5123062133789,101832400,0.0,0.0,76.0826629638672,0
2020-01-23,76.56528622859716,76.96024675038308,76.01859307367198,76.88077545166016,104472000,0.0,0.0,76.4626953125,0
2020-01-24,77.12641705620177,77.8681760847734,76.46894331412666,76.6592025756836,146537600,0.0,0.0,76.61056213378906,0
2020-01-27,74.67235687385795,75.08417746726008,73.42484908589569,74.40503692626953,161940000,0.0,0.0,76.13949737548828,0
2020-01-28,75.2840767149778,76.68089922753784,75.18533472345831,76.5099105834961,162234000,0.0,0.0,76.19344635009766,0
2020-01-29,78.13791500924663,78.95674202148273,77.39855929233421,78.11141967773438,216229200,0.0,0.0,76.51326904296874,0
2020-01-30,77.19627050016777,78.05122092954578,76.76517927864235,77.99823760986328,126743200,0.0,0.0,76.73676147460938,0
2020-01-31,77.29017484753824,77.71163064497078,74.24606365244907,74.53987884521484,199588400,0.0,0.0,76.31289672851562,0
2020-02-03,73.2851511845041,75.49839714349714,72.78422401879573,74.3351821899414,173788400,0.0,0.0,76.29892578125,0
2020-02-04,75.9367288800473,76.97953543976107,75.53213292898627,76.78927612304688,136616400,0.0,0.0,76.35479888916015,0
2020-02-05,77.91396003658885,78.21259669148851,76.81336346644713,77.41544342041016,118826800,0.0,0.0,76.21560363769531,0
2020-02-06,77.68515330009288,78.32335641079244,77.12883215929374,78.3209457397461,105425600,0.0,0.0,76.28014526367187,0
2020-02-07,77.82124622907054,78.06989154294402,76.76631409771366,77.25636291503906,117684000,0.1925,0.0024917041488439927,76.82344207763671,1
2020-02-10,75.8441484328751,77.623291015625,75.7644885208781,77.623291015625,109348800,0.0,0.0,77.48106384277344,0
2020-02-11,78.11818095050265,78.19059906005786,76.9377141953968,77.15497589111328,94323200,0.0,0.0,77.55420379638672,0
2020-02-12,77.60399117788235,78.99206144129231,77.60399117788235,78.98723602294922,113730400,0.0,0.0,77.86856231689453,0
2020-02-13,78.26059867524006,78.75064746940821,78.05782062596876,78.42475128173828,94747600,0.0,0.0,77.88932342529297,0
2020-02-14,78.3933612458328,78.69270656111114,77.93711251400148,78.44406127929688,80113600,0.0,0.0,78.12686309814453,0
2020-02-18,76.12901616267288,77.18878123005356,75.94796350927948,77.00772857666016,152531200,0.0,0.0,78.00375061035156,0
2020-02-19,77.24912913343354,78.35234502696264,77.24912913343354,78.12300872802734,93984000,0.0,0.0,78.19735717773438,0
2020-02-20,77.8839843933444,78.37161663595833,76.81697806530906,77.3215103149414,100566000,0.0,0.0,77.86421203613281,0
2020-02-21,76.91597690115918,77.35774940247184,74.95578178960817,75.57135772705078,129554000,0.0,0.0,77.29353332519531,0
2020-02-24,71.75961758398634,73.43012593023869,69.82114748147725,71.98170471191406,222195200,0.0,0.0,76.00106201171874,0
2020-02-25,72.65037140517215,73.03178561562022,69.07277049917455,69.54350280761719,230673600,0.0,0.0,74.50821685791016,0
2020-02-26,69.16935530367469,71.90928692764982,69.16211349223191,70.64674377441406,198054800,0.0,0.0,73.0129638671875,0
2020-02-27,67.85852144500781,69.04139705399142,65.8934935311334,66.02867889404297,320605600,0.0,0.0,70.75439758300782,0
2020-02-28,62.10346116385855,67.20914325476264,61.88860853206062,65.99005126953125,426510000,0.0,0.0,68.8381362915039,0
2020-03-02,68.14338895911868,72.7686815326321,67.0425894386722,72.1337890625,341397200,0.0,0.0,68.8685531616211,0
2020-03-03,73.30703084112471,73.38669078369585,68.99314253337712,69.84288787841797,319475600,0.0,0.0,68.92843017578124,0
2020-03-04,71.561635057031,73.24180090646557,70.76259027435336,73.08247375488281,219178400,0.0,0.0,69.415576171875,0
2020-03-05,71.33955724756618,72.31241302487865,70.34739243241086,70.7119140625,187572800,0.0,0.0,70.3522232055664,0
2020-03-06,68.07579869358199,70.20497969740977,67.88992061879122,69.77286529541016,226176800,0.0,0.0,71.1087860107422,0
2020-03-09,63.670179502443226,67.1319051551366,63.48912685930832,64.25437927246094,286744800,0.0,0.0,69.53290405273438,0
2020-03-10,66.90258302825225,69.14763308452109,65.0268727397902,68.88208770751953,285290000,0.0,0.0,69.34074401855469,0
2020-03-11,66.96293286366341,67.8875051992336,65.62796418784407,66.48977661132812,255598800,0.0,0.0,68.02220458984375,0
2020-03-12,61.78481820985721,65.17895115078981,59.86807364961435,59.9235954284668,418474000,0.0,0.0,65.8645408630371,0
2020-03-13,63.94538830639056,67.5736832780311,61.06302571813862,67.10294342041016,370732000,0.0,0.0,65.3305564880371,0
2020-03-16,58.40758108532822,62.542820889319664,57.93684495675963,58.4703483581543,322423600,0.0,0.0,64.17375030517579,0
2020-03-17,59.749787528944104,62.187961018540406,57.55060118117008,61.041297912597656,324056000,0.0,0.0,62.60559234619141,0
2020-03-18,57.88132191691277,60.350878847985236,57.24160039100893,59.54700469970703,300233600,0.0,0.0,61.217037963867185,0
2020-03-19,59.72080725380135,61.03645549375763,58.56689890473273,59.09074401855469,271857200,0.0,0.0,61.05046768188477,0
2020-03-20,59.67011183513416,60.7926402539027,55.03999474688709,55.33933639526367,401693200,0.0,0.0,58.69774627685547,0
2020-03-23,55.05931255400759,55.16070158535809,51.32479999006741,54.16370391845703,336752800,0.0,0.0,57.83641738891602,0
2020-03-24,57.05813231967632,59.79323446043245,56.56084169108887,59.59769821166992,287531200,0.0,0.0,57.54769744873047,0
2020-03-25,60.53192552123785,62.34245170831376,58.97487373705756,59.269386291503906,303602000,0.0,0.0,57.492173767089845,0
2020-03-26,59.51078437689467,62.44624776872447,59.47215893769996,62.38831329345703,252087200,0.0,0.0,58.15168762207031,0
2020-03-27,61.01473571142301,61.767913466106,59.638736473627105,59.80530548095703,204216800,0.0,0.0,59.044881439208986,0
2020-03-30,60.529509863529455,61.683418202528024,60.206026401052306,61.512020111083984,167976400,0.0,0.0,60.51454467773438,0
2020-03-31,61.702735358357586,63.366001623216455,60.83368129501873,61.38649368286133,197002000,0.0,0.0,60.87230377197265,0
2020-04-01,59.50596558883749,60.04188167908633,57.726822887688364,58.15652084350586,176218400,0.0,0.0,60.64973068237305,0
2020-04-02,58.018923255417455,59.18007364013517,57.1884945265853,59.1269645690918,165934000,0.0,0.0,59.9974609375,0
2020-04-03,58.61277240805976,59.31284110700112,57.68819653151743,58.2772216796875,129880000,0.0,0.0,59.6918441772461,0
2020-04-06,60.568146275466354,63.515681414819454,60.20121554945302,63.36118698120117,201820400,0.0,0.0,60.06167755126953,0
2020-04-07,65.3720644929947,65.58933353543772,62.52350615550967,62.6273078918457,202887200,0.0,0.0,60.30984039306641,0
2020-04-08,63.42634690897305,64.54404618126709,63.06183266990903,64.230224609375,168895200,0.0,0.0,61.52458114624024,0
2020-04-09,64.86513503536223,65.19585671097452,63.89952086210519,64.69373321533203,161834800,0.0,0.0,62.637934875488284,0
2020-04-13,64.77098966919036,66.07215841536981,64.17230617831575,65.9635238647461,131022800,0.0,0.0,64.1751953125,0
2020-04-14,67.59297682109842,69.58455560243435,67.12223707141726,69.29486846923828,194994800,0.0,0.0,65.36193161010742,0
2020-04-15,68.17234288135833,69.1210568119712,67.74506136385055,68.66239166259766,131154400,0.0,0.0,66.5689483642578,0
2020-04-16,69.37453866907585,69.57249130619873,68.16027936470277,69.20796966552734,157125200,0.0,0.0,67.56449737548829,0
2020-04-17,68.72516178272222,69.27073604048029,66.83496828577375,68.26890563964844,215250000,0.0,0.0,68.27953186035157,0
2020-04-20,67.09812692651032,67.99855755048588,66.83258151937916,66.85189056396484,130015200,0.0,0.0,68.45720520019532,0
2020-04-21,66.69497200558625,66.92913374203486,64.07574203406564,64.78546905517578,180991600,0.0,0.0,67.55532531738281,0
2020-04-22,66.05041994300701,67.08604320648949,65.7100474299754,66.65151977539062,116862400,0.0,0.0,67.15315093994141,0
2020-04-23,66.59598944224571,68.0154433517939,66.35458591659604,66.3932113647461,124814400,0.0,0.0,66.59019927978515,0
2020-04-24,66.91704122865521,68.31959472449138,66.86875759043463,68.3099365234375,126161200,0.0,0.0,66.59840545654296,0
2020-04-27,68.02750920842628,68.68895986495261,67.58091858862758,68.35823822021484,117087600,0.0,0.0,66.89967498779296,0
2020-04-28,68.81930583953189,69.00035846269303,67.15845596472252,67.25018310546875,112004800,0.0,0.0,67.39261779785156,0
2020-04-29,68.73482721743544,69.92736120107678,68.53204914375017,69.45903778076172,137280800,0.0,0.0,67.95412139892578,0
2020-04-30,69.99737340670072,71.1005894315717,69.6087172156617,70.92436218261719,183064000,0.0,0.0,68.8603515625,0
2020-05-01,69.1017567929507,72.17965163700352,69.00519685948858,69.78251647949219,240616800,0.0,0.0,69.15486755371094,0
2020-05-04,69.8066465413913,70.8977876030395,69.11864515995262,70.76984405517578,133568000,0.0,0.0,69.63718872070312,0
2020-05-05,71.2285224464027,72.66245995311394,71.0836788601292,71.83203125,147751200,0.0,0.0,70.55355834960938,0
2020-05-06,72.53208591439893,73.2031872790944,72.14825527383692,72.57312774658203,142333600,0.0,0.0,71.17637634277344,0
2020-05-07,73.19837876119128,73.66911859215423,72.89662434827942,73.32390594482422,115215200,0.0,0.0,71.65628509521484,0
2020-05-08,73.98231154076618,75.122398042806,73.65553308459083,75.06914520263672,133838400,0.205,0.002730815695937878,72.71361083984375,1
2020-05-11,74.57776663572473,76.74417245398942,74.36959376483475,76.25038146972656,145946400,0.0,0.0,73.80971832275391,0
2020-05-12,76.93296900656856,77.38319884408511,75.25793879153254,75.37896728515625,162301200,0.0,0.0,74.51910552978515,0
2020-05-13,75.55810589582264,76.47792710847203,73.39411530032484,74.4688491821289,200622400,0.0,0.0,74.89824981689453,0
2020-05-14,73.7087840752181,74.98684482021679,72.98745151047878,74.92633056640625,158929200,0.0,0.0,75.21873474121094,0
2020-05-15,72.70181680027588,74.52934407916516,72.66792527667609,74.48335266113281,166348400,0.0,0.0,75.10157623291016,0
2020-05-18,75.80498930633232,76.61103581678174,75.11512542110488,76.23826599121094,135178400,0.0,0.0,75.09915313720703,0
2020-05-19,76.25522871352638,77.10000541594032,75.76627615398213,75.79774475097656,101729600,0.0,0.0,75.18290863037109,0
2020-05-20,76.65460086911052,77.34204178986873,76.61587086677298,77.2718505859375,111504800,0.0,0.0,75.7435089111328,0
2020-05-21,77.13387754437865,77.67366726497515,76.4585365069764,76.69575500488281,102688800,0.0,0.0,76.09739379882812,0
2020-05-22,76.43432834001963,77.27185079219365,76.33266854723075,77.1895523071289,81803200,0.0,0.0,76.63863372802734,0
2020-05-26,78.3054252019707,78.48454498542678,76.6110265113562,76.66670227050781,125522000,0.0,0.0,76.72432098388671,0
2020-05-27,76.52388732434491,77.14596806852482,75.78560919845494,77.000732421875,112945200,0.0,0.0,76.96491851806641,0
2020-05-28,76.67637525704153,78.29089831885972,76.4004341829612,77.03462219238281,133560800,0.0,0.0,76.91747283935547,0
2020-05-29,77.27668877080987,77.73659554294788,76.60377068012559,76.9595947265625,153532400,0.0,0.0,76.97024078369141,0
2020-06-01,76.91359380175058,78.02705721931588,76.78288098389504,77.9060287475586,80791200,0.0,0.0,77.11353607177735,0
2020-06-02,77.6397816394303,78.29091555107586,77.1992361328535,78.26670837402344,87642800,0.0,0.0,77.43353729248047,0
2020-06-03,78.58622664893751,78.9589964979716,78.0149682866651,78.69757080078125,104491200,0.0,0.0,77.77290496826171,0
2020-06-04,78.52085794063949,78.81858326292213,77.64702850562604,78.0197982788086,87560400,0.0,0.0,77.96994018554688,0
2020-06-05,78.26910469189798,80.30238129398582,78.24005904410956,80.24186706542969,137250400,0.0,0.0,78.62639465332032,0
2020-06-08,79.93932296340279,80.75021537775042,79.23009773769596,80.71632385253906,95654400,0.0,0.0,79.1884536743164,0
2020-06-09,80.39681304328083,83.6573136410901,80.36534445233356,83.26518249511719,147712400,0.0,0.0,80.18814849853516,0
2020-06-10,84.21162466782144,85.87455499385788,83.77350211039672,85.40738677978516,166651600,0.0,0.0,81.53011169433594,0
2020-06-11,84.55290729433239,84.9765069301838,81.20526313670851,81.30692291259766,201662400,0.0,0.0,82.18753662109376,0
2020-06-12,83.44189186655679,84.18742419889422,80.90029328946143,82.0089111328125,200146000,0.0,0.0,82.54094543457032,0
2020-06-15,80.6654845616587,83.6742509001126,80.50330314287096,83.02311706542969,138808800,0.0,0.0,83.00230407714844,0
2020-06-16,85.07333742619001,85.49452156139306,83.44187587324252,85.2234115600586,165428800,0.0,0.0,83.39394989013672,0
2020-06-17,85.96652717235735,86.02704141186865,84.98377651365317,85.10480499267578,114406400,0.0,0.0,83.33343353271485,0
2020-06-18,85.06125001022909,85.55504835135272,84.53114459703605,85.13871002197266,96820400,0.0,0.0,84.09979095458985,0
2020-06-19,85.84309961565448,86.3078449275457,83.54597361995395,84.65217590332031,264476000,0.0,0.0,84.62844390869141,0
2020-06-22,85.04428539322777,87.00978658675993,84.99829398313842,86.86697387695312,135445200,0.0,0.0,85.3972152709961,0
2020-06-23,88.10872660527849,90.13716495464834,87.68996543764521,88.72113037109375,212155600,0.0,0.0,86.09675903320313,0
2020-06-24,88.35078354810454,89.26818142371512,86.78225190963218,87.15502166748047,192623200,0.0,0.0,86.50680236816406,0
2020-06-25,87.3099530977363,88.35079512662277,86.55231359048508,88.31206512451172,137522400,0.0,0.0,87.14147338867187,0
2020-06-26,88.20798383985682,88.42825657527817,85.45095132716905,85.5986099243164,205256800,0.0,0.0,87.3307601928711,0
2020-06-29,85.5066347136651,87.66578639039905,85.02978213117639,87.57138061523438,130646000,0.0,0.0,87.47164154052734,0
2020-06-30,87.15988171149978,88.58802392767775,87.14052040168764,88.3023910522461,140223200,0.0,0.0,87.38789367675781,0
2020-07-01,88.37986357552768,88.92206897093759,88.08697663107799,88.13538360595703,110737200,0.0,0.0,87.58396606445312,0
2020-07-02,89.04068194142937,89.67487019220228,88.02162389084378,88.13538360595703,114041600,0.0,0.0,87.54862976074219,0
2020-07-06,89.56109054157537,90.96017971455592,89.52962194946613,90.49301147460938,118655600,0.0,0.0,88.52751007080079,0
2020-07-07,90.87059148435713,91.64759214853022,90.10085223248505,90.21219635009766,112424400,0.0,0.0,89.05567321777343,0
2020-07-08,91.18770707353977,92.34473915860562,91.10056271828748,92.31327056884766,117092000,0.0,0.0,89.85784912109375,0
2020-07-09,93.20403412942578,93.2572869587544,91.66455533300416,92.71024322509766,125642800,0.0,0.0,90.77282104492187,0
2020-07-10,92.30600122922262,92.93051232943125,91.69602034280251,92.8724136352539,90257200,0.0,0.0,91.72022705078125,0
2020-07-13,94.1746987408597,96.7792345052281,92.23098126624099,92.4439926147461,191649200,0.0,0.0,92.1104232788086,0
2020-07-14,91.82674120591236,94.16501274371473,90.89482765300735,93.97379302978516,170989200,0.0,0.0,92.8627426147461,0
2020-07-15,95.84487140313816,96.09418977539168,93.42430181349536,94.62006378173828,153198000,0.0,0.0,93.32410125732422,0
2020-07-16,93.49451766571708,94.31024858615012,92.85790656415841,93.4557876586914,110577600,0.0,0.0,93.47321014404297,0
2020-07-17,93.90600938284572,94.06092201052024,92.79496133182224,93.26697540283203,92186800,0.0,0.0,93.5521224975586,0
2020-07-20,93.35411815070974,95.37044953138843,93.01039399095433,95.23247528076172,90318000,0.0,0.0,94.10981903076171,0
2020-07-21,96.02157397759412,96.09661104261261,93.6687800817764,93.91809844970703,103433200,0.0,0.0,94.09868011474609,0
2020-07-22,93.620364272229,94.86211761268852,93.53322731563136,94.18193817138672,89001600,0.0,0.0,94.01105499267578,0
2020-07-23,93.91566549865867,93.99312548879989,89.08663419834281,89.89510345458984,197004400,0.0,0.0,93.29891815185547,0
2020-07-24,88.09664593771886,90.01615612762265,86.31267968652797,89.67243194580078,185438800,0.0,0.0,92.58000946044922,0
2020-07-27,90.73264205708286,91.88967418415685,90.50995376100627,91.79769134521484,121214000,0.0,0.0,91.89305267333984,0
2020-07-28,91.36925259131361,91.54595685387366,90.28483461346657,90.28968048095703,103625600,0.0,0.0,91.16736907958985,0
2020-07-29,90.77137079362801,92.20435141750036,90.73506372270917,92.0203857421875,90329200,0.0,0.0,90.73505859375,0
2020-07-30,91.19496376791191,93.23792519284922,90.78830982976133,93.13384246826172,158130000,0.0,0.0,91.38280639648437,0
2020-07-31,99.61614896320704,103.03399293401982,97.62159407755033,102.88391876220703,374336800,0.0,0.0,94.02510375976563,0
2020-08-03,104.7622549635953,108.09053834247213,104.4645296144692,105.47632598876953,308151200,0.0,0.0,96.76083068847656,0
2020-08-04,105.6651273181697,107.26996618839969,104.94379489849536,106.18070983886719,173071600,0.0,0.0,99.9390365600586,0
2020-08-05,105.90236369757778,106.88511455690511,105.43761099297775,106.56559753417969,121776800,0.0,0.0,102.84807891845703,0
2020-08-06,106.8972095786005,110.77738293578851,106.30901285016994,110.28358459472656,202428800,0.0,0.0,106.27802734375,0
2020-08-07,109.80587577731004,110.26176460572711,106.98082882286342,107.77620697021484,198045600,0.205,0.001902089577680666,107.25648498535156,1
2020-08-10,109.21903076531765,110.35875275642206,106.69710077257369,109.34270477294922,212403600,0.0,0.0,108.0297607421875,0
2020-08-11,108.60794885006547,109.10505737675727,105.83139636601508,106.09086608886719,187902400,0.0,0.0,108.0117919921875,0
2020-08-12,107.17966637873178,109.87377217439806,106.98567459916234,109.61672973632812,165598000,0.0,0.0,108.62201843261718,0
2020-08-13,110.99408465160128,112.55817011651827,110.50667052619417,111.55667114257812,210082000,0.0,0.0,108.8766357421875,0
2020-08-14,111.38208013380518,111.54697388434195,109.65067355223327,111.4572525024414,165565200,0.0,0.0,109.61284484863282,0
2020-08-17,112.57756555807367,112.60181637912858,110.54062239475888,111.16625213623047,119561600,0.0,0.0,109.97755432128906,0
2020-08-18,110.91892299463439,112.51695384329368,110.58428087027461,112.09259033203125,105633600,0.0,0.0,111.17789916992187,0
2020-08-19,112.49998249055456,113.64455185030188,112.1386696245519,112.23323822021484,145538000,0.0,0.0,111.70120086669922,0
2020-08-20,112.27445537799255,114.837612647254,112.25747906222769,114.72364044189453,126907200,0.0,0.0,112.3345947265625,0
2020-08-21,115.68148161330981,121.1181872782855,115.66935990258521,120.63562774658203,338054800,0.0,0.0,114.17026977539062,0
2020-08-24,124.83317459173283,124.91805616382935,120.21610549023623,122.07845306396484,345937600,0.0,0.0,116.3527099609375,0
2020-08-25,120.95326822987052,121.42127865068156,119.35765773569334,121.07693481445312,211495600,0.0,0.0,118.14957885742187,0
2020-08-26,122.39127306939878,123.17937664467517,121.32672345710665,122.7234878540039,163022400,0.0,0.0,120.24762878417968,0
2020-08-27,123.32487721481381,123.65709200762272,120.11425938434616,121.25640869140625,155552400,0.0,0.0,121.55418243408204,0
2020-08-28,122.22880256231407,122.64589153107447,120.83689273182479,121.05998992919922,187630000,0.0,0.0,121.63905487060546,0
2020-08-31,123.74924435405829,127.06655257654671,122.21668415759454,125.16539764404297,225702700,0.0,0.0,122.25644378662109,0
2020-09-01,128.77368605712132,130.75244043183687,126.61064913629612,130.1510467529297,151948100,0.0,0.0,124.0712661743164,0
2020-09-02,133.45865195686625,133.8369410345014,123.1866360174791,127.45451354980469,200119000,0.0,0.0,125.01747131347656,0
2020-09-03,123.09936731503697,124.97140947448622,116.88183227033254,117.25041961669922,257599600,0.0,0.0,124.21627349853516,0
2020-09-04,116.46475733163177,119.98575966617278,107.56039728695785,117.32803344726562,332607200,0.0,0.0,123.46988220214844,0
2020-09-08,110.52850942019397,115.41717816603585,109.29664597406735,109.43244171142578,231366600,0.0,0.0,120.323291015625,0
2020-09-09,113.73912907477926,115.56267714207601,111.79918148817357,113.79732513427734,176940500,0.0,0.0,117.05254669189453,0
2020-09-10,116.74604363595516,116.88183937183103,109.12204920606632,110.08232116699219,182274400,0.0,0.0,113.57810821533204,0
2020-09-11,111.1298709484181,111.77005705290503,106.69709205627441,108.63703918457031,180860300,0.0,0.0,111.85543212890624,0
2020-09-14,111.27538137934282,112.44904864015743,109.41303369608222,111.89616394042969,140150100,0.0,0.0,110.76905822753906,0
2020-09-15,114.77697452888815,115.26196131479541,110.19869808587379,112.07074737548828,184642000,0.0,0.0,111.29671936035156,0
2020-09-16,111.77007759799923,112.51695412354394,108.67585899150183,108.76315307617188,154679000,0.0,0.0,110.28988494873047,0
2020-09-17,106.42549948987329,108.83102975873638,105.44582412860575,107.0268783569336,178011000,0.0,0.0,109.67879638671874,0
2020-09-18,107.08506846077829,107.55065156434694,102.90447793321525,103.6319580078125,287104900,0.0,0.0,108.67778015136719,0
2020-09-21,101.40106341982381,106.88141694986336,100.00429875934016,106.77471923828125,195713800,0.0,0.0,107.6534912109375,0
2020-09-22,109.29663089711133,109.47122644967507,105.8823269140235,108.45275115966797,183055400,0.0,0.0,106.92989196777344,0
2020-09-23,108.26844522282775,108.74373016788621,103.56406780634413,103.903564453125,150718700,0.0,0.0,105.95797424316406,0
2020-09-24,102.01212050333626,106.93958810787352,101.84722676940335,104.97054290771484,167743300,0.0,0.0,105.54670715332031,0
2020-09-25,105.1742189014069,109.0638144126492,104.43703702539038,108.90861511230469,149981400,0.0,0.0,106.60203857421875,0
2020-09-28,111.55667272467461,111.85736219121794,109.39362820642745,111.50817108154297,137672400,0.0,0.0,107.5487289428711,0
2020-09-29,111.11049343812664,111.84766814275456,110.1599159291002,110.66429901123047,99382200,0.0,0.0,107.9910385131836,0
2020-09-30,110.3733131547286,113.7391232285353,110.20841939441779,112.33265686035156,142675200,0.0,0.0,109.6768569946289,0
2020-10-01,114.10768678427674,114.18528644364022,112.35203704296524,113.28321075439453,116120400,0.0,0.0,111.33939056396484,0
2020-10-02,109.5003403977725,111.90587864952262,108.85045973551675,109.62643432617188,144712000,0.0,0.0,111.48295440673829,0
2020-10-05,110.48967965586358,113.14740484674029,110.1404886205297,113.00190734863281,106243800,0.0,0.0,111.78170166015624,0
2020-10-06,112.22594886007512,112.63334341918222,108.87954271233731,109.76222229003906,161498200,0.0,0.0,111.60128631591797,0
2020-10-07,111.17838574960963,112.08046156708008,110.70309331868141,111.62457275390625,96849000,0.0,0.0,111.45966949462891,0
2020-10-08,112.75942537460811,112.90492288741173,111.14926572678705,111.51786041259766,83477200,0.0,0.0,111.10659942626953,0
2020-10-09,111.81855175000258,113.48690747123634,111.46936067345082,113.45780944824219,100506900,0.0,0.0,111.8728744506836,0
2020-10-12,116.45502931013961,121.42129686008033,115.69845107798898,120.66471862792969,240226800,0.0,0.0,113.40543670654297,0
2020-10-13,121.50858655705257,121.62498605023444,116.05733979847938,117.46379852294922,262330500,0.0,0.0,114.945751953125,0
2020-10-14,117.36681956932418,119.33586502763562,116.028258506117,117.55111694335938,150712000,0.0,0.0,116.13106079101563,0
2020-10-15,115.15527990408137,117.56081055796655,114.60239518602361,117.08552551269531,112559200,0.0,0.0,117.24459381103516,0
2020-10-16,117.63840102761567,117.90029805270329,115.24256497002679,115.44625854492188,115393800,0.0,0.0,117.6422836303711,0
2020-10-19,116.35804996814461,116.8042370043639,112.18716729027952,112.49755859375,120639300,0.0,0.0,116.00885162353515,0
2020-10-20,112.71092747344602,115.40746025257594,112.15804282671203,113.98159790039062,124423700,0.0,0.0,115.31241149902344,0
2020-10-21,113.16680256328638,115.14554932303267,112.95340721660145,113.36080169677734,89946000,0.0,0.0,114.47434844970704,0
2020-10-22,113.92341222842757,114.49570058030427,111.14928675399084,112.27445983886719,101988000,0.0,0.0,113.5121353149414,0
2020-10-23,112.89521716371952,113.05041647874276,110.84857244879218,111.58575439453125,82572600,0.0,0.0,112.74003448486329,0
2020-10-26,110.58669317293085,113.05042702646372,109.49061825916863,111.59546661376953,111850700,0.0,0.0,112.55961608886719,0
2020-10-27,112.02224386138344,113.75849741390176,111.10077194371063,113.09891510009766,92276800,0.0,0.0,112.3830795288086,0
2020-10-28,111.5954574737689,111.9640447506843,107.76405759395712,107.86105346679688,143937800,0.0,0.0,111.2831298828125,0
2020-10-29,108.99594153712782,113.41901900582575,108.83104039265947,111.85736083984375,146129200,0.0,0.0,111.19971008300782,0
2020-10-30,107.72529388943157,108.62736986993451,104.48558476825079,105.59135437011719,190272600,0.0,0.0,110.000830078125,0
2020-11-02,105.83382320217856,107.35668150297613,104.09756951905206,105.5040283203125,122866900,0.0,0.0,108.7825424194336,0
2020-11-03,106.36730788899447,108.14235394209176,105.46523215040254,107.12388610839844,107624400,0.0,0.0,107.58753662109375,0
2020-11-04,110.71279021468385,112.11924902667879,108.97653651830575,111.49846649169922,138235500,0.0,0.0,108.31501922607421,0
2020-11-05,114.40838980980128,116.02825144019144,113.36082388514865,115.45596313476562,126387100,0.0,0.0,109.0347396850586,0
2020-11-06,114.96528648231298,115.82033327578648,112.83737692583377,115.32479858398438,114457900,0.205,0.0017775881901992687,110.98142852783204,1
2020-11-09,117.08345719402648,118.53120907039039,112.75963124213385,113.02197265625,154515300,0.0,0.0,112.48501739501953,0
2020-11-10,112.27382528066764,114.25597883957684,110.8940807658282,112.68191528320312,138023400,0.0,0.0,113.59662322998047,0
2020-11-11,113.86732041488949,116.23813418126791,113.13858512576901,116.10210418701172,112295000,0.0,0.0,114.51735076904296,0
2020-11-12,116.22842646880996,117.1126214574974,115.20819406878398,115.83004760742188,103162300,0.0,0.0,114.59216766357422,0
2020-11-13,116.05354364266076,116.27701834676313,114.52805783909481,115.87864685058594,81581900,0.0,0.0,114.70293731689453,0
2020-11-16,115.54828228699445,117.55959167779801,114.80011721095168,116.88916015625,91183000,0.0,0.0,115.47637481689453,0
2020-11-17,116.16041857776305,117.24865863043144,115.58714291023577,116.00495147705078,74271000,0.0,0.0,116.14098205566407,0
2020-11-18,115.24706694247119,116.42275908285534,114.65436159878705,114.68350982666016,76322100,0.0,0.0,115.85726318359374,0
2020-11-19,114.25597458875419,115.68429695756758,113.49809106564801,115.27620697021484,74113000,0.0,0.0,115.74649505615234,0
2020-11-20,115.27621337018954,115.40252482669361,113.96449124482857,114.01306915283203,73604300,0.0,0.0,115.37337951660156,0
2020-11-23,113.85760341347095,114.2851304944073,110.5248536828197,110.62201690673828,127959300,0.0,0.0,114.11995086669921,0
2020-11-24,110.68032441615657,112.56531474410036,109.39774313111327,111.90459442138672,113874200,0.0,0.0,113.29987945556641,0
2020-11-25,112.27380983588145,113.43978322932423,111.90457924459807,112.74019622802734,76499200,0.0,0.0,112.91121673583984,0
2020-11-27,113.26487208272518,114.15878539828435,112.92479717061865,113.2843017578125,46691300,0.0,0.0,112.51283569335938,0
2020-11-30,113.65355580646789,117.54014397849063,113.49808872130923,115.6745834350586,169410200,0.0,0.0,112.84513854980469,0
2020-12-01,117.57903133531022,119.96928259001577,116.60738412219025,119.24054718017578,127728200,0.0,0.0,114.56884460449218,0
2020-12-02,118.56037345602128,119.87210294466338,117.4624149241799,119.59032440185547,89004200,0.0,0.0,116.10599060058594,0
2020-12-03,120.0178419599632,120.27047227200518,118.74498667961886,119.45429229736328,78967600,0.0,0.0,117.44880981445313,0
2020-12-04,119.12392660773527,119.37655691588907,118.07454601670749,118.78385162353516,78260400,0.0,0.0,118.54871978759766,0
2020-12-07,118.84215122001115,121.03807568238211,118.78385476777048,120.24132537841797,86712000,0.0,0.0,119.46206817626953,0
2020-12-08,120.84375871454999,121.43646406909802,119.60004413555974,120.85346984863281,82225500,0.0,0.0,119.78465270996094,0
2020-12-09,120.99920839659741,122.37894545635208,117.5692954268489,118.32717895507812,115089200,0.0,0.0,119.53202362060547,0
2020-12-10,117.08347755039478,120.35793100204793,116.74340254220034,119.74578857421875,81312200,0.0,0.0,119.59032287597657,0
2020-12-11,118.95875310526962,119.27939842297663,117.13205925122674,118.93932342529297,86939800,0.0,0.0,119.62141723632813,0
2020-12-14,119.12392925566253,119.85266455789507,118.09398573402578,118.32717895507812,79184500,0.0,0.0,119.23858795166015,0
2020-12-15,120.81459511068267,124.27366377761385,120.61055011219938,124.25422668457031,157243700,0.0,0.0,119.91873931884766,0
2020-12-16,123.79757294273104,124.73034594931227,122.97166689471923,124.18622589111328,98208600,0.0,0.0,121.09054870605469,0
2020-12-17,125.24530607028412,125.90603381216341,124.40968896582861,125.05097961425781,94359800,0.0,0.0,122.1515869140625,0
2020-12-18,125.30360828671483,125.43963827870924,122.54412684965975,123.06881713867188,192541500,0.0,0.0,122.97748565673828,0
2020-12-21,121.4753279960592,124.67204812925546,119.94984220975749,124.59431457519531,121251600,0.0,0.0,124.23091278076171,0
2020-12-22,127.87844404273568,130.59905822032985,125.97400967057341,128.1407928466797,168904800,0.0,0.0,125.00822601318359,0
2020-12-23,128.41286824547294,128.67520225485305,127.07199067068275,127.24689483642578,88223700,0.0,0.0,125.6203598022461,0
2020-12-24,127.59676752200825,129.67609275341837,127.3830038679802,128.22833251953125,54930100,0.0,0.0,126.25583038330078,0
2020-12-28,130.1910087492954,133.44601785068772,129.72460743607215,132.814453125,124486200,0.0,0.0,128.2049575805664,0
2020-12-29,134.13588116304936,134.85489050709643,130.53106400488656,131.04603576660156,121047300,0.0,0.0,129.49530181884765,0
2020-12-30,131.73592955161843,132.13430846309575,129.61773093964035,129.9286651611328,96452100,0.0,0.0,129.85287628173828,0
2020-12-31,130.27842990655225,130.9197204767935,127.98534242224186,128.92784118652344,99116600,0.0,0.0,130.1890655517578,0
2021-01-04,129.73429883825594,129.8217435013824,123.16596368827079,125.74082946777344,143301900,0.0,0.0,129.69156494140626,0
2021-01-05,125.23559925815104,128.00479953709709,124.78863505032471,127.29548645019531,97664900,0.0,0.0,128.5877716064453,0
2021-01-06,124.09876065496377,127.3343470647896,122.79674977159817,123.01051330566406,155088000,0.0,0.0,126.98066711425781,0
2021-01-07,124.720639051932,127.89792964576662,124.23481543686934,127.20805358886719,109578200,0.0,0.0,126.4365447998047,0
2021-01-08,128.67524616951312,128.8695874924766,126.5376250523671,128.3060302734375,105158200,0.0,0.0,126.3121826171875,0
2021-01-11,125.527088604103,126.47929859092635,124.85664974689551,125.32303619384766,100384500,0.0,0.0,126.22862396240234,0
2021-01-12,124.85665810373773,126.01292057820679,123.26315737935117,125.14815521240234,91951100,0.0,0.0,125.79915771484374,0
2021-01-13,125.10929589304283,127.72302939531502,124.84696180760955,127.17890930175781,88636800,0.0,0.0,126.6328369140625,0
2021-01-14,127.09144788764522,127.28577434890036,125.1092794348303,125.25503540039062,90221800,0.0,0.0,126.24223327636719,0
2021-01-15,125.12871028033413,126.52788445335536,123.39917965706009,123.53520965576172,111598500,0.0,0.0,125.28806915283204,0
2021-01-19,124.15707263586324,125.06071220220736,123.34089258160077,124.20565795898438,90757300,0.0,0.0,125.06459350585938,0
2021-01-20,125.0121142129877,128.73352422939956,124.90523244341398,128.28656005859375,104319500,0.0,0.0,125.69227447509766,0
2021-01-21,130.00638521290585,135.7099489572785,129.80233279797613,132.9893341064453,120150900,0.0,0.0,126.85435943603515,0
2021-01-22,132.41603478545585,135.88482124174027,131.1917650617903,135.12693786621094,114459400,0.0,0.0,128.82873992919923,0
2021-01-25,139.01355380816258,140.97627022018892,132.6686847833474,138.8677978515625,157611700,0.0,0.0,131.89525756835937,0
2021-01-26,139.528555618627,140.20870575076052,137.36177150504042,139.1010284423828,98390600,0.0,0.0,134.87433166503905,0
2021-01-27,139.36325550175593,140.20859806961394,136.42889363870944,138.0321044921875,140843800,0.0,0.0,136.8234405517578,0
2021-01-28,135.5642045936499,137.96417406452278,132.82415271471342,133.20309448242188,142621100,0.0,0.0,136.86619262695314,0
2021-01-29,131.97883669271752,132.86303917443942,126.51818434944722,128.21856689453125,177523800,0.0,0.0,135.4845184326172,0
2021-02-01,129.95777399701672,131.54156320206033,127.2177225988055,130.3367156982422,106239800,0.0,0.0,133.77830200195314,0
2021-02-02,131.8816374338767,132.44519444855226,130.7933975854858,131.16262817382812,83305400,0.0,0.0,132.19062194824218,0
2021-02-03,131.91083115954507,131.9205571212181,129.82179541007085,130.14244079589844,89880900,0.0,0.0,130.61268920898436,0
2021-02-04,132.43547630144383,133.50427900274144,130.77395356806818,133.49456787109375,84183100,0.0,0.0,130.67098388671874,0
2021-02-05,133.65514858435046,133.72325779067754,132.20522578325316,133.0810089111328,75693800,0.205,0.0015404151326872818,131.64347229003906,1
2021-02-08,132.3706427004726,133.2756324021585,131.29050232328603,133.2269744873047,71297200,0.0,0.0,132.22152404785157,0
2021-02-09,132.94475664834664,134.17087067010365,132.1954812442837,132.35116577148438,76774200,0.0,0.0,132.4592315673828,0
2021-02-10,132.80855342312873,133.3048434386966,130.78450562896475,131.7478790283203,73046600,0.0,0.0,132.7803192138672,0
2021-02-11,132.24416393424985,132.72098784651604,130.17147291387968,131.49488830566406,64280000,0.0,0.0,132.38038330078126,0
2021-02-12,130.73585850968206,131.88410821935858,130.0936095966532,131.72840881347656,60145100,0.0,0.0,132.10986328125,0
2021-02-16,131.84518629017936,132.35118706954955,129.2178071626484,129.6070556640625,80576300,0.0,0.0,131.38587951660156,0
2021-02-17,127.7192867880388,128.6631943239758,125.98717117222641,127.3203125,97918500,0.0,0.0,130.37970886230468,0
2021-02-18,125.72441303259558,126.50289535830979,123.9825720066899,126.220703125,96856700,0.0,0.0,129.27427368164064,0
2021-02-19,126.7364377000899,127.19379548505816,125.3351725587671,126.37638092041016,87668800,0.0,0.0,128.25057220458984,0
2021-02-22,124.56640502266376,126.23041094448011,122.22124015432108,122.61048126220703,103916400,0.0,0.0,126.42698669433594,0
2021-02-23,120.43074421044315,123.30138352656303,115.20519947854247,122.47425079345703,158273000,0.0,0.0,125.00042572021485,0
2021-02-24,121.5790071569596,122.18232386351377,118.94190941685854,121.97797393798828,111039900,0.0,0.0,123.9319580078125,0
2021-02-25,121.32597453863157,123.05808944115938,117.29734557401017,117.73523712158203,148199500,0.0,0.0,122.2348648071289,0
2021-02-26,119.29220956982277,121.49141551253575,117.93960247752109,117.99799346923828,164560400,0.0,0.0,120.55918731689454,0
2021-03-01,120.42101187120407,124.48856634693102,119.4868376397081,124.35233306884766,116307900,0.0,0.0,120.90755767822266,0
2021-03-02,124.95564701355688,125.25730532990295,121.64710890595583,121.754150390625,102260900,0.0,0.0,120.76353759765625,0
2021-03-03,121.45248092660913,122.32827149061751,118.56237577745944,118.77645874023438,112966300,0.0,0.0,120.12323455810547,0
2021-03-04,118.47480719948628,120.27503892466773,115.42900990064756,116.89838409423828,178155000,0.0,0.0,119.95586395263672,0
2021-03-05,117.72552038212189,118.65969453198089,114.40724922583529,118.15367889404297,153766600,0.0,0.0,119.98700103759765,0
2021-03-08,117.67686731260757,117.74498394850409,113.08383865170997,113.22980499267578,154376600,0.0,0.0,117.76249542236329,0
2021-03-09,115.8279835568737,118.77647261328785,115.59444185391254,117.83256530761719,129525800,0.0,0.0,116.97817840576172,0
2021-03-10,118.4164400921035,118.88352353506721,116.23669261108125,116.75244140625,111943300,0.0,0.0,116.57337493896485,0
2021-03-11,119.24352964854275,119.89550407261814,117.99796435354652,118.67913055419922,103026500,0.0,0.0,116.92952423095703,0
2021-03-12,117.16112022904915,117.91040318694742,115.95447955662657,117.774169921875,88105100,0.0,0.0,116.85362243652344,0
2021-03-15,118.14392886591953,120.66425119420424,117.18055570857445,120.6545181274414,92403800,0.0,0.0,118.33856506347657,0
2021-03-16,122.3185244107628,123.7976388436934,121.36489168020047,122.19202423095703,115227900,0.0,0.0,119.21045684814453,0
2021-03-17,120.71293209328559,122.47423888090718,119.04892629520441,121.4038314819336,111932600,0.0,0.0,120.14073486328125,0
2021-03-18,119.57440947336566,119.86634216018179,117.08327826271949,117.28762817382812,121229700,0.0,0.0,119.86243438720703,0
2021-03-19,116.67458589773459,118.16342636251116,116.46050290360724,116.76216125488281,185549500,0.0,0.0,119.6600326538086,0
2021-03-22,117.0930131834112,120.5377847911862,117.024896545298,120.07069396972656,111912300,0.0,0.0,119.54326782226562,0
2021-03-23,120.0123099463268,120.89782623844285,118.8543196786337,119.24356079101562,95467100,0.0,0.0,118.95357513427734,0
2021-03-24,119.51601473844956,119.59386443754735,116.83999258124882,116.85945129394531,88530500,0.0,0.0,118.0446990966797,0
2021-03-25,116.32425877519718,118.38723138862223,115.79878440882977,117.34600830078125,98844700,0.0,0.0,118.0563751220703,0
2021-03-26,117.11249015232345,118.2120970271745,115.72095796469546,117.94935607910156,94071200,0.0,0.0,118.29381408691407,0
2021-03-29,118.37751194468804,119.28249444245718,117.48226251708941,118.12450408935547,80819200,0.0,0.0,117.90457611083984,0
2021-03-30,116.8789257121579,117.16112532326552,115.66255191815422,116.67457580566406,85671900,0.0,0.0,117.39077911376953,0
2021-03-31,118.37750228821312,120.19719278132602,117.89095275757859,118.86405181884766,118323800,0.0,0.0,117.79169921875,0
2021-04-01,120.33342627373456,120.83943448866229,119.19489479787379,119.69117736816406,75089100,0.0,0.0,118.26073303222657,0
2021-04-05,120.53777100210417,122.76616851425374,119.75928886344587,122.5131607055664,88651200,0.0,0.0,119.17349395751953,0
2021-04-06,123.09704186712644,123.71009165590245,122.26990907854241,122.8148422241211,80171300,0.0,0.0,120.11156158447265,0
2021-04-07,122.44505868103397,124.47883218903853,121.77361794195266,124.4593734741211,83466700,0.0,0.0,121.66852111816407,0
2021-04-08,125.48109929933943,126.88236408117511,125.06267390248307,126.8531723022461,88844600,0.0,0.0,123.26634521484375,0
2021-04-09,126.30823624511144,129.46106707973098,125.98711183634272,129.42214965820312,106686700,0.0,0.0,125.21253967285156,0
2021-04-12,128.95509937555343,129.2762238665418,127.11594263503031,127.70953369140625,91420000,0.0,0.0,126.25181427001954,0
2021-04-13,128.87724772998885,131.03752892907758,128.380957683949,130.81370544433594,91266500,0.0,0.0,127.8515869140625,0
2021-04-14,131.3099778007929,131.36836136344672,128.11821435701262,128.47825622558594,87222800,0.0,0.0,128.65536346435547,0
2021-04-15,130.22012045971883,131.36837019796266,130.04495491166549,130.88182067871094,89347100,0.0,0.0,129.46109313964843,0
2021-04-16,130.6871670710185,131.04720886250462,129.69460217348174,130.55093383789062,84922400,0.0,0.0,129.68684997558594,0
2021-04-19,129.91843832937323,131.82571884662076,129.75301328602865,131.21266174316406,94264200,0.0,0.0,130.3874755859375,0
2021-04-20,131.38784340823202,131.88411859918818,128.2641887932471,129.5292205810547,94812300,0.0,0.0,130.13057861328124,0
2021-04-21,128.7993896114448,130.15199668398512,127.76790700410929,129.90872192382812,68847100,0.0,0.0,130.4166717529297,0
2021-04-22,129.46105526749852,130.54119550814494,127.8749143516064,128.39065551757812,84566500,0.0,0.0,129.91843872070314,0
2021-04-23,128.60478264515086,131.48514771146148,128.60478264515086,130.70668029785156,78657500,0.0,0.0,129.9495880126953,0
2021-04-26,131.20294297565732,131.426751593288,129.9671030596472,131.0959014892578,66905100,0.0,0.0,129.92623596191407,0
2021-04-27,131.3781122600293,131.76736083305914,130.5023289552631,130.77479553222656,66015800,0.0,0.0,130.17535095214845,0
2021-04-28,130.69693041123548,131.3878372667235,129.50002274292763,129.986572265625,107760100,0.0,0.0,130.1909210205078,0
2021-04-29,132.79885429572334,133.38271977828063,128.88699119854815,129.8892822265625,151101000,0.0,0.0,130.4906463623047,0
2021-04-30,128.23500614148355,129.96712145874997,127.5441140528076,127.92362213134766,109839500,0.0,0.0,129.9340347290039,0
2021-05-03,128.48799878924353,130.46340362512916,128.28365629304724,128.97454833984375,75135100,0.0,0.0,129.5097640991211,0
2021-05-04,127.66086791309522,127.95280060042849,123.29164779323206,124.41071319580078,137564700,0.0,0.0,128.23694763183593,0
2021-05-05,125.72438402846821,126.9407577416854,124.5274764521898,124.65398406982422,84000900,0.0,0.0,127.17042999267578,0
2021-05-06,124.44964624226809,126.25961120491856,123.71008883004946,126.24988555908203,78128300,0.0,0.0,126.44255065917969,0
2021-05-07,127.54630313860244,127.9459401484153,126.21088280565189,126.9224624633789,78973300,0.22,0.0017333417247831673,126.24231872558593,1
2021-05-10,126.14265555263232,126.26936319427197,123.60829449035425,123.64728546142578,88071200,0.0,0.0,125.17686614990234,0
2021-05-11,120.38186984814409,123.08192956770212,119.67029762868589,122.73102569580078,126142800,0.0,0.0,124.84092864990234,0
2021-05-12,120.28438654552215,121.4930768252382,119.16342036759427,119.6702880859375,112172300,0.0,0.0,123.844189453125,0
2021-05-13,121.43459040557941,122.96495055227784,121.12267010296466,121.81474304199219,105861300,0.0,0.0,122.95716094970703,0
2021-05-14,123.06242504546209,124.66101753625983,122.67252280548946,124.23212432861328,81918000,0.0,0.0,122.41909332275391,0
2021-05-17,123.61804098125864,123.72526428981506,122.00969878967952,123.08192443847656,74244600,0.0,0.0,122.30602111816407,0
2021-05-18,123.36459396598383,123.78373756646234,121.62953683178752,121.69776916503906,63342900,0.0,0.0,122.09936981201172,0
2021-05-19,120.050447495282,121.76600548369002,119.75801895076617,121.54181671142578,92612000,0.0,0.0,122.47367553710937,0
2021-05-20,122.06817161997536,124.49530152830624,121.94144912599474,124.09564971923828,76857100,0.0,0.0,122.92985687255859,0
2021-05-21,124.59279439116175,124.76825004025154,122.04869119774337,122.26313781738281,79295400,0.0,0.0,122.5360595703125,0
2021-05-24,122.82849229292907,124.70976380781524,122.76025995557121,123.8909683227539,63092900,0.0,0.0,122.69786834716797,0
2021-05-25,124.59279971373591,125.08018314804377,123.13067172111496,123.69602966308594,72009500,0.0,0.0,123.09752044677734,0
2021-05-26,123.75450877268065,124.17365241574042,123.228141818366,123.64728546142578,56575900,0.0,0.0,123.51861419677735,0
2021-05-27,123.24762087836753,124.41732007226534,121.92195782567474,122.11690521240234,94625600,0.0,0.0,123.12286529541015,0
2021-05-28,122.3995899273286,122.6237861257757,121.40534630909178,121.46382904052734,71311100,0.0,0.0,122.96300354003907,0
2021-06-01,121.92197831860382,122.18515807859856,120.81076166659518,121.14217376708984,67637100,0.0,0.0,122.41324462890626,0
2021-06-02,121.14216813753484,122.07792909380578,120.91797935921073,121.90247344970703,59278900,0.0,0.0,122.05453338623047,0
2021-06-03,121.53206925104124,121.6977752920281,120.02120080570538,120.42085266113281,76229200,0.0,0.0,121.40924682617188,0
2021-06-04,120.93746915555829,122.97470451422886,120.72302254551224,122.71151733398438,75169300,0.0,0.0,121.52816925048828,0
2021-06-07,122.98444744531308,123.1306617200527,121.67828344764422,122.72126770019531,71057600,0.0,0.0,121.77965698242187,0
2021-06-08,123.40359727053726,125.21664395698274,123.02344459916287,123.5400619506836,74403800,0.0,0.0,122.25923461914063,0
2021-06-09,123.99820136642403,124.52456834027448,123.32562010482052,123.92021942138672,56877900,0.0,0.0,122.66278381347657,0
2021-06-10,123.81299241371467,124.95345787476269,122.7602659341765,122.92597198486328,71186400,0.0,0.0,123.16380767822265,0
2021-06-11,123.33536251537065,124.22239035571975,122.91621888119515,124.13465881347656,53522400,0.0,0.0,123.4484359741211,0
2021-06-14,124.59279446771667,127.24411353581664,123.86173050218788,127.18563079833984,96906500,0.0,0.0,124.34130859375,0
2021-06-15,126.65928038857137,127.30262029411195,126.1231638006209,126.36685180664062,62746300,0.0,0.0,124.9066665649414,0
2021-06-16,127.0783839579929,127.58525904482703,125.21661937439929,126.86393737792969,91815000,0.0,0.0,125.49541015625,0
2021-06-17,126.52279301183641,129.20336059736883,126.37657131032402,128.46253967285156,96721700,0.0,0.0,126.60272369384765,0
2021-06-18,127.40983331102534,128.1896229684165,126.95169870686416,127.16614532470703,108953300,0.0,0.0,127.20902099609376,0
2021-06-21,127.0101523182265,129.06687904605207,125.94767651117064,128.95965576171875,79663300,0.0,0.0,127.56382598876954,0
2021-06-22,128.79399242175575,130.69475593415476,128.2968593599112,130.59727478027344,74783600,0.0,0.0,128.4099105834961,0
2021-06-23,130.39256533356104,130.92868185123652,129.8661909803765,130.32432556152344,60214200,0.0,0.0,129.10198822021485,0
2021-06-24,131.05539194095186,131.240597184488,129.5737648661965,130.04165649414062,68711000,0.0,0.0,129.41781158447264,0
2021-06-25,130.09040620403312,130.50954241745376,129.4568084909208,129.74923706054688,70783700,0.0,0.0,129.93442993164064,0
2021-06-28,130.04166969629122,131.8352098315601,129.98318695524438,131.3770751953125,62111300,0.0,0.0,130.41791381835938,0
2021-06-29,131.3965550234282,133.0438880631515,130.9579196567259,132.88792419433594,64556100,0.0,0.0,130.87604370117188,0
2021-06-30,132.7319822442512,133.94068011687085,132.439553660315,133.50204467773438,63261400,0.0,0.0,131.51158752441407,0
2021-07-01,133.15111722207564,133.86268195374564,132.3323143115352,133.80419921875,52485800,0.0,0.0,132.26409606933595,0
2021-07-02,134.41829838230024,136.4652835854969,134.27209152787285,136.42630004882812,78852600,0.0,0.0,133.5995086669922,0
2021-07-06,136.53350195950557,139.53572463895688,136.53350195950557,138.43426513671875,108181800,0.0,0.0,135.01094665527344,0
2021-07-07,139.91586805219615,141.231788943126,139.05809657469072,140.9198760986328,104911600,0.0,0.0,136.61733703613282,0
2021-07-08,138.00536723887996,140.42274763655988,137.11833949517367,139.6234588623047,105575500,0.0,0.0,137.84161987304688,0
2021-07-09,139.14585831818513,141.972633378387,139.04837716154248,141.44627380371094,99890800,0.0,0.0,139.37003479003906,0
2021-07-12,142.51848639937432,142.62570970674338,140.364278087154,140.85165405273438,76299700,0.0,0.0,140.2551055908203,0
2021-07-13,140.39353920017592,143.73694652851253,140.00364432229037,141.962890625,100827100,0.0,0.0,140.96083068847656,0
2021-07-14,144.36076918149035,145.79365573228569,143.95136027537654,145.38424682617188,127050800,0.0,0.0,141.85370483398438,0
2021-07-15,145.47196100861444,146.21276700697837,143.37623575739534,144.73114013671875,106820300,0.0,0.0,142.8752410888672,0
2021-07-16,144.71166743629377,145.97883295333372,142.19680585690423,142.6939239501953,93251400,0.0,0.0,143.12477111816406,0
2021-07-19,140.1205738932986,140.43250161447835,138.09308832622733,138.8533935546875,121434600,0.0,0.0,142.7251190185547,0
2021-07-20,139.83789124908492,143.3859869898834,139.350515378791,142.4599609375,96350000,0.0,0.0,142.82453308105468,0
2021-07-21,141.85563485293181,142.44049190950972,140.97836414159778,141.72891235351562,74993500,0.0,0.0,142.09346618652344,0
2021-07-22,142.2552494146691,144.45818265344855,142.1285269484485,143.09353637695312,77338200,0.0,0.0,141.7659454345703,0
2021-07-23,143.82463382519293,144.96509166825837,143.210535419876,144.8091278076172,71447400,0.0,0.0,142.1889862060547,0
2021-07-26,144.5264642055409,146.04707474588002,143.97084849928373,145.22828674316406,72434100,0.0,0.0,143.46396484375,0
2021-07-27,145.35495793768627,145.44269688804633,141.8751023616409,143.06430053710938,104818600,0.0,0.0,143.58483276367187,0
2021-07-28,141.15382825419624,143.25929604709813,138.94113715127986,141.3195343017578,118931200,0.0,0.0,143.50295715332032,0
2021-07-29,141.03687913486968,142.84991857675627,140.92965581242072,141.962890625,56699500,0.0,0.0,143.27682800292968,0
2021-07-30,140.73467853831747,142.63544169374407,140.47149137109437,142.17730712890625,70440600,0.0,0.0,142.7504638671875,0
2021-08-02,142.6647202141764,143.23982039265098,141.58274477107045,141.84593200683594,62880000,0.0,0.0,142.07399291992186,0
2021-08-03,142.12855135709023,144.30224361135603,141.51445299043982,143.63941955566406,64786600,0.0,0.0,142.18901672363282,0
2021-08-04,143.55175020828588,144.05861060643986,142.58674024606307,143.2398223876953,56368300,0.0,0.0,142.5730743408203,0
2021-08-05,143.2690486927029,144.10733603044793,142.4795019309908,143.34703063964844,46397700,0.0,0.0,142.84990234375,0
2021-08-06,142.86869219057516,143.61060825982952,142.16581806356817,142.66368103027344,54126800,0.22,0.0015420883466010925,142.94717712402343,1
2021-08-09,142.72225212556916,143.21035833317768,142.05843483321482,142.6148681640625,48908700,0.0,0.0,143.10096435546876,0
2021-08-10,142.9565505100319,144.196344465899,141.84366893661831,142.13653564453125,69023100,0.0,0.0,142.80038757324218,0
2021-08-11,142.57581781429272,143.2298783064216,142.06818321748432,142.3903350830078,48493500,0.0,0.0,142.6304901123047,0
2021-08-12,142.71251102910742,145.50447943892834,142.3708306879483,145.34828186035156,72282600,0.0,0.0,143.0307403564453,0
2021-08-13,145.42635605950554,145.88517705910473,144.7430103885552,145.5532684326172,59375000,0.0,0.0,143.60865783691406,0
2021-08-16,145.00657783567002,147.59354953492934,142.98582599022765,147.52520751953125,103296000,0.0,0.0,144.59072570800782,0
2021-08-17,146.65636676617194,148.07187159409528,145.5434853619502,146.61732482910156,92229700,0.0,0.0,145.48688354492188,0
2021-08-18,146.2366215497856,147.13473517673972,142.67343732669485,142.87844848632812,86326000,0.0,0.0,145.58450622558593,0
2021-08-19,141.5800847276963,144.4794367790495,141.06269334170713,143.21035766601562,86960300,0.0,0.0,145.15692138671875,0
2021-08-20,143.9327728785443,144.96755574158394,143.288469055807,144.66493225097656,60549600,0.0,0.0,144.97925415039063,0
2021-08-23,144.78203658666285,146.6173203855108,144.3720292286724,146.14874267578125,60131800,0.0,0.0,144.70396118164064,0
2021-08-24,145.89492826143862,147.27139120779157,145.60206158624175,146.06088256835938,48606400,0.0,0.0,144.5926727294922,0
2021-08-25,146.24636116832204,146.74423897086186,144.28417982272728,144.8308563232422,58991300,0.0,0.0,144.983154296875,0
2021-08-26,144.82109417148567,145.57276688380205,144.00106455542348,144.0303497314453,48597200,0.0,0.0,145.14715270996095,0
2021-08-27,143.97178711441077,145.21158091727293,143.33725507209095,145.06515502929688,55802400,0.0,0.0,145.227197265625,0
2021-08-30,145.45564049048158,149.83883931473636,145.07491826892314,149.47763061523438,90956700,0.0,0.0,145.89297485351562,0
2021-08-31,149.0285807911714,149.16524992421503,147.6911597437249,148.21832275390625,86453100,0.0,0.0,146.324462890625,0
2021-09-01,149.1945515081308,151.2934023311897,148.71620204197066,148.8821563720703,80313700,0.0,0.0,147.1347229003906,0
2021-09-02,150.20980882981786,151.03959539227287,148.7747752992504,149.9950408935547,71115500,0.0,0.0,148.3276611328125,0
2021-09-03,150.10242979976638,150.95174481050074,149.4483692072004,150.6295928955078,57808700,0.0,0.0,149.4405487060547,0
2021-09-07,151.28363626481305,153.51915609845358,150.71743128739138,152.9627227783203,82278300,0.0,0.0,150.13756713867187,0
2021-09-08,153.2458466200328,153.3044169914946,150.31720888036796,151.4203338623047,74420200,0.0,0.0,150.77796936035156,0
2021-09-09,151.79123351222952,152.39648028234163,150.28785845020124,150.40501403808594,57305700,0.0,0.0,151.0825408935547,0
2021-09-10,151.31295236312005,151.7815302383176,145.16281002984172,145.4263916015625,140893200,0.0,0.0,150.16881103515624,0
2021-09-13,147.04688016056696,147.818081410703,145.21159606216116,145.99256896972656,102404300,0.0,0.0,149.24140625,0
2021-09-14,146.77353720711707,147.4764113119793,143.41536423851278,144.59657287597656,109296300,0.0,0.0,147.56817626953125,0
2021-09-15,145.02607290209997,145.8851443505808,142.88816593560387,145.48489379882812,83281300,0.0,0.0,146.38108825683594,0
2021-09-16,144.90896023332135,145.42635157507343,143.71798000246844,145.25062561035156,68034100,0.0,0.0,145.35021057128907,0
2021-09-17,145.27994241453277,145.27994241453277,142.29271983680104,142.58558654785156,129868800,0.0,0.0,144.78204956054688,0
2021-09-20,140.37933813407227,141.3945924183066,137.90952209387459,139.539794921875,123478900,0.0,0.0,143.49149475097656,0
2021-09-21,140.50620298279006,141.16027821011605,139.38356500550353,140.01809692382812,75834000,0.0,0.0,142.57579956054687,0
2021-09-22,141.01387841720836,142.94677480134484,140.28171911608493,142.38058471679688,76404300,0.0,0.0,141.95493774414064,0
2021-09-23,143.16153904107028,143.581318108749,142.1755699033987,143.33726501464844,64838200,0.0,0.0,141.572265625,0
2021-09-24,142.1950877231893,143.96202960944674,142.09746053449825,143.42510986328125,53477900,0.0,0.0,141.74017028808595,0
2021-09-27,142.00961449990794,142.48796392317834,140.39887004950094,141.9119873046875,74150700,0.0,0.0,142.21460876464843,0
2021-09-28,139.8424381686271,141.3067568929059,138.31954907870838,138.53431701660156,108972300,0.0,0.0,141.91785278320313,0
2021-09-29,139.08098176355122,141.013878143942,138.65144592439347,139.4324188232422,74602000,0.0,0.0,141.32821960449218,0
2021-09-30,140.24268621892764,140.9455603850025,137.91929578685694,138.13406372070312,89056700,0.0,0.0,140.28757934570314,0
2021-10-01,138.5245544569587,139.52029542569983,135.80092800506898,139.2567138671875,94639600,0.0,0.0,139.4539001464844,0
2021-10-04,138.38785651091933,138.82716398233575,134.98088496397907,135.83018493652344,98322000,0.0,0.0,138.23753967285157,0
2021-10-05,136.17183699568994,138.8564203851178,136.04492465061978,137.7532958984375,80861100,0.0,0.0,138.08133544921876,0
2021-10-06,136.15233067899587,138.76857249312508,135.07849119061893,138.6221466064453,83221100,0.0,0.0,137.91928100585938,0
2021-10-07,139.6569450430087,140.78935501402486,139.32503639848235,139.8814697265625,61732700,0.0,0.0,138.26876220703124,0
2021-10-08,140.60387247260306,140.75029837603776,139.16883903566588,139.50074768066406,58773200,0.0,0.0,138.31756896972655,0
2021-10-11,138.88573944232053,141.36531233280488,138.43667519346084,139.4128875732422,64452200,0.0,0.0,139.03410949707032,0
2021-10-12,139.82288519545196,139.84241361250955,137.68497785008697,138.143798828125,73035900,0.0,0.0,139.11221008300782,0
2021-10-13,137.88022678873125,138.0364094315763,135.88874541033104,137.55807495117188,78762700,0.0,0.0,138.89939575195314,0
2021-10-14,138.72954178771872,140.45744186952987,138.1438084019397,140.3402862548828,69907100,0.0,0.0,138.99115905761718,0
2021-10-15,140.35005282323274,141.45316264244676,140.0962280805495,141.39459228515625,67940300,0.0,0.0,139.36992797851562,0
2021-10-18,140.03762503249558,143.3469835092285,139.75453007307178,143.0638885498047,85589200,0.0,0.0,140.10012817382812,0
2021-10-19,143.51294222106137,145.62156403141842,143.0638929755576,145.2213134765625,76378900,0.0,0.0,141.51563110351563,0
2021-10-20,145.16278083703227,146.18780683574556,144.59657585778285,145.70945739746094,58418800,0.0,0.0,143.14590759277343,0
2021-10-21,145.2701339545865,146.08039186170322,144.35249211048287,145.9241943359375,61421000,0.0,0.0,144.26268920898437,0
2021-10-22,146.12922747617256,146.6075619891813,145.1042015405824,145.15301513671875,58883400,0.0,0.0,145.01437377929688,0
2021-10-25,145.14322894722775,145.8168177773373,144.10844635434742,145.10418701171875,50720600,0.0,0.0,145.42243347167968,0
2021-10-26,145.77776213009912,147.25183711393476,145.465367092144,145.76800537109375,60893400,0.0,0.0,145.53177185058593,0
2021-10-27,145.80703638063864,146.16823008237915,144.95773664051836,145.30917358398438,56094900,0.0,0.0,145.45171508789062,0
2021-10-28,146.25615073002083,149.5264533730465,146.15852353048365,148.94073486328125,100077900,0.0,0.0,146.05502319335938,0
2021-10-29,143.7179583128391,146.3732566337639,142.927228830471,146.23658752441406,124953200,0.0,0.0,146.27173767089843,0
2021-11-01,145.44591116098886,146.13901372017423,144.2842158593394,145.4166259765625,74588300,0.0,0.0,146.3342254638672,0
2021-11-02,145.12370582377017,147.96448683414823,145.11393416867705,146.45135498046875,69122000,0.0,0.0,146.47089538574218,0
2021-11-03,146.81257403590004,148.35499132920407,146.25614074482093,147.88641357421875,54511500,0.0,0.0,146.98634338378906,0
2021-11-04,147.9742807485948,148.80405236999567,147.05663868837075,147.36903381347656,60394600,0.0,0.0,146.67200317382813,0
2021-11-05,148.49331669815876,148.7963818494452,146.70423879606528,147.89695739746094,65463900,0.22,0.0014875221496867448,147.0040771484375,1
2021-11-08,148.02400784687248,148.18043333239365,146.8019617116547,147.07569885253906,55020900,0.0,0.0,147.3358917236328,0
2021-11-09,146.84106457930375,148.04355383183062,146.7041960051751,147.4374237060547,56787900,0.0,0.0,147.53310546875,0
2021-11-10,146.66511965093986,146.7726603269792,144.54364896685252,144.61207580566406,65187100,0.0,0.0,146.87823791503905,0
2021-11-11,145.62883774477925,146.0883134852804,144.37744845730748,144.56320190429688,41000000,0.0,0.0,146.31707153320312,0
2021-11-12,145.11067671997742,147.03662312152338,144.18192440007093,146.63580322265625,63804000,0.0,0.0,146.0648406982422,0
2021-11-15,147.00727451410145,148.48351596746593,146.08829332480207,146.6455535888672,59222800,0.0,0.0,145.97881164550782,0
2021-11-16,146.58689139053743,148.1022316953491,146.00030323462437,147.62318420410156,59256200,0.0,0.0,146.01596374511718,0
2021-11-17,147.62318884522813,151.53373689410836,147.61341784542643,150.05751037597656,88807000,0.0,0.0,147.10505065917968,0
2021-11-18,150.2726099643279,155.12168178008048,149.627365877677,154.33956909179688,137827700,0.0,0.0,149.0603240966797,0
2021-11-19,154.12449892543512,157.41914644005507,153.02955003283444,156.95965576171875,117305600,0.0,0.0,151.12509460449218,0
2021-11-22,158.06437288139423,161.99447854129045,157.3995867561447,157.4191436767578,117467900,0.0,0.0,153.27981262207032,0
2021-11-23,157.5168614506406,158.18166233731603,155.50293170970644,157.80038452148438,96041900,0.0,0.0,155.31525268554688,0
2021-11-24,157.1551823252834,158.5140974575523,156.07000441983408,158.31857299804688,69463600,0.0,0.0,156.96746520996095,0
2021-11-26,156.00155632601601,156.8618668141861,152.8633347292546,153.3032684326172,76959800,0.0,0.0,156.760205078125,0
2021-11-29,155.8060008585356,157.58530732404222,155.23896961955737,156.65655517578125,88748200,0.0,0.0,156.6995849609375,0
2021-11-30,156.41218795497596,161.81852071802552,156.34374618750323,161.6034393310547,174048100,0.0,0.0,157.53644409179688,0
2021-12-01,163.7346542506034,166.49159798116264,160.85062784337472,161.08526611328125,152052500,0.0,0.0,158.19342041015625,0
2021-12-02,155.1901268526862,160.52801734787488,154.27114554315142,160.0978546142578,136739200,0.0,0.0,158.54927673339844,0
2021-12-03,160.3520514474846,161.271032766341,156.14820866843903,158.22079467773438,118023100,0.0,0.0,159.53278198242188,0
2021-12-06,160.61599065605895,164.12571914002814,160.6062196554979,161.6229705810547,107497000,0.0,0.0,160.52606506347655,0
2021-12-07,165.29886939857903,167.74296195252498,164.5754126322905,167.35189819335938,120405400,0.0,0.0,161.6757568359375,0
2021-12-08,168.280661937793,172.02501344578044,166.8826332677211,171.16468811035156,116998900,0.0,0.0,163.69164123535157,0
2021-12-09,170.9984899495763,172.7973384356804,170.03062395661757,170.65631103515625,108923700,0.0,0.0,165.80333251953124,0
2021-12-10,171.29182418696914,175.61297891700764,170.78344865474102,175.43699645996094,115402700,0.0,0.0,169.24657287597657,0
2021-12-13,177.06961358561998,178.0570365302883,171.6046261840087,171.8099365234375,153237000,0.0,0.0,171.28396606445312,0
2021-12-14,171.33089709564845,173.76521877848376,168.35888695654498,170.4314727783203,139380400,0.0,0.0,171.8998809814453,0
2021-12-15,171.19402728468987,175.48585340924998,168.4566405154073,175.2903289794922,131063300,0.0,0.0,172.72500915527343,0
2021-12-16,175.27079308478832,177.08919884301145,166.9315491019716,168.40777587890625,150185800,0.0,0.0,172.27530212402343,0
2021-12-17,166.12987292514003,169.59071677301714,165.89524955752734,167.3128204345703,195432700,0.0,0.0,170.6504669189453,0
2021-12-20,164.51676029378936,166.76532847471316,163.71510567618958,165.95388793945312,107499100,0.0,0.0,169.47925720214843,0
2021-12-21,167.72340078083394,169.3267248588515,165.33796412188073,169.12142944335938,91185900,0.0,0.0,169.21724853515624,0
2021-12-22,169.1703411922784,171.92728536537462,168.30024464668514,171.7122039794922,92135300,0.0,0.0,168.50162353515626,0
2021-12-23,171.9174833311616,172.89512039322665,171.35045204505695,172.33786010742188,68356600,0.0,0.0,169.2876403808594,0
2021-12-27,173.1297226627458,176.38525547317582,173.11018066452525,176.29727172851562,74919600,0.0,0.0,171.08453063964845,0
2021-12-28,176.13111784462515,177.27495155456995,174.5375644683696,175.2805633544922,79144300,0.0,0.0,172.94986572265626,0
2021-12-29,175.31963018526795,176.59056116138325,174.15623986676752,175.36851501464844,62348900,0.0,0.0,174.19928283691405,0
2021-12-30,175.4565540145469,176.53196092937984,174.10740987004013,174.21495056152344,59773000,0.0,0.0,174.6998321533203,0
2021-12-31,174.1073747963206,175.22188041192248,173.29593427269404,173.59901428222656,64062300,0.0,0.0,174.95206298828126,0
2022-01-03,173.85321176039008,178.79028222604728,173.73590007898758,177.93972778320312,104487900,0.0,0.0,175.28055419921876,0
2022-01-04,178.54585013474667,178.84891521802436,175.11433471652768,175.68136596679688,99310400,0.0,0.0,175.3607147216797,0
2022-01-05,175.5934060632604,176.14088047095728,170.7345483186125,171.00828552246094,94537600,0.0,0.0,174.4886688232422,0
2022-01-06,168.83792269234627,171.3797850968752,167.80162976232634,168.15357971191406,96904000,0.0,0.0,173.27639465332032,0
2022-01-07,169.02367835082143,170.24572473108867,167.2052727402814,168.3197784423828,86709100,0.0,0.0,172.22054748535157,0
2022-01-10,165.29888813158135,168.64240533418686,164.40923476090865,168.33934020996094,106765600,0.0,0.0,170.30046997070312,0
2022-01-11,168.46641535499305,171.26244286002324,166.99995985190662,171.16468811035156,76138300,0.0,0.0,169.39713439941406,0
2022-01-12,172.1814317936139,173.21772467571947,170.91051556767007,171.60462951660156,74805200,0.0,0.0,169.5164031982422,0
2022-01-13,171.84905393496265,172.6702655459411,167.94827640647682,168.33934020996094,84505800,0.0,0.0,169.55355529785157,0
2022-01-14,167.50829300048528,169.89372928280528,167.26388378987963,169.19961547851562,80440800,0.0,0.0,169.72952270507812,0
2022-01-18,167.6745435442064,168.68150862321704,165.62151446360372,166.00279235839844,90956700,0.0,0.0,169.26221313476563,0
2022-01-19,166.1982840356235,167.2541337478389,162.22908034487583,162.51258850097656,94815000,0.0,0.0,167.53179321289062,0
2022-01-20,163.24586569234862,165.8854833139809,160.50847837757559,160.8311004638672,91420500,0.0,0.0,165.37708740234376,0
2022-01-21,160.74309086318223,162.61038131219433,158.67050497614542,158.77804565429688,122848900,0.0,0.0,163.46482849121094,0
2022-01-24,156.44149634340394,158.67050778679211,151.24045969712583,158.00570678710938,162294600,0.0,0.0,161.22604675292968,0
2022-01-25,155.4247355135648,159.1202024043847,153.5085752311325,156.20684814453125,115798400,0.0,0.0,159.26685791015626,0
2022-01-26,159.84366081362626,160.7137572085088,154.29068942101793,156.11886596679688,108275300,0.0,0.0,157.9881134033203,0
2022-01-27,158.8171416631375,160.1760566161972,154.74039680395836,155.6593780517578,121954600,0.0,0.0,156.95376892089843,0
2022-01-28,162.00422657695262,166.5404614570555,159.15929945417386,166.52090454101562,179935700,0.0,0.0,158.5023406982422,0
2022-01-31,166.35470576493188,171.0864649878099,165.7192328015865,170.8713836669922,115541600,0.0,0.0,161.07547607421876,0
2022-02-01,170.1186120178827,170.93005253238587,168.4566320719076,170.7052001953125,86213900,0.0,0.0,163.975146484375,0
2022-02-02,170.84209391826516,171.94682868403083,169.45385093947993,171.90771484375,84914300,0.0,0.0,167.13291625976564,0
2022-02-03,170.57810026310062,172.2987509371964,168.27087633720052,169.03343200683594,89418100,0.0,0.0,169.80772705078124,0
2022-02-04,168.05457472378333,170.4234840013588,167.07569202403184,168.7495880126953,82465400,0.22,0.0013037068865818448,170.2534637451172,1
2022-02-07,169.20967525085985,170.27665387927516,167.3400055860888,168.03501892089844,77251200,0.0,0.0,169.68619079589843,0
2022-02-08,168.1035342150904,171.6471000057892,167.80986639624405,171.13807678222656,74829200,0.0,0.0,169.77276611328125,0
2022-02-09,172.33228001362485,172.9196005956565,171.20655609241282,172.5574188232422,71285000,0.0,0.0,169.9027069091797,0
2022-02-10,170.462637822063,171.7743370940817,167.92733513885554,168.48529052734375,90865900,0.0,0.0,169.79307861328124,0
2022-02-11,168.690860750742,169.4250227899619,164.4914455219278,165.0787811279297,98670700,0.0,0.0,169.0589172363281,0
2022-02-14,163.83559821712237,165.9989356288058,163.04270559336564,165.313720703125,86185500,0.0,0.0,168.51465759277343,0
2022-02-15,167.35956986279012,169.29775335068365,166.65477315145358,169.14112854003906,62527400,0.0,0.0,168.11526794433593,0
2022-02-16,168.22097415914394,169.67949961629867,166.4589825612284,168.90618896484375,61177400,0.0,0.0,167.38502197265626,0
2022-02-17,167.41831260412283,168.2797341887302,164.91237519788157,165.313720703125,69589300,0.0,0.0,166.7507080078125,0
2022-02-18,166.23384762062662,166.93862933962222,162.68049906023276,163.76705932617188,82772700,0.0,0.0,166.48836364746094,0
2022-02-22,161.49605730830203,163.16995323151656,158.72581758393332,160.85000610351562,91162800,0.0,0.0,165.59562072753906,0
2022-02-23,162.04421705709984,162.64133603328534,156.37649344425944,156.6897430419922,90009200,0.0,0.0,163.1053436279297,0
2022-02-24,149.35790916683425,159.4110376690062,148.79015546543386,159.30335998535156,141147500,0.0,0.0,161.18477783203124,0
2022-02-25,160.38012393186045,161.6330924831591,157.47284137265066,161.36880493164062,91974200,0.0,0.0,160.3957946777344,0
2022-02-28,159.6166064975814,161.9267702066246,158.99990563300975,161.6331024169922,95056600,0.0,0.0,159.96900329589843,0
2022-03-01,161.2219862371019,163.08187242749526,158.54964050687724,159.753662109375,83474400,0.0,0.0,159.7497344970703,0
2022-03-02,160.91850544375748,163.82578787806702,159.50891214996344,163.0426788330078,79724800,0.0,0.0,161.02032165527345,0
2022-03-03,164.91236813214016,165.34307890598984,162.0540324670775,162.71966552734375,76678400,0.0,0.0,161.70358276367188,0
2022-03-04,161.01643666085187,162.05405003585454,158.67690737340956,159.72430419921875,83737200,0.0,0.0,161.3746826171875,0
2022-03-07,159.91026569329455,161.53521443024337,155.68148559760553,155.93600463867188,96418800,0.0,0.0,160.23526306152343,0
2022-03-08,155.46617371481233,159.44043549933374,152.50994347183405,154.1153106689453,131148300,0.0,0.0,159.1075927734375,0
2022-03-09,158.06996768709067,159.95921898709753,156.04368834876885,159.50892639160156,91454900,0.0,0.0,158.40084228515624,0
2022-03-10,156.81701649151432,157.00300660733848,152.6861300144377,155.17250061035156,105342000,0.0,0.0,156.89140930175782,0
2022-03-11,155.57381332247203,155.91642822664025,151.23737032666907,151.46250915527344,96970100,0.0,0.0,155.23905029296876,0
2022-03-14,148.25177493215907,150.86538982544317,146.9302923114544,147.43930053710938,108732100,0.0,0.0,153.53970947265626,0
2022-03-15,147.71337523300835,152.28477002224423,147.2043670461277,151.8148956298828,92964300,0.0,0.0,153.07962646484376,0
2022-03-16,153.73350876565036,156.62120932527256,151.19820652447248,156.21986389160156,102300200,0.0,0.0,152.42181396484375,0
2022-03-17,155.26060037752023,157.6001296550613,154.3012994227279,157.2281494140625,75615400,0.0,0.0,152.83294372558595,0
2022-03-18,157.1204572234023,161.00662274780382,156.38629519642316,160.51718139648438,123511700,0.0,0.0,154.6438781738281,0
2022-03-21,160.0570681157996,162.83710569668534,159.56762687828217,161.88758850097656,95811400,0.0,0.0,157.53353576660157,0
2022-03-22,162.01490516070922,165.84234092603705,161.42758437627373,165.25502014160156,81532000,0.0,0.0,160.2215606689453,0
2022-03-23,164.4424952526729,168.9942934206818,164.1096638130363,166.61561584472656,98062700,0.0,0.0,162.30071105957032,0
2022-03-24,167.44765777264146,170.46261801995993,166.61561651162776,170.39410400390625,90131400,0.0,0.0,164.93390197753905,0
2022-03-25,170.20810721060892,171.578536843318,169.10196511927478,171.03036499023438,80546200,0.0,0.0,167.03653869628906,0
2022-03-28,168.53422465828777,172.0190445148475,168.36781639958284,171.8917999267578,90371900,0.0,0.0,169.03738098144532,0
2022-03-29,172.95877935054617,175.22977935165113,172.6161644453855,175.18084716796875,100589400,0.0,0.0,171.02254638671874,0
2022-03-30,174.77948791199498,175.8171010585222,172.96854916161706,174.01596069335938,92633200,0.0,0.0,172.50261535644532,0
2022-03-31,174.0845012718467,174.27049138056105,170.7171422878286,170.92271423339844,103049300,0.0,0.0,172.60833740234375,0
2022-04-01,170.35492714540266,171.18698327855927,168.30906622272897,170.62901306152344,78751300,0.0,0.0,172.52806701660157,0
2022-04-04,170.8835878567689,174.72080687147195,170.7563283054037,174.67185974121094,76468400,0.0,0.0,173.08407897949218,0
2022-04-05,173.7516811601631,174.53479031608524,170.73672061862993,171.3632049560547,73401800,0.0,0.0,172.32055053710937,0
2022-04-06,168.72020734548278,169.963392443072,166.5373033062765,168.20140075683594,89058800,0.0,0.0,171.1576385498047,0
2022-04-07,167.5455515170426,169.69909027693134,166.26321768469555,168.50485229492188,77594700,0.0,0.0,170.67406616210937,0
2022-04-08,168.1524524173325,168.1524524173325,165.62693350816983,166.49813842773438,76575500,0.0,0.0,169.84789123535157,0
2022-04-11,165.1472853633742,165.46052001953282,162.0050657338506,162.24978637695312,72246700,0.0,0.0,167.3634765625,0
2022-04-12,164.47187468621496,166.28279871101802,163.12101178667447,164.11947631835938,79265200,0.0,0.0,165.91473083496095,0
2022-04-13,163.8551587010773,167.42807423573976,163.24825626550125,166.8015899658203,70618900,0.0,0.0,165.6347686767578,0
2022-04-14,167.0169298477089,167.653212444084,161.55476362429968,161.7994842529297,75329400,0.0,0.0,164.29369506835937,0
2022-04-18,160.45845861462905,163.08187215208477,160.1158586140106,161.5841827392578,69023900,0.0,0.0,163.31090393066407,0
2022-04-19,161.5352440651779,164.27611889634176,160.44868355818875,163.86497497558594,67723800,0.0,0.0,163.63394165039062,0
2022-04-20,165.19623667762264,165.31371275678185,162.59242008519655,163.69854736328125,67929800,0.0,0.0,163.549755859375,0
2022-04-21,165.3430936610523,167.90776176039836,162.40644532626558,162.90567016601562,87227800,0.0,0.0,162.77057189941405,0
2022-04-22,162.94480808191494,164.32502122927878,158.08954369720692,158.3734130859375,84882400,0.0,0.0,162.08535766601562,0
2022-04-25,157.71755627231695,159.72426854560663,155.113739965227,159.44039916992188,96046400,0.0,0.0,161.65660095214844,0
2022-04-26,158.82370741856425,158.91180327087787,153.41048764569481,153.48880004882812,95623200,0.0,0.0,159.58136596679688,0
2022-04-27,152.61762090114706,156.41567600749497,152.0988142121799,153.26368713378906,88063200,0.0,0.0,157.49439392089843,0
2022-04-28,155.88706244158715,161.04577820352466,155.57381282317428,160.18435668945312,130216800,0.0,0.0,156.95013122558595,0
2022-04-29,158.42235165998022,162.69028026576657,153.9292842451666,154.32083129882812,131747600,0.0,0.0,156.13961486816407,0
2022-05-02,153.40069487713816,154.88858563658798,150.0333364297974,154.62429809570312,123055300,0.0,0.0,155.1763946533203,0
2022-05-03,154.81029731534235,157.31624964341847,153.01895506893698,156.11221313476562,88966500,0.0,0.0,155.70107727050782,0
2022-05-04,156.29818841895514,162.964376768375,155.8968429541357,162.51409912109375,108256500,0.0,0.0,157.55115966796876,0
2022-05-05,160.38991736716943,160.61505617925764,151.6778534074066,153.4594268798828,130525300,0.0,0.0,156.2061737060547,0
2022-05-06,152.93987884779835,156.302387766656,151.14588956385867,154.1848907470703,116124600,0.23,0.0014917155558212196,156.17898559570312,1
2022-05-09,151.88112823098254,152.76342612282588,148.5088364921623,149.06761169433594,131577900,0.0,0.0,155.0676483154297,0
2022-05-10,152.4594939260044,153.65548649022554,149.92045170349726,151.4693603515625,115366700,0.0,0.0,154.13907775878906,0
2022-05-11,150.47928231405317,152.39090538432077,142.94061098912724,143.61703491210938,142689800,0.0,0.0,150.3596649169922,0
2022-05-12,139.96040581157675,143.3228989996902,136.06853101088905,139.75453186035156,182602000,0.0,0.0,147.61868591308593,0
2022-05-13,141.74459868206603,145.18553469561974,140.2937279042498,144.2150115966797,113990900,0.0,0.0,145.6247100830078,0
2022-05-16,142.68571610317943,144.616949555646,141.34266624082053,142.6759033203125,86643800,0.0,0.0,144.34636840820312,0
2022-05-17,145.9305738468132,146.8226694807634,143.7934664467187,146.3031005859375,78336300,0.0,0.0,143.31311645507813,0
2022-05-18,143.96011558077154,144.46007380411618,137.14687404841018,138.0487823486328,109742900,0.0,0.0,142.1994659423828,0
2022-05-19,137.1273056487035,138.87227582415818,133.91185397987616,134.6470947265625,136095600,0.0,0.0,141.177978515625,0
2022-05-20,136.3528669986982,137.9311846697821,130.00039004958086,134.88238525390625,137426100,0.0,0.0,139.31145324707032,0
2022-05-23,135.07840236616943,140.4407585737006,134.941158046499,140.29371643066406,117726300,0.0,0.0,138.83501586914062,0
2022-05-24,138.03899606760518,139.17617200488684,134.62748321427134,137.5978546142578,104132700,0.0,0.0,137.09396667480468,0
2022-05-25,135.70580258630076,138.99968110716551,135.61757730341805,137.7546844482422,92482700,0.0,0.0,137.03514709472657,0
2022-05-26,134.68626677474316,141.49949297179577,134.4411865880973,140.9505157470703,90601500,0.0,0.0,138.29583129882812,0
2022-05-27,142.5288570634857,146.73442720207444,142.40141055796454,146.69522094726562,90978500,0.0,0.0,140.6583984375,0
2022-05-31,146.1364342695409,147.69514080945274,143.9503080341332,145.91094970703125,103718400,0.0,0.0,141.78184509277344,0
2022-06-01,146.95009283292427,148.75389460714223,144.7737792988703,145.7835235595703,74286600,0.0,0.0,143.41897888183593,0
2022-06-02,144.9208398093746,148.2931460840145,143.96992734384497,148.2343292236328,72348100,0.0,0.0,145.51490783691406,0
2022-06-03,144.00911981753086,145.05807025566116,141.61714962601158,142.51904296875,88570300,0.0,0.0,145.82861328125,0
2022-06-06,144.13659949613532,145.64630225545608,142.04851092055418,143.2641143798828,71598400,0.0,0.0,145.14239196777345,0
2022-06-07,141.50932395629872,146.06781003090646,141.26424373812605,145.7835235595703,67808200,0.0,0.0,145.11690673828124,0
2022-06-08,145.6560576230458,146.92066479832334,144.5581031788664,145.0482635498047,53950200,0.0,0.0,144.96985473632813,0
2022-06-09,144.18560463111925,145.0384790561678,139.72514139394366,139.83297729492188,69473000,0.0,0.0,143.28958435058593,0
2022-06-10,137.51940103001422,137.98995082700978,134.36276684809005,134.431396484375,91437900,0.0,0.0,141.67205505371095,0
2022-06-13,130.2551910309264,132.53933978353803,128.85333977780914,129.28468322753906,122207100,0.0,0.0,138.87616882324218,0
2022-06-14,130.51014411570253,131.25518271689248,128.89260543359612,130.1474151611328,84784300,0.0,0.0,135.7489471435547,0
2022-06-15,131.64729675078482,134.63727870714717,129.55922325217023,132.76486206054688,91533000,0.0,0.0,133.29226684570312,0
2022-06-16,129.48079421494845,129.784691319241,126.50061011925011,127.50054168701172,108123900,0.0,0.0,130.8257797241211,0
2022-06-17,127.51033981148552,130.4611001773296,127.25544681769559,128.97100830078125,134520300,0.0,0.0,129.73370208740235,0
2022-06-21,130.7943992837295,134.36276639582726,130.6963761788774,133.19618225097656,81000500,0.0,0.0,130.51600189208983,0
2022-06-22,132.13743964836019,135.04899374439105,131.27476747959807,132.68643188476562,73409200,0.0,0.0,131.0238052368164,0
2022-06-23,134.12754853756152,135.86270622381755,132.9609639616573,135.54901123046875,72433800,0.0,0.0,131.58063507080078,0
2022-06-24,137.14692437830942,139.1173794844748,137.01949279922658,138.87229919433594,89116800,0.0,0.0,133.85498657226563,0
2022-06-27,139.89182661956758,140.66628871317417,138.19587520019041,138.87229919433594,70207900,0.0,0.0,135.83524475097656,0
2022-06-28,139.33304472180774,140.5976523771425,134.61770255675322,134.73533630371094,67083400,0.0,0.0,136.14307556152343,0
2022-06-29,134.75493953918553,137.90176176618252,133.9804775247322,136.49009704589844,66242400,0.0,0.0,136.90380859375,0
2022-06-30,134.5490335635321,135.64698810352084,131.1375212724895,134.0294647216797,98964500,0.0,0.0,136.5998992919922,0
2022-07-01,133.36285690870372,136.3038197907336,132.9903451154339,136.19598388671875,71051600,0.0,0.0,136.06463623046875,0
2022-07-05,135.05886569794814,138.82329578865296,134.23538446181263,138.77427673339844,73353800,0.0,0.0,136.04503173828124,0
2022-07-06,138.5683715462856,141.28384979355582,138.30368070277723,140.1074676513672,74064300,0.0,0.0,137.1194580078125,0
2022-07-07,140.4701612232241,143.66601661315485,140.46036340026106,143.46995544433594,66253700,0.0,0.0,138.5154296875,0
2022-07-08,142.40140757015126,144.64635079248632,142.1465295229667,144.14637756347656,64547800,0.0,0.0,140.53881225585937,0
2022-07-11,142.80334848304327,143.7542609845207,140.95054251842944,142.0190887451172,63141600,0.0,0.0,141.70343322753905,0
2022-07-12,142.89158593841137,145.52865186539117,142.19556639366533,142.9896240234375,77588800,0.0,0.0,142.54650268554687,0
2022-07-13,140.17608985764943,143.56799177024092,139.3232005090592,142.62689208984375,71185600,0.0,0.0,143.05038757324218,0
2022-07-14,141.24465485515523,146.01881345268225,140.43098661066193,145.5482635498047,78140700,0.0,0.0,143.46604919433594,0
2022-07-15,146.83244295612025,147.89119117713278,145.28353435270415,147.2147674560547,76259900,0.0,0.0,144.07972717285156,0
2022-07-18,147.77355664160174,148.58722466683977,143.81305239727462,144.17578125,81420900,0.0,0.0,144.5110656738281,0
2022-07-19,145.0090674390563,148.25392726287154,144.01894870347078,148.02845764160156,82982400,0.0,0.0,145.51883239746093,0
2022-07-20,148.14609070693865,150.6949310490213,147.41085002655058,150.02830505371094,64823400,0.0,0.0,146.99911499023438,0
2022-07-21,151.45958316742,152.50853373902038,148.94996398855773,152.29286193847656,65086600,0.0,0.0,148.34803466796876,0
2022-07-22,152.33206789895848,153.20455292364784,150.3910366563313,151.05764770507812,66675400,0.0,0.0,149.11661071777343,0
2022-07-25,150.97920113195147,151.9889303599999,149.28325033510924,149.9400634765625,53623900,0.0,0.0,150.26946716308595,0
2022-07-26,149.2636538636445,150.07732200029463,147.83239373585778,148.6166534423828,55138700,0.0,0.0,150.3871063232422,0
2022-07-27,149.5773707705413,154.2338952339947,149.1656377708993,153.7045135498047,78620700,0.0,0.0,151.12234802246093,0
2022-07-28,153.89075014754778,154.53776544520662,151.37133354934207,154.25347900390625,81378700,0.0,0.0,151.51447143554688,0
2022-07-29,158.06695385906744,160.40992030893383,156.36119003723385,159.31195068359375,101786900,0.0,0.0,153.16533203125,0
2022-08-01,157.84145882480365,160.3706884793457,157.72382510643268,158.3316192626953,67829400,0.0,0.0,154.84364318847656,0
2022-08-02,156.94935473605096,159.21389322725332,156.4886027966237,156.86111450195312,59907000,0.0,0.0,156.49253540039064,0
2022-08-03,157.67481177613547,163.311657015849,157.58658648416494,162.8607177734375,82507500,0.0,0.0,158.3237762451172,0
2022-08-04,162.7430582477967,163.89984462441896,161.19414951620604,162.5469970703125,55474100,0.0,0.0,159.98247985839845,0
2022-08-05,160.22044287042655,162.81208464474912,160.0142829089203,162.3212432861328,56697000,0.23,0.0014169433115699221,160.58433837890624,1
2022-08-08,163.32256080452132,164.73618641729826,161.19231095001098,161.85003662109375,60276900,0.0,0.0,161.28802185058595,0
2022-08-09,161.01557009848563,162.78260161908204,160.2596703687026,161.89907836914062,63135500,0.0,0.0,162.29561462402344,0
2022-08-10,164.60854654925055,166.23814341245296,163.8428352480907,166.13998413085938,70170500,0.0,0.0,162.95146789550782,0
2022-08-11,166.9449356294848,167.85790820975464,165.10919401506573,165.40370178222656,57149200,0.0,0.0,163.52280883789064,0
2022-08-12,166.70933581222894,169.01628078921996,166.29701596444957,168.94757080078125,68039400,0.0,0.0,164.84807434082032,0
2022-08-15,168.37821564106778,170.21395743937939,168.21133138479297,170.0176239013672,54091700,0.0,0.0,166.481591796875,0
2022-08-16,169.61514449782814,170.52811724537264,168.51566461022102,169.86056518554688,56377100,0.0,0.0,168.07388916015626,0
2022-08-17,169.6053281206725,172.9234055360259,169.40899457207655,171.35272216796875,79542000,0.0,0.0,169.11643676757814,0
2022-08-18,170.56737014082248,171.69629926083016,169.9489052427666,170.9600372314453,62290100,0.0,0.0,170.2277038574219,0
2022-08-19,169.86049350507304,170.5574945549501,168.17199868776328,168.37815856933594,70346300,0.0,0.0,170.11382141113282,0
2022-08-22,166.58174239756778,166.74862666169574,164.07844847706937,164.50057983398438,69026800,0.0,0.0,169.01041259765626,0
2022-08-23,164.0195474098714,165.61969500518398,163.597416059393,164.1667938232422,54147100,0.0,0.0,167.8716583251953,0
2022-08-24,164.25514348994625,165.03066617037743,163.2047358944321,164.46128845214844,53841500,0.0,0.0,166.49337158203124,0
2022-08-25,165.688378388784,167.02346724627097,165.2662620854037,166.9154815673828,51218200,0.0,0.0,165.68446044921876,0
2022-08-26,167.44560000363606,167.91680343416758,160.56399573070382,160.62289428710938,78961000,0.0,0.0,164.13340759277344,0
2022-08-29,158.19815240165843,159.91609703205498,156.89252766433086,158.4239501953125,73314000,0.0,0.0,162.91808166503907,0
2022-08-30,159.16022613846985,159.58234252318653,154.83100169515882,155.99920654296875,77906200,0.0,0.0,161.28456420898436,0
2022-08-31,157.37356030730842,157.63861884578063,154.26162776653078,154.3401641845703,87991100,0.0,0.0,159.26033935546874,0
2022-09-01,153.77076113952282,155.5181549609377,151.83684522830168,155.06658935546875,74229900,0.0,0.0,156.89056091308595,0
2022-09-02,156.82379496598037,157.42262194968552,152.13135334781393,152.95596313476562,76957800,0.0,0.0,155.3571746826172,0
2022-09-06,153.60386838160778,154.21250676362826,150.8747921160952,151.69940185546875,73714800,0.0,0.0,154.01226501464845,0
2022-09-07,151.98409298992328,153.80019664109167,150.7962505650505,153.10321044921875,87449600,0.0,0.0,153.43306579589844,0
2022-09-08,151.8074024718103,153.49589780674214,149.88329791132227,151.63070678710938,84923800,0.0,0.0,152.89117431640625,0
2022-09-09,152.62220516793604,154.92916542303703,151.91539245059826,154.48739624023438,68028800,0.0,0.0,152.77533569335938,0
2022-09-12,156.66672837890903,161.25118449428555,156.38204700518378,160.43638610839844,104956000,0.0,0.0,154.27142028808595,0
2022-09-13,156.97102730327344,157.5993035102858,150.5606417135221,151.02203369140625,122656600,0.0,0.0,154.13594665527344,0
2022-09-14,151.95463927472932,154.22233860679495,150.79626102566698,152.46511840820312,87965400,0.0,0.0,154.00832824707032,0
2022-09-15,151.81719923234522,152.39640331677907,148.6071081028978,149.57896423339844,90481100,0.0,0.0,153.5979797363281,0
2022-09-16,148.4402429431555,148.57767791761873,145.6522527794473,147.9395751953125,162278800,0.0,0.0,152.28841552734374,0
2022-09-19,146.57501740526791,151.7288507316376,146.36887246061372,151.6503143310547,81474200,0.0,0.0,150.531201171875,0
2022-09-20,150.59012663818945,155.18440966019696,150.27599594996536,154.02601623535156,107689800,0.0,0.0,151.13199768066406,0
2022-09-21,154.45790609581144,155.83227045116655,150.78642348575858,150.9042205810547,101696800,0.0,0.0,150.81981811523437,0
2022-09-22,149.58880860884872,151.64052177438083,148.14573389948876,149.9422149658203,86652500,0.0,0.0,150.89246826171876,0
2022-09-23,148.42058784002563,148.6954577569954,145.83875792782328,147.67449951171875,96029900,0.0,0.0,150.839453125,0
2022-09-26,146.91863241520423,150.95334879982894,146.89899456754617,148.00830078125,93339400,0.0,0.0,150.11105041503907,0
2022-09-27,149.9422080635759,151.88593544780034,147.20330517830297,148.9801483154297,84442700,0.0,0.0,149.10187683105468,0
2022-09-28,144.935652935065,147.88070143548975,142.18693800547697,147.09535217285156,146691400,0.0,0.0,148.34010314941406,0
2022-09-29,143.42383363893248,144.03247205665744,138.1031007730531,139.87013244628906,128138200,0.0,0.0,146.3256866455078,0
2022-09-30,138.69208635531004,140.47875548865403,135.47216932618974,135.6685028076172,124925300,0.0,0.0,143.9244873046875,0
2022-10-03,135.67835835777296,140.44933637961338,135.1678792129988,139.84068298339844,114311700,0.0,0.0,142.29096374511718,0
2022-10-04,142.37340544784647,143.541609967603,141.61750576224773,143.42381286621094,87830100,0.0,0.0,141.17969665527343,0
2022-10-05,141.43100052371705,144.6803670999918,140.39040452379436,143.7183074951172,79471000,0.0,0.0,140.50428771972656,0
2022-10-06,143.13914221609966,144.83744897574383,142.55995305808347,142.76609802246094,68402200,0.0,0.0,141.08348083496094,0
2022-10-07,139.9290453992253,140.47880029356153,136.8956494527264,137.52392578125,85925600,0.0,0.0,141.4545654296875,0
2022-10-10,137.8478546142578,139.2909290851068,136.0317509799681,137.8478546142578,74899000,0.0,0.0,141.05599975585938,0
2022-10-11,137.33738075448184,138.76083241469453,135.68816128454225,136.43423461914062,77033700,0.0,0.0,139.6580841064453,0
2022-10-12,136.58150689181417,137.78897231294513,135.62927355780315,135.80596923828125,70433700,0.0,0.0,138.07561645507812,0
2022-10-13,132.5173428390662,140.9598044199806,131.90868942611982,140.3708038330078,113224000,0.0,0.0,137.5965576171875,0
2022-10-14,141.66658426591152,141.87274416009623,135.6586927916983,135.84521484375,88598000,0.0,0.0,137.2608154296875,0
2022-10-17,138.4860163809064,140.28248293840198,137.70066705093944,139.8014678955078,85250900,0.0,0.0,137.6515380859375,0
2022-10-18,142.825015544548,144.0128431743189,138.03439937209953,141.11688232421875,99136600,0.0,0.0,138.58806762695312,0
2022-10-19,139.09461918905455,142.29489928414645,138.90809708603376,141.22486877441406,61758300,0.0,0.0,139.67184753417968,0
2022-10-20,140.40025572638473,143.21768011702426,140.0370229627389,140.7634735107422,64522000,0.0,0.0,139.75038146972656,0
2022-10-21,140.2530052619691,145.14179598739213,140.03703386545854,144.57241821289062,86548600,0.0,0.0,141.49582214355468,0
2022-10-24,144.49385104011358,147.47815927955588,143.32564645655586,146.7124481201172,75981900,0.0,0.0,142.87801818847657,0
2022-10-25,147.34075911907576,149.6968066869272,146.62413491177585,149.54954528808594,74732300,0.0,0.0,144.56455078125,0
2022-10-26,148.19482861119383,149.2059606049606,145.32830191392304,146.61431884765625,88194300,0.0,0.0,145.64244079589844,0
2022-10-27,145.35771914522275,146.31976369631963,141.48988811948774,142.14761352539062,109180200,0.0,0.0,145.9192687988281,0
2022-10-28,145.4853431294892,154.61499335183578,145.11231396636444,152.88723754882812,164762400,0.0,0.0,147.5822326660156,0
2022-10-31,150.35452378899333,151.41474288743174,149.13723186575905,150.53121948242188,97943200,0.0,0.0,148.34598693847656,0
2022-11-01,152.2393339638939,152.60255171953904,146.3983256985316,147.89047241210938,80379300,0.0,0.0,148.01417236328126,0
2022-11-02,146.22162239502856,149.3826416112209,142.34397906464244,142.37342834472656,93604600,0.0,0.0,147.1659942626953,0
2022-11-03,139.45781809061094,140.18426855678922,136.20845130657773,136.33607482910156,97918500,0.0,0.0,146.0036865234375,0
2022-11-04,139.71866273149064,140.28898493787645,132.1373429796548,136.07058715820312,140814800,0.23,0.0016902991660687802,142.6403564453125,1
2022-11-07,134.82178704829124,136.8277351131925,133.40581664759068,136.60157775878906,83374600,0.0,0.0,139.85442810058595,0
2022-11-08,138.06670690734794,139.06967336647747,135.19544046730184,137.17189025878906,89908500,0.0,0.0,137.71071166992186,0
2022-11-09,136.18854844074562,136.23771698252543,132.34379953720284,132.61912536621094,74917800,0.0,0.0,135.75985107421874,0
2022-11-10,138.88285345399055,144.41888427734375,137.17188688278108,144.41888427734375,118854000,0.0,0.0,137.37641296386718,0
2022-11-11,143.38640864839942,147.5064688885728,141.96059578034578,147.20164489746094,93979700,0.0,0.0,139.60262451171874,0
2022-11-14,146.4838305708861,147.77196548965426,144.9695233350431,145.8053436279297,73374100,0.0,0.0,141.44337768554686,0
2022-11-15,149.67962155098414,151.02675299903876,146.0806992107757,147.53599548339844,89868300,0.0,0.0,143.51619873046874,0
2022-11-16,146.64120672406102,147.36884742264508,144.831902680013,146.30686950683594,64218300,0.0,0.0,146.25374755859374,0
2022-11-17,143.98623783804743,148.95196191687904,143.71091192910288,148.20465087890625,80389400,0.0,0.0,147.01090087890626,0
2022-11-18,149.76811828911318,150.15160903599656,147.46717380781297,148.76513671875,74829600,0.0,0.0,147.32359924316407,0
2022-11-21,147.65399909356225,147.8604860232478,145.2547175972566,145.5398712158203,58724100,0.0,0.0,147.2705047607422,0
2022-11-22,145.65786938764137,147.9096450709946,144.47788413446048,147.67364501953125,51804100,0.0,0.0,147.29803466796875,0
2022-11-23,146.95583870512687,149.29612388958984,146.84767388557262,148.54881286621094,58301400,0.0,0.0,147.74642333984374,0
2022-11-25,145.8348580598712,146.3953525551104,144.66471552066162,145.63819885253906,35195900,0.0,0.0,147.2331329345703,0
2022-11-28,142.717800718595,144.192767660707,140.98717824134044,141.8131561279297,69246000,0.0,0.0,145.84273681640624,0
2022-11-29,141.8819517027843,142.39327767480953,138.007718580844,138.81402587890625,83763800,0.0,0.0,144.49756774902343,0
2022-11-30,139.04016787618127,146.23801151936658,138.20436253781247,145.5595245361328,111380900,0.0,0.0,144.07474365234376,0
2022-12-01,145.73651677852905,146.6411610165093,144.16321331865586,145.8348388671875,71250400,0.0,0.0,143.53194885253907,0
2022-12-02,143.5240993516398,145.53004745802465,143.2192602974079,145.3432159423828,65447400,0.0,0.0,143.47295227050782,0
2022-12-05,145.3038811249747,148.4013049961633,143.33725898348703,144.1829071044922,68826400,0.0,0.0,143.9469024658203,0
2022-12-06,144.61555599946504,144.84171332835018,139.55149534602168,140.5249786376953,64727200,0.0,0.0,144.28909301757812,0
2022-12-07,139.8170142991394,140.97731424983792,137.66356048798676,138.58787536621094,69721100,0.0,0.0,142.89476318359374,0
2022-12-08,139.98417924727298,141.12482380942538,138.7452125702619,140.2693328857422,62128300,0.0,0.0,141.7816619873047,0
2022-12-09,139.96449489513216,143.14060047218985,138.54852454565471,139.78750610351562,76097000,0.0,0.0,140.67052001953124,0
2022-12-12,140.3184631007223,142.08842573001988,138.70583381716978,142.07859802246094,70462700,0.0,0.0,140.249658203125,0
2022-12-13,147.00504073940357,147.46719825510277,141.8328286540092,143.04229736328125,93886200,0.0,0.0,140.75312194824218,0
2022-12-14,142.9242927483946,144.2124280542218,138.80421630941913,140.82000732421875,82291200,0.0,0.0,141.19954833984374,0
2022-12-15,138.75505030022137,139.43353745953314,133.7598273780729,134.22198486328125,98931900,0.0,0.0,139.99007873535157,0
2022-12-16,134.4088086870883,135.35277902524194,131.4982009688156,132.2651824951172,160156900,0.0,0.0,138.48561401367186,0
2022-12-19,132.8551509782634,132.94364536804903,129.12840885731634,130.16087341308594,79592600,0.0,0.0,136.10206909179686,0
2022-12-20,129.19725476241064,131.02621414919912,127.72228799900502,130.09207153320312,77432800,0.0,0.0,133.51202392578125,0
2022-12-21,130.76070405901197,134.52678732015247,130.5345467103143,133.18948364257812,85928000,0.0,0.0,131.9859191894531,0
2022-12-22,132.10786913644063,132.31435609146064,128.12545567267372,130.0232391357422,77852100,0.0,0.0,131.14617004394532,0
2022-12-23,128.7350936895975,130.21006041152802,127.47645662054781,129.65940856933594,63814900,0.0,0.0,130.62501525878906,0
2022-12-27,129.1873847112601,129.21688283652927,126.5717742404217,127.85990905761719,69007800,0.0,0.0,130.16482238769532,0
2022-12-28,127.50592408651033,128.84322752624018,123.76934712426143,123.93650817871094,85438400,0.0,0.0,128.93370971679687,0
2022-12-29,125.8539861302219,128.30242867918332,125.5983306446105,127.44695281982422,75703700,0.0,0.0,127.78520355224609,0
2022-12-30,126.26698223669045,127.78127473228464,125.30333405560762,127.76160430908203,77034200,0.0,0.0,127.33287658691407,0
2023-01-03,128.10576142344397,128.71540946850325,122.09773035328112,122.98271179199219,112117500,0.0,0.0,125.9975372314453,0
2023-01-04,124.77234386397704,126.51280869797894,122.99255318811515,124.25119018554688,89113600,0.0,0.0,125.27579345703126,0
2023-01-05,125.00832719533365,125.63764564758301,122.67788488068354,122.93354034423828,80962700,0.0,0.0,125.07519989013672,0
2023-01-06,123.90701107409377,128.11557310740474,122.80570014344461,127.45675659179688,87754700,0.0,0.0,125.07716064453125,0
2023-01-09,128.29257960577254,131.18351617146814,127.72225745979352,127.97791290283203,70790800,0.0,0.0,125.12042236328125,0
2023-01-10,128.08609090104719,129.06940194282927,125.98180587179891,128.54824829101562,63896200,0.0,0.0,126.23352966308593,0
2023-01-11,129.0595847172529,131.28186245070447,128.28277553296553,131.26220703125,69458900,0.0,0.0,127.63573303222657,0
2023-01-12,131.64572074057682,132.0193688291939,129.24643878440378,131.18356323242188,71379600,0.0,0.0,129.28573760986328,0
2023-01-13,129.82653652186355,132.66830441383743,129.4627162913207,132.51097106933594,57809700,0.0,0.0,130.29658050537108,0
2023-01-17,132.5798345273993,134.99877137842552,131.89151977321038,133.6713104248047,63646600,0.0,0.0,131.4352600097656,0
2023-01-18,134.5366688937393,136.29678964484992,132.77653313848788,132.9535369873047,69672800,0.0,0.0,132.31631774902343,0
2023-01-19,131.84235433638028,133.9761376268957,131.53753029546903,133.0124969482422,58280400,0.0,0.0,132.66637573242187,0
2023-01-20,133.02231973826562,135.71659745917918,131.98001240951498,135.569091796875,80223600,0.0,0.0,133.5434814453125,0
2023-01-23,135.81494462926892,140.92817511679004,135.59861495460586,138.7550506591797,81760300,0.0,0.0,134.79229736328125,0
2023-01-24,137.9683697007518,140.77081216801105,137.95854199183503,140.1513214111328,66435100,0.0,0.0,136.0882995605469,0
2023-01-25,138.53867984910516,140.05297211797858,136.49339126221906,139.49249267578125,65799300,0.0,0.0,137.39609069824218,0
2023-01-26,140.78062529691158,141.8426029112318,139.53181620357194,141.5574493408203,54105100,0.0,0.0,139.1050811767578,0
2023-01-27,140.77080718806803,144.77287517943125,140.69214050710963,143.49456787109375,70555800,0.0,0.0,140.69017639160157,0
2023-01-30,142.54079133466578,143.12094131391822,140.46600420175812,140.61349487304688,64015300,0.0,0.0,141.061865234375,0
2023-01-31,140.31849689379183,141.93112656571586,139.90550801485074,141.8819580078125,65874500,0.0,0.0,141.40799255371093,0
2023-02-01,141.56731895311415,144.16325999959267,138.96155019582764,143.00294494628906,77663600,0.0,0.0,142.1100830078125,0
2023-02-02,146.41500811186492,148.65695608667727,145.69719525256042,148.302978515625,118339000,0.0,0.0,143.45918884277344,0
2023-02-03,145.55951636317744,154.7534795979514,145.36285717719954,151.92153930664062,154357300,0.0,0.0,145.14458312988282,0
2023-02-06,150.02377712562708,150.54493079230497,148.26364190831887,149.19778442382812,69858300,0.0,0.0,146.86144104003907,0
2023-02-07,148.12598902287087,152.63938353904294,148.12598902287087,152.06906127929688,83322600,0.0,0.0,148.89886169433595,0
2023-02-08,151.31190929849808,152.0002240332312,148.64712974900903,149.38461303710938,64120100,0.0,0.0,150.1751953125,0
2023-02-09,151.21356571138807,151.75438976697808,147.9096401221254,148.3521270751953,56007100,0.0,0.0,150.18502502441407,0
2023-02-10,147.19007494553122,149.04151212756338,146.95371454850684,148.71652221679688,57450700,0.23,0.0015465665587896765,149.5440216064453,1
2023-02-13,148.65744714640496,151.91717418893083,148.62790397291747,151.51341247558594,62199000,0.0,0.0,150.00714721679688,0
2023-02-14,149.80967642706798,151.4346261088162,148.568818055862,150.87327575683594,61707600,0.0,0.0,149.7679901123047,0
2023-02-15,150.7846469892343,153.13834833360136,150.55814431502776,152.97093200683594,65573800,0.0,0.0,150.48525390625,0
2023-02-16,151.17857477742453,153.9557534849536,151.02101618410566,151.37554931640625,68167900,0.0,0.0,151.08993835449218,0
2023-02-17,150.03619479649413,150.6763169294936,148.55897600306773,150.233154296875,59144100,0.0,0.0,151.3932647705078,0
2023-02-21,147.9188390818426,149.00213887625634,146.15603126407484,146.22496032714844,58867200,0.0,0.0,150.3355743408203,0
2023-02-22,146.60900607426132,147.67260518894304,144.92498541296462,146.64840698242188,51011300,0.0,0.0,149.4906005859375,0
2023-02-23,147.8105044744373,148.05670759936388,145.00379786650186,147.1309814453125,48394200,0.0,0.0,148.3226104736328,0
2023-02-24,144.8757151114499,144.95450188621834,143.50682683230983,144.48179626464844,55469600,0.0,0.0,146.94385986328126,0
2023-02-27,145.46664446890208,146.90446214048941,145.21058363066865,145.67344665527344,44998500,0.0,0.0,146.03191833496095,0
2023-02-28,144.81668575965537,146.81585399639758,144.60002580056587,145.1712188720703,50547000,0.0,0.0,145.8211700439453,0
2023-03-01,144.600022862706,144.99394185647634,142.80765687884437,143.1031036376953,55479000,0.0,0.0,145.112109375,0
2023-03-02,142.1872382713636,144.48185327566276,141.7145174362223,143.69400024414062,52238100,0.0,0.0,144.42471313476562,0
2023-03-03,145.79162671403117,148.81500811176437,145.09241829817535,148.73622131347656,70732300,0.0,0.0,145.27559814453124,0
2023-03-06,151.4542819528968,153.9261705239575,151.12930710707832,151.49368286132812,87558000,0.0,0.0,146.43964538574218,0
2023-03-07,151.36567408118486,151.69066400049135,148.83471383986452,149.29757690429688,56182000,0.0,0.0,147.2649169921875,0
2023-03-08,150.48919246419973,151.13917230662574,149.52408044265695,150.54827880859375,47204800,0.0,0.0,148.7539520263672,0
2023-03-09,151.22781194000862,152.19292402611515,147.94838436334126,148.30291748046875,53833600,0.0,0.0,149.6757354736328,0
2023-03-10,147.92868001277867,148.64758887079853,145.36816171354923,146.24464416503906,68572400,0.0,0.0,149.17742004394532,0
2023-03-13,145.56511831219402,150.81417020284252,145.4567883472071,148.18472290039062,84457100,0.0,0.0,148.5156280517578,0
2023-03-14,148.98243524821328,151.07023295988367,147.82036369988242,150.2725372314453,73695900,0.0,0.0,148.7106201171875,0
2023-03-15,148.89382292012243,150.92253451978002,147.6431066809658,150.66648864746094,77167900,0.0,0.0,148.73426208496093,0
2023-03-16,149.84907174243986,154.08376844517147,149.33696504123728,153.4830322265625,76161100,0.0,0.0,149.7702850341797,0
2023-03-17,153.70953434482817,154.35951419092353,151.93686886777078,152.64593505859375,98944600,0.0,0.0,151.05054321289063,0
2023-03-20,152.71486085947325,155.4230948668754,151.80882025865256,155.00946044921875,73641400,0.0,0.0,152.41549072265624,0
2023-03-21,154.93069227015488,156.9790888157361,154.1625247817563,156.8609161376953,73938300,0.0,0.0,153.73316650390626,0
2023-03-22,156.88062840402722,159.67749219321786,155.41325242402124,155.43295288085938,75701800,0.0,0.0,154.68645935058595,0
2023-03-23,156.41774787367245,159.09643867673987,155.28520465118157,156.51622009277344,67622100,0.0,0.0,155.29309692382813,0
2023-03-24,156.44731907052963,157.9048374069247,155.4526638252611,157.8162078857422,59196500,0.0,0.0,156.3271514892578,0
2023-03-27,157.5108907515981,158.3282868109909,155.4723219600322,155.8760986328125,52390300,0.0,0.0,156.50047912597657,0
2023-03-28,155.57080817581272,156.08291480553032,153.61102618902072,155.2556610107422,45992200,0.0,0.0,156.17942810058594,0
2023-03-29,156.94957673019417,158.60406968566105,156.929891297985,158.3283233642578,51305700,0.0,0.0,156.7585021972656,0
2023-03-30,159.07675364456477,160.00247975071784,158.82070781762587,159.89414978027344,49501700,0.0,0.0,157.43408813476563,0
2023-03-31,159.97289351467978,162.49401030046954,159.4509442595143,162.39552307128906,68749800,0.0,0.0,158.349951171875,0
2023-04-03,161.77514833228696,163.76445869825218,161.7259047034759,163.6462860107422,56976200,0.0,0.0,159.90398864746095,0
2023-04-04,164.06975594835677,164.30610131295074,162.60238002597387,163.11448669433594,46278300,0.0,0.0,161.4757537841797,0
2023-04-05,162.2379998945446,162.54328933366952,159.34264903941414,161.2728729248047,51511700,0.0,0.0,162.06466369628907,0
2023-04-06,159.96308282888376,162.45467221127325,159.53962067833683,162.1592254638672,45390100,0.0,0.0,162.5176788330078,0
2023-04-10,158.96841666370352,159.56915283203125,157.64877164706385,159.56915283203125,47716900,0.0,0.0,161.95240478515626,0
2023-04-11,159.88428065231392,159.89412336543904,158.0722146254148,158.35781860351562,47644200,0.0,0.0,160.89471130371095,0
2023-04-12,158.77145737665472,159.59869619161648,157.35332510698044,157.66847229003906,50133100,0.0,0.0,159.80550842285157,0
2023-04-13,159.17522685740187,163.28189260314673,158.96840964951016,163.0455322265625,68445600,0.0,0.0,160.16004028320313,0
2023-04-14,162.09028798128088,163.79402444901268,161.3319931654023,162.7008819580078,49386500,0.0,0.0,160.26837158203125,0
2023-04-17,162.58269264644778,162.87813940299813,161.53879379674336,162.72056579589844,41516200,0.0,0.0,160.89865417480468,0
2023-04-18,163.57736611842117,164.86746811951792,163.13418846133288,163.94174194335938,49923000,0.0,0.0,162.01543884277345,0
2023-04-19,163.28189796071484,165.60605581206516,163.0258371209191,165.0841064453125,47720200,0.0,0.0,163.49856567382812,0
2023-04-20,163.56749547193866,165.32046042282218,163.04554607797024,164.11898803710938,52456400,0.0,0.0,163.7132568359375,0
2023-04-21,162.54330660065614,163.92203809382642,161.99181400338804,162.51376342773438,58337300,0.0,0.0,163.67583312988282,0
2023-04-24,162.49405610505224,163.0849495926161,161.40091367199096,162.8190460205078,41949600,0.0,0.0,163.69552917480468,0
2023-04-25,162.68117729099055,163.78416246885476,161.24334444666383,161.28274536132812,48714100,0.0,0.0,163.16372985839843,0
2023-04-26,160.58350725145092,162.76979197769046,160.32746143764658,161.2728729248047,45498800,0.0,0.0,162.40148315429687,0
2023-04-27,162.6811372537476,165.9999497127407,162.6811372537476,165.85223388671875,64902300,0.0,0.0,162.74813232421874,0
2023-04-28,165.9310218332577,167.27036709773776,165.33028575815172,167.10293579101562,55275900,0.0,0.0,163.665966796875,0
2023-05-01,166.70906903109534,167.86129792357815,166.07878959348815,167.0143585205078,52472900,0.0,0.0,164.505029296875,0
2023-05-02,167.5067633643402,167.76282424517206,164.99548835131355,165.9803009033203,48425700,0.0,0.0,165.44454040527344,0
2023-05-03,166.925713661642,168.32414556576836,164.6212560883793,164.90684509277344,65136000,0.0,0.0,166.17133483886718,0
2023-05-04,162.38570858289833,164.50304913491388,161.8145156138655,163.27203369140625,81235400,0.0,0.0,165.6552947998047,0
2023-05-05,168.38322333782398,171.65280778469676,168.1665634032941,170.93389892578125,113453200,0.0,0.0,166.4214874267578,0
2023-05-08,169.86044681233003,171.20965008439242,169.49607101524845,170.86495971679688,55962800,0.0,0.0,167.1916076660156,0
2023-05-09,170.4218291094066,170.90437768216194,168.99385379727335,169.16127014160156,45326900,0.0,0.0,167.8278015136719,0
2023-05-10,170.39228007410486,171.38693538928501,169.289279744913,170.924072265625,53724500,0.0,0.0,169.0312469482422,0
2023-05-11,171.20964753246403,171.93839911576495,169.5551548305296,171.1111602783203,49514700,0.0,0.0,170.599072265625,0
2023-05-12,171.21962961924467,171.653548851867,168.6358569767775,170.1841583251953,45533100,0.24,0.0014102370183092924,170.44912414550782,1
2023-05-15,170.76601261404946,170.815324358024,169.09937498339835,169.6910858154297,37266700,0.0,0.0,170.21434936523437,0
2023-05-16,169.61219003463674,170.74628490689332,169.42481443623242,169.6910858154297,42110300,0.0,0.0,170.3203125,0
2023-05-17,169.3360433616003,170.53916250241704,168.06386972955488,170.302490234375,57951600,0.0,0.0,170.19599609375,0
2023-05-18,170.60820660461047,172.81724313624747,170.19401507639674,172.62986755371094,65496700,0.0,0.0,170.49973754882814,0
2023-05-19,173.95134816577144,173.95134816577144,172.5213979143073,172.7383575439453,55809500,0.0,0.0,171.0105773925781,0
2023-05-22,171.57463586444004,172.2945540862593,171.05196458153654,171.79159545898438,43570900,0.0,0.0,171.43067932128906,0
2023-05-23,170.73639628329747,170.98293990870613,168.91196743614205,169.18809509277344,50747300,0.0,0.0,171.3300811767578,0
2023-05-24,168.724632860117,170.03624707165045,168.16252108250686,169.46426391601562,45143500,0.0,0.0,171.16243591308594,0
2023-05-25,170.02637505144457,171.49576564962197,169.31632809947834,170.59835815429688,56058300,0.0,0.0,170.75613403320312,0
2023-05-26,170.92377905521317,173.3399036765556,170.7166757800904,173.0045928955078,54835000,0.0,0.0,170.80938110351562,0
2023-05-30,174.51344390978926,176.5153769153671,174.12883646161984,174.84873962402344,55964400,0.0,0.0,171.42080993652343,0
2023-05-31,174.87834951174753,176.87042648421155,174.3162227478627,174.79945373535156,99625300,0.0,0.0,172.54308166503907,0
2023-06-01,175.24324745233199,177.6297885060057,174.4838886927619,177.60020446777344,68901800,0.0,0.0,174.17026977539064,0
2023-06-02,178.52719900186148,179.26683000310032,176.7816656255451,178.44830322265625,61996900,0.0,0.0,175.7402587890625,0
2023-06-05,180.10507993454968,182.3929972823034,175.57852688511534,177.0972442626953,121946500,0.0,0.0,176.5587890625,0
2023-06-06,177.4818174892389,177.6297376380402,174.97692595213158,176.73233032226562,64848400,0.0,0.0,176.93550720214844,0
2023-06-07,175.97299569419778,178.70470351330488,174.8684849721747,175.361572265625,61944600,0.0,0.0,177.0479309082031,0
2023-06-08,175.44046308150416,178.33981894141047,175.0065588784877,178.0735626220703,50214900,0.0,0.0,177.1426025390625,0
2023-06-09,178.99068805786467,179.71059129506313,178.13272098000036,178.45816040039062,48900000,0.0,0.0,177.1445739746094,0
2023-06-12,178.7638742754878,181.34764691680866,178.468018885392,181.2490234375,54274900,0.0,0.0,177.9749298095703,0
2023-06-13,180.27269121683804,181.6040176863898,179.917667815392,180.775634765625,54929100,0.0,0.0,178.7835906982422,0
2023-06-14,180.8348467124019,181.84074910193183,179.50351991974284,181.40682983398438,57462900,0.0,0.0,179.99264221191407,0
2023-06-15,181.4166932611595,183.94129793003785,181.23917400121888,183.43833923339844,65433200,0.0,0.0,181.0655975341797,0
2023-06-16,184.14840773628853,184.40482280312972,181.72242626645283,182.36343383789062,101256200,0.0,0.0,181.84665222167968,0
2023-06-20,181.86046794433722,183.52710548415504,181.86046794433722,182.45216369628906,49799100,0.0,0.0,182.0872802734375,0
2023-06-21,182.34369383727915,182.84665255889604,180.06563271508736,181.4167022705078,49515700,0.0,0.0,182.21549377441406,0
2023-06-22,181.19973368511316,184.46396933431626,181.13069423738702,184.41465759277344,51245300,0.0,0.0,182.8170593261719,0
2023-06-23,182.98469303577104,184.96689848868263,182.45215034536935,184.09906005859375,53117000,0.0,0.0,182.94920349121094,0
2023-06-26,184.24700235631448,185.4501365723536,182.6691169769034,182.7085723876953,48088700,0.0,0.0,183.0182312011719,0
2023-06-27,183.32000947784528,185.78544616190248,183.10304984582174,185.4600067138672,50730800,0.0,0.0,183.6197998046875,0
2023-06-28,185.33177206150037,187.27453708797546,185.0063477089331,186.63352966308594,51216800,0.0,0.0,184.6631652832031,0
2023-06-29,186.46592835204146,187.44224679697888,186.32786448538866,186.9688720703125,46347300,0.0,0.0,185.17400817871095,0
2023-06-30,188.98065447297634,191.79124321876165,188.61575961709715,191.28829956054688,85213200,0.0,0.0,186.61185607910156,0
2023-07-03,191.10090642215079,191.19952989799955,189.10882958307744,189.79916381835938,31458200,0.0,0.0,188.02997436523438,0
2023-07-05,188.92148652956726,190.31198136153697,187.98460856583768,188.68479919433594,46920300,0.0,0.0,188.67493286132813,0
2023-07-06,187.2153769807983,189.36524537083605,186.5842258571581,189.15814208984375,45094300,0.0,0.0,189.1798553466797,0
2023-07-07,188.7636804868427,190.0062550438309,187.60985803081866,188.04376220703125,46815000,0.0,0.0,189.39483337402345,0
2023-07-10,186.6434184249519,187.36333679085425,184.45410938571575,186.00241088867188,59922200,0.0,0.0,188.33765563964843,0
2023-07-11,186.5447914459214,186.68285528837708,184.02018687082855,185.47972106933594,46638100,0.0,0.0,187.47376708984376,0
2023-07-12,187.05761040387253,189.04968751691854,185.86434744027207,187.14637756347656,60750200,0.0,0.0,187.16608276367188,0
2023-07-13,187.86624506525828,188.5467078881079,187.15619821079162,187.9056854248047,41342300,0.0,0.0,186.91559143066405,0
2023-07-14,187.6000029338883,188.53686585918993,187.00830716161786,188.05364990234375,41616200,0.0,0.0,186.91756896972657,0
2023-07-17,189.24689758888442,191.63345333608896,189.15814548736353,191.30801391601562,50520200,0.0,0.0,187.97868957519532,0
2023-07-18,190.6768538720752,191.64330071063998,189.75970372238763,191.0515899658203,48288200,0.0,0.0,189.0930633544922,0
2023-07-19,190.4303301514657,195.48939585264796,189.9865395225249,192.40267944335938,80507300,0.0,0.0,190.14432373046876,0
2023-07-20,192.39280905028917,193.7537348839622,189.8386203157028,190.4599151611328,59581200,0.0,0.0,190.65516967773436,0
2023-07-21,191.41650251566858,192.2744696321092,188.5861710830146,189.28636169433594,71951700,0.0,0.0,190.9017120361328,0
2023-07-24,190.73603816687742,192.21530010696893,189.59207198839397,190.0851593017578,45377800,0.0,0.0,190.65714111328126,0
2023-07-25,190.65714646634552,191.75180092732498,190.25281124926505,190.94313049316406,37283200,0.0,0.0,190.63544921875,0
2023-07-26,190.9924473358141,192.93521264770516,190.64729522856234,191.81097412109375,47471900,0.0,0.0,190.51710815429686,0
2023-07-27,193.30993672945922,194.47361545879667,189.88790988625553,190.54864501953125,47460200,0.0,0.0,190.53485412597655,0
2023-07-28,191.9785925358936,193.91150122150714,191.45592124266818,193.12255859375,48291400,0.0,0.0,191.30209350585938,0
2023-07-31,193.34938604539337,193.77344894031904,192.56044337061044,193.73399353027344,38824100,0.0,0.0,192.0318603515625,0
2023-08-01,193.52691923606866,194.01013518521242,192.5801849485631,192.90562438964844,35175100,0.0,0.0,192.4243591308594,0
2023-08-02,192.3434921357412,192.48155598125388,189.19760772385698,189.91751098632812,50389300,0.0,0.0,192.04566650390626,0
2023-08-03,188.92148694956984,189.71041463976601,188.0536484329567,188.52700805664062,61235200,0.0,0.0,191.64133911132814,0
2023-08-04,182.95510234495143,184.78938756590674,179.4048680308995,179.47390747070312,115956800,0.0,0.0,188.91160888671874,0
2023-08-07,179.6119861039443,180.59816071157974,174.89807268327345,176.37733459472656,97576100,0.0,0.0,185.44027709960938,0
2023-08-08,177.20572916857282,177.77771228390873,175.12490000933562,177.314208984375,67823000,0.0,0.0,182.32199401855468,0
2023-08-09,178.36941190145535,178.42857997538025,174.5627769846933,175.72647094726562,60378500,0.0,0.0,179.4837860107422,0
2023-08-10,176.99860916334498,178.25105509162734,175.14461118800062,175.50949096679688,54686900,0.0,0.0,176.88028259277343,0
2023-08-11,175.10461152163393,176.38835756307438,174.34422750725284,175.5687255859375,52036700,0.24,0.0013669860574486237,176.0992462158203,1
2023-08-14,175.746475363334,177.44498719165242,175.09471767076215,177.21786499023438,43675600,0.0,0.0,176.26735229492186,0
2023-08-15,176.64514364841483,177.23763842738072,174.8380051896738,175.23300170898438,43622600,0.0,0.0,175.85111083984376,0
2023-08-16,174.9169842350172,176.30935657463468,174.29485048513217,174.36398315429688,46964900,0.0,0.0,175.57861328125,0
2023-08-17,174.9268647491592,175.29223725703497,171.31258808782235,171.8260955810547,66062900,0.0,0.0,174.84193420410156,0
2023-08-18,170.14735612669347,172.9123770667114,169.8116075662743,172.30999755859375,61172200,0.0,0.0,174.1901885986328,0
2023-08-21,172.88272795365145,173.92948217703207,171.56934282132403,173.64309692382812,46311900,0.0,0.0,173.47523498535156,0
2023-08-22,174.8478727981476,175.46012191641384,174.04799506153495,175.0157470703125,42038900,0.0,0.0,173.4317840576172,0
2023-08-23,176.28963972003098,179.2817827873095,176.10201110060572,178.85714721679688,52722800,0.0,0.0,174.33041687011718,0
2023-08-24,178.41275636104422,178.83739189345877,173.81097351698816,174.17636108398438,54945800,0.0,0.0,174.80046997070312,0
2023-08-25,175.16386577811136,176.91174101480664,173.62335841851225,176.3784942626953,51449600,0.0,0.0,175.61416931152343,0
2023-08-28,177.83999456976295,178.33374768816518,176.31924159506977,177.93875122070312,43820700,0.0,0.0,176.47330017089843,0
2023-08-29,177.45489519701718,182.5899254092932,177.25739693272806,181.81967163085938,53003900,0.0,0.0,177.8340850830078,0
2023-08-30,182.62943856671393,185.5030858470339,182.43194029759772,185.30557250976562,60813900,0.0,0.0,179.12377014160157,0
2023-08-31,185.49317264844964,186.75717945843076,185.1376697913831,185.52279663085938,60794500,0.0,0.0,181.39305725097657,0
2023-09-01,187.12258052751662,187.54720101813678,185.92769123419916,187.09295654296875,45766500,0.0,0.0,183.53594970703125,0
2023-09-05,185.92771395695013,187.60647191514923,185.26608644093676,187.32997131347656,45280000,0.0,0.0,185.41419372558593,0
2023-09-06,186.04618648324464,186.4905763861184,179.20277485131902,180.62478637695312,81755800,0.0,0.0,185.1752166748047,0
2023-09-07,172.99134398653018,175.98350189646143,171.37183427986267,175.34161376953125,112488800,0.0,0.0,183.18242492675782,0
2023-09-08,176.12176201867752,177.98814840122637,175.56874581023814,175.95387268066406,65551300,0.0,0.0,181.26864013671874,0
2023-09-11,177.82030740617023,178.04742968811397,175.12440374056408,177.11917114257812,58953100,0.0,0.0,179.2738830566406,0
2023-09-12,177.24749835360407,177.87950173703112,172.6358460753217,174.09735107421875,90370200,0.0,0.0,176.62735900878906,0
2023-09-13,174.30474566083996,175.0848841389881,171.80635572558617,172.0334930419922,84267900,0.0,0.0,174.9091003417969,0
2023-09-14,171.82612118103754,173.89989073979382,171.41137028291678,173.5443878173828,60895800,0.0,0.0,174.54965515136718,0
2023-09-15,174.2750911398521,174.29484548306786,171.64833608181547,172.82345581054688,109259500,0.0,0.0,173.92357177734374,0
2023-09-18,174.27511585610648,177.13889330258442,173.96899129951683,175.7465057373047,67257600,0.0,0.0,173.64903869628907,0
2023-09-19,175.30211073798526,177.38574949277796,174.91698390976052,176.83274841308594,51826900,0.0,0.0,174.1961181640625,0
2023-09-20,177.02035765272817,177.45486279571944,173.20858308214417,173.29747009277344,58436200,0.0,0.0,174.44891357421875,0
2023-09-21,172.36922214048295,174.0973581099587,171.6878404044714,171.7569580078125,63149100,0.0,0.0,174.0914276123047,0
2023-09-22,172.48773574692532,174.8676297137013,171.87548661966315,172.60623168945312,56725400,0.0,0.0,174.04798278808593,0
2023-09-25,172.02356483056997,174.7589610297227,171.97418651044094,173.8800811767578,46172700,0.0,0.0,173.67469787597656,0
2023-09-26,172.63586851438868,173.01111068359924,169.51534481079926,169.8115997314453,64588900,0.0,0.0,172.27046813964844,0
2023-09-27,170.46333088230946,170.87808171574733,166.93794126401278,168.30068969726562,66921800,0.0,0.0,171.27111206054687,0
2023-09-28,167.22430983558627,169.88070413963854,165.52579782856736,168.5574493408203,56294400,0.0,0.0,170.63121032714844,0
2023-09-29,169.8708616906263,170.9077464641982,168.21184303928078,169.07098388671875,51861100,0.0,0.0,169.92416076660157,0
2023-10-02,169.0808338409062,172.12235512412923,168.79444856905252,171.5792236328125,52164500,0.0,0.0,169.4639892578125,0
2023-10-03,170.1078282132375,171.46072207785286,168.6858318118607,170.24607849121094,49594600,0.0,0.0,169.55088500976564,0
2023-10-04,168.95244285882518,172.03347264460572,168.83394692911625,171.49034118652344,53020300,0.0,0.0,170.18881530761718,0
2023-10-05,171.61869897615148,173.25796291419545,170.5225664715738,172.72471618652344,48527900,0.0,0.0,171.02226867675782,0
2023-10-06,171.6286058875163,175.76625988669193,171.0163417068709,175.2725067138672,57266700,0.0,0.0,172.2625732421875,0
2023-10-09,174.60098214625398,176.81300162773064,173.60360623261292,176.75375366210938,42390800,0.0,0.0,173.29747924804687,0
2023-10-10,175.8748846750232,177.47464011941017,175.72674968355904,176.1612548828125,43698000,0.0,0.0,174.4805145263672,0
2023-10-11,175.9736336691769,177.60302823490863,175.38113888285298,177.55364990234375,47551100,0.0,0.0,175.69317626953125,0
2023-10-12,177.82026707710477,180.06189553412176,176.80312172309905,178.4522705078125,56743100,0.0,0.0,176.83868713378905,0
2023-10-13,179.15340788479125,179.65703072033497,175.91438812346496,176.6155242919922,51427100,0.0,0.0,177.10729064941407,0
2023-10-16,174.54174811745375,176.84263973108403,174.3047411678942,176.4871368408203,52517000,0.0,0.0,177.05396728515626,0
2023-10-17,174.44299912050275,176.19088966345473,172.61612132571108,174.93675231933594,57549400,0.0,0.0,176.80906677246094,0
2023-10-18,173.38635072108465,175.36136323860268,172.92222157401596,173.64309692382812,54764400,0.0,0.0,176.0269561767578,0
2023-10-19,173.84060845589931,175.61812287122567,173.00123711265553,173.2678680419922,59302900,0.0,0.0,174.99007568359374,0
2023-10-20,173.1197103596996,173.22833664495803,170.4830706009531,170.72007751464844,64244000,0.0,0.0,173.810986328125,0
2023-10-23,168.77467779799048,171.83593778736955,167.80691093290386,170.83856201171875,55980100,0.0,0.0,172.6812713623047,0
2023-10-24,170.88799016172553,171.50023932449824,169.30797385167378,171.2731170654297,43816600,0.0,0.0,171.94854431152345,0
2023-10-25,169.73256439395493,170.8978144354766,168.5179209624252,168.96231079101562,57157000,0.0,0.0,171.01238708496095,0
2023-10-26,168.24146504420852,169.23885617849143,163.6001878537521,164.80494689941406,70625300,0.0,0.0,169.3198028564453,0
2023-10-27,164.82468576422622,166.8490767618186,164.7456834493569,166.11831665039062,58499100,0.0,0.0,168.39945068359376,0
2023-10-30,166.90832288755587,169.03145545417337,166.7601878982554,168.16244506835938,51131000,0.0,0.0,167.86422729492188,0
2023-10-31,167.23420217717043,168.76482492650203,165.80230595130433,168.63645935058594,44846000,0.0,0.0,167.33689575195314,0
2023-11-01,168.86358325166134,172.05322449399938,167.99457285522465,171.79647827148438,56934900,0.0,0.0,167.9037292480469,0
2023-11-02,173.32711052996643,175.5588693503195,173.26786256268767,175.35150146484375,77334800,0.0,0.0,170.0130401611328,0
2023-11-03,172.06306912689155,174.61083668548292,171.18418929633518,174.4429473876953,79829200,0.0,0.0,171.67796630859374,0
2023-11-06,174.17636920813592,177.18825142381783,174.00849494223715,176.99075317382812,63841300,0.0,0.0,173.4436279296875,0
2023-11-07,176.94138484513783,180.1606652677133,176.7340169447808,179.5484161376953,70530000,0.0,0.0,175.6260192871094,0
2023-11-08,180.07177947416378,181.15802736111343,179.32126504404005,180.6050262451172,49340300,0.0,0.0,177.38772888183593,0
2023-11-09,180.67417400336535,181.81966995293175,179.53853262491765,180.13104248046875,53763500,0.0,0.0,178.34363708496093,0
2023-11-10,181.9108804268445,184.48178544542026,181.475802800193,184.3136749267578,66133400,0.24,0.0013021280167918668,180.31778259277343,1
2023-11-13,183.74018560328048,183.94782669363863,182.1482051958573,182.73159790039062,43627500,0.0,0.0,181.46595153808593,0
2023-11-14,185.59912547957174,186.00454008995078,184.21480130754796,185.342041015625,60108400,0.0,0.0,182.6246765136719,0
2023-11-15,185.7474572062222,187.3789832148446,185.67823345303117,185.90565490722656,53790500,0.0,0.0,183.68480224609374,0
2023-11-16,187.44819173837502,188.8226331691939,186.53847581950137,187.5866241455078,54412900,0.0,0.0,185.17591857910156,0
2023-11-17,188.12059370194675,188.24914348244,186.4594046371221,187.56686401367188,50922700,0.0,0.0,185.82655639648436,0
2023-11-20,187.76462241033667,189.7620174322178,187.75473976876387,189.30715942382812,46505100,0.0,0.0,187.14166870117188,0
2023-11-21,189.26762676216626,189.37639617894334,187.61632022600733,188.50624084472656,38134500,0.0,0.0,187.77450866699218,0
2023-11-22,189.3467401313375,190.77061015607987,188.69412360666138,189.1687469482422,39617700,0.0,0.0,188.4271270751953,0
2023-11-24,188.7336553269539,188.76331834061182,187.13179223741543,187.84373474121094,24048300,0.0,0.0,188.47854919433593,0
2023-11-27,187.79426021241986,188.5358656068872,186.7856726513042,187.66571044921875,40552600,0.0,0.0,188.49831848144532,0
2023-11-28,187.65584993609482,188.9413024556769,187.2800983304318,188.26890563964844,38415400,0.0,0.0,188.29066772460936,0
2023-11-29,188.7633011569372,189.9399842182602,186.85491037465812,187.25042724609375,43014200,0.0,0.0,188.0395050048828,0
2023-11-30,187.71515943504943,188.18979776505014,186.08363355367433,187.8239288330078,48794400,0.0,0.0,187.77054138183593,0
2023-12-01,188.1996843513192,189.4159130354433,187.11199034893104,189.09950256347656,45704800,0.0,0.0,188.02169494628907,0
2023-12-04,187.85360043262926,187.92282418358675,185.35191925319242,187.30975341796875,43389500,0.0,0.0,187.95050354003905,0
2023-12-05,188.08104861869373,192.22413865175915,188.05137051787239,191.25511169433594,66628400,0.0,0.0,188.54774475097656,0
2023-12-06,192.27356863697858,192.58009647341478,189.95976327032974,190.16741943359375,41089700,0.0,0.0,189.13114318847656,0
2023-12-07,191.46276025185608,192.81742141001197,191.42319951100376,192.09559631347656,47477700,0.0,0.0,189.9854766845703,0
2023-12-08,192.02637677770835,193.79635031367135,191.50231010992096,193.5194854736328,53406400,0.0,0.0,190.86947326660157,0
2023-12-11,190.94856782781682,191.32431940935732,189.2774811684409,191.0177764892578,60943700,0.0,0.0,191.61107788085937,0
2023-12-12,190.91889435682484,192.54053754746204,189.5741159727842,192.53065490722656,52696900,0.0,0.0,191.8661865234375,0
2023-12-13,192.90640609677627,195.7838388648497,192.66910200901862,195.74429321289062,70404200,0.0,0.0,192.98156127929687,0
2023-12-14,195.80365011321348,197.38573293709894,193.96446770304377,195.89263916015625,66831600,0.0,0.0,193.7409698486328,0
2023-12-15,195.31908184148628,196.1793392633754,194.79501524102506,195.358642578125,128538400,0.0,0.0,194.10880126953126,0
2023-12-18,193.89520715993984,194.42917151631295,192.214237877434,193.69744873046875,55751900,0.0,0.0,194.64473571777344,0
2023-12-19,193.96443406555753,194.74558515548247,193.69745188302565,194.73570251464844,40714100,0.0,0.0,195.08574523925782,0
2023-12-20,194.69616113684165,195.46742966263125,192.6493377685547,192.6493377685547,52242800,0.0,0.0,194.4667541503906,0
2023-12-21,193.90511142023345,194.87413831888384,191.33420648650613,192.50099182128906,46482500,0.0,0.0,193.78842468261718,0
2023-12-22,192.9954077755279,193.2228443252002,190.81015202156473,191.43310546875,37149600,0.0,0.0,193.0033172607422,0
2023-12-26,191.44298138124012,191.719846217368,190.6717128965979,190.88925170898438,28919300,0.0,0.0,192.44167785644532,0
2023-12-27,190.33551208827305,191.3342019743918,188.9511728919884,190.9881134033203,48087700,0.0,0.0,191.6921600341797,0
2023-12-28,191.96704448132198,192.48122849088116,191.00790021395272,191.41331481933594,34049900,0.0,0.0,191.44495544433593,0
2023-12-29,191.7297067892047,192.22411038080966,189.5839970121992,190.3750457763672,42672100,0.0,0.0,191.01976623535157,0
